gene_symbol,logfc_dz:434,mean_logfc,median_logfc,common_experiment,organism
HBG2,0.1207854151725769,0.1207854151725769,0.1207854151725769,0.1207854151725769,human
HLA-B,0.10131344199180603,0.10131344199180603,0.10131344199180603,0.10131344199180603,human
TIMP1,0.0814305767416954,0.0814305767416954,0.0814305767416954,0.0814305767416954,human
HLA-A,0.0777897834777832,0.0777897834777832,0.0777897834777832,0.0777897834777832,human
CTSA,0.07272053509950638,0.07272053509950638,0.07272053509950638,0.07272053509950638,human
ARPC1B,0.06599215418100357,0.06599215418100357,0.06599215418100357,0.06599215418100357,human
MYL9,0.0658939853310585,0.0658939853310585,0.0658939853310585,0.0658939853310585,human
IFITM3,0.06067918241024017,0.06067918241024017,0.06067918241024017,0.06067918241024017,human
HLA-C,0.053350914269685745,0.053350914269685745,0.053350914269685745,0.053350914269685745,human
OAZ1,0.04642440751194954,0.04642440751194954,0.04642440751194954,0.04642440751194954,human
FLNA,0.04265114292502403,0.04265114292502403,0.04265114292502403,0.04265114292502403,human
IFITM2,0.042363449931144714,0.042363449931144714,0.042363449931144714,0.042363449931144714,human
CYB5R3,0.04221779853105545,0.04221779853105545,0.04221779853105545,0.04221779853105545,human
ALDOA,0.03955564647912979,0.03955564647912979,0.03955564647912979,0.03955564647912979,human
ACTG1,0.035913556814193726,0.035913556814193726,0.035913556814193726,0.035913556814193726,human
DAP,0.035896770656108856,0.035896770656108856,0.035896770656108856,0.035896770656108856,human
PDZK1IP1,0.034585949033498764,0.034585949033498764,0.034585949033498764,0.034585949033498764,human
PSAP,0.0325811542570591,0.0325811542570591,0.0325811542570591,0.0325811542570591,human
HLA-J,0.03014211170375347,0.03014211170375347,0.03014211170375347,0.03014211170375347,human
GPX1,0.030040057376027107,0.030040057376027107,0.030040057376027107,0.030040057376027107,human
GAPDH,0.029769964516162872,0.029769964516162872,0.029769964516162872,0.029769964516162872,human
FTH1,0.02966538816690445,0.02966538816690445,0.02966538816690445,0.02966538816690445,human
PRKAR2B,0.029201246798038483,0.029201246798038483,0.029201246798038483,0.029201246798038483,human
GPX4,0.02841191180050373,0.02841191180050373,0.02841191180050373,0.02841191180050373,human
HLA-G,0.026646362617611885,0.026646362617611885,0.026646362617611885,0.026646362617611885,human
TUBA1B,0.026567593216896057,0.026567593216896057,0.026567593216896057,0.026567593216896057,human
PTGS1,0.02619803696870804,0.02619803696870804,0.02619803696870804,0.02619803696870804,human
ILK,0.02618342638015747,0.02618342638015747,0.02618342638015747,0.02618342638015747,human
UCP2,0.02611297369003296,0.02611297369003296,0.02611297369003296,0.02611297369003296,human
SSR4,0.02588740549981594,0.02588740549981594,0.02588740549981594,0.02588740549981594,human
NCK2,0.025375960394740105,0.025375960394740105,0.025375960394740105,0.025375960394740105,human
ZNF185,0.024737779051065445,0.024737779051065445,0.024737779051065445,0.024737779051065445,human
PKM,0.02457808144390583,0.02457808144390583,0.02457808144390583,0.02457808144390583,human
MFSD1,0.024419257417321205,0.024419257417321205,0.024419257417321205,0.024419257417321205,human
MARCH2,0.023817867040634155,0.023817867040634155,0.023817867040634155,0.023817867040634155,human
HLA-E,0.023623047396540642,0.023623047396540642,0.023623047396540642,0.023623047396540642,human
TALDO1,0.023261038586497307,0.023261038586497307,0.023261038586497307,0.023261038586497307,human
CCND3,0.022924821823835373,0.022924821823835373,0.022924821823835373,0.022924821823835373,human
NAP1L1,0.022902928292751312,0.022902928292751312,0.022902928292751312,0.022902928292751312,human
COTL1,0.02237800881266594,0.02237800881266594,0.02237800881266594,0.02237800881266594,human
SELP,0.021031349897384644,0.021031349897384644,0.021031349897384644,0.021031349897384644,human
GSTO1,0.020335324108600616,0.020335324108600616,0.020335324108600616,0.020335324108600616,human
RUFY1,0.02010912261903286,0.02010912261903286,0.02010912261903286,0.02010912261903286,human
RHOA,0.01964888907968998,0.01964888907968998,0.01964888907968998,0.01964888907968998,human
CAP1,0.019505977630615234,0.019505977630615234,0.019505977630615234,0.019505977630615234,human
AGPAT1,0.019496457651257515,0.019496457651257515,0.019496457651257515,0.019496457651257515,human
CCNG1,0.019488941878080368,0.019488941878080368,0.019488941878080368,0.019488941878080368,human
GMPR,0.01895974576473236,0.01895974576473236,0.01895974576473236,0.01895974576473236,human
FXYD5,0.017586616799235344,0.017586616799235344,0.017586616799235344,0.017586616799235344,human
F13A1,0.017503853887319565,0.017503853887319565,0.017503853887319565,0.017503853887319565,human
MPP1,0.017066597938537598,0.017066597938537598,0.017066597938537598,0.017066597938537598,human
CAPNS1,0.016865478828549385,0.016865478828549385,0.016865478828549385,0.016865478828549385,human
PARK7,0.01666014827787876,0.01666014827787876,0.01666014827787876,0.01666014827787876,human
SRGN,0.016186919063329697,0.016186919063329697,0.016186919063329697,0.016186919063329697,human
RAB1B,0.016181400045752525,0.016181400045752525,0.016181400045752525,0.016181400045752525,human
TAX1BP3,0.015902355313301086,0.015902355313301086,0.015902355313301086,0.015902355313301086,human
TUBA1C,0.015563713386654854,0.015563713386654854,0.015563713386654854,0.015563713386654854,human
BIN2,0.015559786930680275,0.015559786930680275,0.015559786930680275,0.015559786930680275,human
XK,0.01494603231549263,0.01494603231549263,0.01494603231549263,0.01494603231549263,human
UQCR11,0.014896456152200699,0.014896456152200699,0.014896456152200699,0.014896456152200699,human
MYH9,0.014838576316833496,0.014838576316833496,0.014838576316833496,0.014838576316833496,human
SAT1,0.014519852586090565,0.014519852586090565,0.014519852586090565,0.014519852586090565,human
NDUFAF3,0.014265554957091808,0.014265554957091808,0.014265554957091808,0.014265554957091808,human
P2RX1,0.01407673954963684,0.01407673954963684,0.01407673954963684,0.01407673954963684,human
BCAP31,0.013990920968353748,0.013990920968353748,0.013990920968353748,0.013990920968353748,human
RPL10,0.013916782103478909,0.013916782103478909,0.013916782103478909,0.013916782103478909,human
ICAM2,0.013701214455068111,0.013701214455068111,0.013701214455068111,0.013701214455068111,human
YWHAH,0.01369023509323597,0.01369023509323597,0.01369023509323597,0.01369023509323597,human
TSC22D1,0.013640224002301693,0.013640224002301693,0.013640224002301693,0.013640224002301693,human
TPST2,0.013637516647577286,0.013637516647577286,0.013637516647577286,0.013637516647577286,human
PTTG1IP,0.013514408841729164,0.013514408841729164,0.013514408841729164,0.013514408841729164,human
ETFA,0.013500618748366833,0.013500618748366833,0.013500618748366833,0.013500618748366833,human
SNURF,0.0133737251162529,0.0133737251162529,0.0133737251162529,0.0133737251162529,human
YBX1,0.013258988037705421,0.013258988037705421,0.013258988037705421,0.013258988037705421,human
FAXDC2,0.012929410673677921,0.012929410673677921,0.012929410673677921,0.012929410673677921,human
EHD3,0.012642956338822842,0.012642956338822842,0.012642956338822842,0.012642956338822842,human
CLU,0.012520135380327702,0.012520135380327702,0.012520135380327702,0.012520135380327702,human
POLR2G,0.012474608607590199,0.012474608607590199,0.012474608607590199,0.012474608607590199,human
PFN1,0.012464110739529133,0.012464110739529133,0.012464110739529133,0.012464110739529133,human
ISCU,0.012403711676597595,0.012403711676597595,0.012403711676597595,0.012403711676597595,human
GPI,0.01216717530041933,0.01216717530041933,0.01216717530041933,0.01216717530041933,human
TMEM164,0.011869316920638084,0.011869316920638084,0.011869316920638084,0.011869316920638084,human
HBD,0.01186570804566145,0.01186570804566145,0.01186570804566145,0.01186570804566145,human
CYB5R1,0.011841248720884323,0.011841248720884323,0.011841248720884323,0.011841248720884323,human
ODC1,0.011798466555774212,0.011798466555774212,0.011798466555774212,0.011798466555774212,human
CREG1,0.011742115020751953,0.011742115020751953,0.011742115020751953,0.011742115020751953,human
HPSE,0.01166490837931633,0.01166490837931633,0.01166490837931633,0.01166490837931633,human
AP2M1,0.011430679820477962,0.011430679820477962,0.011430679820477962,0.011430679820477962,human
CRYM,0.011349664069712162,0.011349664069712162,0.011349664069712162,0.011349664069712162,human
HMHA1,0.011066999286413193,0.011066999286413193,0.011066999286413193,0.011066999286413193,human
RAB8A,0.010854861699044704,0.010854861699044704,0.010854861699044704,0.010854861699044704,human
ABHD17A,0.010807623155415058,0.010807623155415058,0.010807623155415058,0.010807623155415058,human
ATP6V0C,0.010798588395118713,0.010798588395118713,0.010798588395118713,0.010798588395118713,human
PROS1,0.010725065134465694,0.010725065134465694,0.010725065134465694,0.010725065134465694,human
ARHGDIB,0.01071662176400423,0.01071662176400423,0.01071662176400423,0.01071662176400423,human
TAGLN2,0.01051198597997427,0.01051198597997427,0.01051198597997427,0.01051198597997427,human
CST3,0.010404212400317192,0.010404212400317192,0.010404212400317192,0.010404212400317192,human
ITGA2B,0.010347530245780945,0.010347530245780945,0.010347530245780945,0.010347530245780945,human
PNP,0.010143020190298557,0.010143020190298557,0.010143020190298557,0.010143020190298557,human
CD99,0.010024730116128922,0.010024730116128922,0.010024730116128922,0.010024730116128922,human
RPL36A,0.009884370490908623,0.009884370490908623,0.009884370490908623,0.009884370490908623,human
PACSIN2,0.009864108636975288,0.009864108636975288,0.009864108636975288,0.009864108636975288,human
TGFB1I1,0.009773099794983864,0.009773099794983864,0.009773099794983864,0.009773099794983864,human
ENO1,0.009698532521724701,0.009698532521724701,0.009698532521724701,0.009698532521724701,human
EIF2AK1,0.00969757977873087,0.00969757977873087,0.00969757977873087,0.00969757977873087,human
DMTN,0.009548229165375233,0.009548229165375233,0.009548229165375233,0.009548229165375233,human
NME4,0.009533422067761421,0.009533422067761421,0.009533422067761421,0.009533422067761421,human
CD9,0.009473727084696293,0.009473727084696293,0.009473727084696293,0.009473727084696293,human
NPTN,0.009315059520304203,0.009315059520304203,0.009315059520304203,0.009315059520304203,human
CD63,0.00929521955549717,0.00929521955549717,0.00929521955549717,0.00929521955549717,human
ARF1,0.009278149344027042,0.009278149344027042,0.009278149344027042,0.009278149344027042,human
R3HDM4,0.009193341247737408,0.009193341247737408,0.009193341247737408,0.009193341247737408,human
SNN,0.009128286503255367,0.009128286503255367,0.009128286503255367,0.009128286503255367,human
LYL1,0.00911788735538721,0.00911788735538721,0.00911788735538721,0.00911788735538721,human
PNMA1,0.009068962186574936,0.009068962186574936,0.009068962186574936,0.009068962186574936,human
TUBB1,0.008973930962383747,0.008973930962383747,0.008973930962383747,0.008973930962383747,human
TLN1,0.008918232284486294,0.008918232284486294,0.008918232284486294,0.008918232284486294,human
AP2S1,0.008889386430382729,0.008889386430382729,0.008889386430382729,0.008889386430382729,human
HIST1H1C,0.008771490305662155,0.008771490305662155,0.008771490305662155,0.008771490305662155,human
LAPTM5,0.008767319843173027,0.008767319843173027,0.008767319843173027,0.008767319843173027,human
PKIG,0.008657868951559067,0.008657868951559067,0.008657868951559067,0.008657868951559067,human
SRP14,0.008604940958321095,0.008604940958321095,0.008604940958321095,0.008604940958321095,human
GABARAP,0.00857607088983059,0.00857607088983059,0.00857607088983059,0.00857607088983059,human
TUBB4B,0.008543911390006542,0.008543911390006542,0.008543911390006542,0.008543911390006542,human
RABAC1,0.008511215448379517,0.008511215448379517,0.008511215448379517,0.008511215448379517,human
NPC2,0.008509283885359764,0.008509283885359764,0.008509283885359764,0.008509283885359764,human
CD151,0.00849978905171156,0.00849978905171156,0.00849978905171156,0.00849978905171156,human
SPARC,0.008251521736383438,0.008251521736383438,0.008251521736383438,0.008251521736383438,human
C14orf2,0.008211993612349033,0.008211993612349033,0.008211993612349033,0.008211993612349033,human
ABLIM3,0.008105999790132046,0.008105999790132046,0.008105999790132046,0.008105999790132046,human
ALOX12,0.008000125177204609,0.008000125177204609,0.008000125177204609,0.008000125177204609,human
TPM4,0.007964172400534153,0.007964172400534153,0.007964172400534153,0.007964172400534153,human
CTSW,0.007922316901385784,0.007922316901385784,0.007922316901385784,0.007922316901385784,human
ZYX,0.007911371067166328,0.007911371067166328,0.007911371067166328,0.007911371067166328,human
PGAM1,0.00784214586019516,0.00784214586019516,0.00784214586019516,0.00784214586019516,human
ITM2B,0.007825813256204128,0.007825813256204128,0.007825813256204128,0.007825813256204128,human
DAZAP2,0.0078103500418365,0.0078103500418365,0.0078103500418365,0.0078103500418365,human
LIPA,0.007808325812220573,0.007808325812220573,0.007808325812220573,0.007808325812220573,human
LOC100129361,0.00766986608505249,0.00766986608505249,0.00766986608505249,0.00766986608505249,human
RAB32,0.007646874058991671,0.007646874058991671,0.007646874058991671,0.007646874058991671,human
STRAP,0.007557877339422703,0.007557877339422703,0.007557877339422703,0.007557877339422703,human
UBE2E3,0.007527697831392288,0.007527697831392288,0.007527697831392288,0.007527697831392288,human
SPHAR,0.00747746042907238,0.00747746042907238,0.00747746042907238,0.00747746042907238,human
ATP2A3,0.007469039410352707,0.007469039410352707,0.007469039410352707,0.007469039410352707,human
NDFIP1,0.007466181181371212,0.007466181181371212,0.007466181181371212,0.007466181181371212,human
MSN,0.00744625274091959,0.00744625274091959,0.00744625274091959,0.00744625274091959,human
VAMP7,0.007366242352873087,0.007366242352873087,0.007366242352873087,0.007366242352873087,human
AKR7A2,0.007329768501222134,0.007329768501222134,0.007329768501222134,0.007329768501222134,human
PRKCB,0.007198526989668608,0.007198526989668608,0.007198526989668608,0.007198526989668608,human
ARPC5,0.007179338950663805,0.007179338950663805,0.007179338950663805,0.007179338950663805,human
GLA,0.007138221990317106,0.007138221990317106,0.007138221990317106,0.007138221990317106,human
SPINT2,0.007109831087291241,0.007109831087291241,0.007109831087291241,0.007109831087291241,human
POLR2E,0.007097156252712011,0.007097156252712011,0.007097156252712011,0.007097156252712011,human
YWHAQ,0.007045585662126541,0.007045585662126541,0.007045585662126541,0.007045585662126541,human
LAPTM4B,0.00702552730217576,0.00702552730217576,0.00702552730217576,0.00702552730217576,human
RPSA,0.00700925150886178,0.00700925150886178,0.00700925150886178,0.00700925150886178,human
TUBA4A,0.006952924653887749,0.006952924653887749,0.006952924653887749,0.006952924653887749,human
GAS2L1,0.006907640490680933,0.006907640490680933,0.006907640490680933,0.006907640490680933,human
RNH1,0.006891729310154915,0.006891729310154915,0.006891729310154915,0.006891729310154915,human
CSDE1,0.006876837927848101,0.006876837927848101,0.006876837927848101,0.006876837927848101,human
TMBIM1,0.0068751005455851555,0.0068751005455851555,0.0068751005455851555,0.0068751005455851555,human
MGAT4B,0.006868499796837568,0.006868499796837568,0.006868499796837568,0.006868499796837568,human
ITFG1,0.006847707089036703,0.006847707089036703,0.006847707089036703,0.006847707089036703,human
LRP10,0.0067545268684625626,0.0067545268684625626,0.0067545268684625626,0.0067545268684625626,human
ADIPOR2,0.006742442026734352,0.006742442026734352,0.006742442026734352,0.006742442026734352,human
HTATIP2,0.006708947941660881,0.006708947941660881,0.006708947941660881,0.006708947941660881,human
PLEKHO1,0.006653804797679186,0.006653804797679186,0.006653804797679186,0.006653804797679186,human
MORF4L1,0.006487454287707806,0.006487454287707806,0.006487454287707806,0.006487454287707806,human
PYGB,0.00645044818520546,0.00645044818520546,0.00645044818520546,0.00645044818520546,human
CMPK1,0.0064416686072945595,0.0064416686072945595,0.0064416686072945595,0.0064416686072945595,human
VWF,0.006432623602449894,0.006432623602449894,0.006432623602449894,0.006432623602449894,human
SELT,0.00643121125176549,0.00643121125176549,0.00643121125176549,0.00643121125176549,human
KCMF1,0.00639137951657176,0.00639137951657176,0.00639137951657176,0.00639137951657176,human
SNX3,0.0063727195374667645,0.0063727195374667645,0.0063727195374667645,0.0063727195374667645,human
YWHAZ,0.006350317038595676,0.006350317038595676,0.006350317038595676,0.006350317038595676,human
HDGF,0.006338036153465509,0.006338036153465509,0.006338036153465509,0.006338036153465509,human
TMBIM6,0.006248155143111944,0.006248155143111944,0.006248155143111944,0.006248155143111944,human
PDGFC,0.006231982260942459,0.006231982260942459,0.006231982260942459,0.006231982260942459,human
FSTL1,0.006183445919305086,0.006183445919305086,0.006183445919305086,0.006183445919305086,human
DSTN,0.0061180200427770615,0.0061180200427770615,0.0061180200427770615,0.0061180200427770615,human
BNIP3L,0.006098681129515171,0.006098681129515171,0.006098681129515171,0.006098681129515171,human
MGST3,0.00609634118154645,0.00609634118154645,0.00609634118154645,0.00609634118154645,human
SEPT2,0.006080477498471737,0.006080477498471737,0.006080477498471737,0.006080477498471737,human
EGF,0.006060007028281689,0.006060007028281689,0.006060007028281689,0.006060007028281689,human
BSCL2,0.006038508377969265,0.006038508377969265,0.006038508377969265,0.006038508377969265,human
GP1BA,0.006005819886922836,0.006005819886922836,0.006005819886922836,0.006005819886922836,human
CERS2,0.005955675151199102,0.005955675151199102,0.005955675151199102,0.005955675151199102,human
TMEM50A,0.005885703023523092,0.005885703023523092,0.005885703023523092,0.005885703023523092,human
EIF1,0.005840867757797241,0.005840867757797241,0.005840867757797241,0.005840867757797241,human
HSD17B12,0.005802178289741278,0.005802178289741278,0.005802178289741278,0.005802178289741278,human
NFE2,0.005689453333616257,0.005689453333616257,0.005689453333616257,0.005689453333616257,human
S100A10,0.005577818490564823,0.005577818490564823,0.005577818490564823,0.005577818490564823,human
NRD1,0.005526365712285042,0.005526365712285042,0.005526365712285042,0.005526365712285042,human
CAPZA2,0.005469866096973419,0.005469866096973419,0.005469866096973419,0.005469866096973419,human
ABCC4,0.005468166433274746,0.005468166433274746,0.005468166433274746,0.005468166433274746,human
SPNS1,0.005427868105471134,0.005427868105471134,0.005427868105471134,0.005427868105471134,human
TMEM158,0.005421735346317291,0.005421735346317291,0.005421735346317291,0.005421735346317291,human
E2F1,0.0053869253024458885,0.0053869253024458885,0.0053869253024458885,0.0053869253024458885,human
JTB,0.005363008007407188,0.005363008007407188,0.005363008007407188,0.005363008007407188,human
ATP6AP1,0.005339378025382757,0.005339378025382757,0.005339378025382757,0.005339378025382757,human
FAH,0.005250092130154371,0.005250092130154371,0.005250092130154371,0.005250092130154371,human
FHL2,0.005237963050603867,0.005237963050603867,0.005237963050603867,0.005237963050603867,human
P4HB,0.005208612885326147,0.005208612885326147,0.005208612885326147,0.005208612885326147,human
FHL1,0.005189334042370319,0.005189334042370319,0.005189334042370319,0.005189334042370319,human
PIP4K2A,0.005119862034916878,0.005119862034916878,0.005119862034916878,0.005119862034916878,human
REXO2,0.005079376511275768,0.005079376511275768,0.005079376511275768,0.005079376511275768,human
FAM63A,0.005072740837931633,0.005072740837931633,0.005072740837931633,0.005072740837931633,human
ENDOD1,0.0050682988949120045,0.0050682988949120045,0.0050682988949120045,0.0050682988949120045,human
ARL2,0.005063800606876612,0.005063800606876612,0.005063800606876612,0.005063800606876612,human
HLA-F,0.005005153361707926,0.005005153361707926,0.005005153361707926,0.005005153361707926,human
ATOX1,0.004956815391778946,0.004956815391778946,0.004956815391778946,0.004956815391778946,human
VAPA,0.004952585324645042,0.004952585324645042,0.004952585324645042,0.004952585324645042,human
PCBP1,0.004943415522575378,0.004943415522575378,0.004943415522575378,0.004943415522575378,human
ARF3,0.004920235835015774,0.004920235835015774,0.004920235835015774,0.004920235835015774,human
RAB6C,0.004888451658189297,0.004888451658189297,0.004888451658189297,0.004888451658189297,human
ITM2A,0.004885889124125242,0.004885889124125242,0.004885889124125242,0.004885889124125242,human
TST,0.00486947363242507,0.00486947363242507,0.00486947363242507,0.00486947363242507,human
JAK1,0.0048496536910533905,0.0048496536910533905,0.0048496536910533905,0.0048496536910533905,human
PCMT1,0.004843546077609062,0.004843546077609062,0.004843546077609062,0.004843546077609062,human
ACTN1,0.0048086815513670444,0.0048086815513670444,0.0048086815513670444,0.0048086815513670444,human
VTI1B,0.004783992189913988,0.004783992189913988,0.004783992189913988,0.004783992189913988,human
NUCB1,0.004780027084052563,0.004780027084052563,0.004780027084052563,0.004780027084052563,human
SOD1,0.004737965762615204,0.004737965762615204,0.004737965762615204,0.004737965762615204,human
ABHD4,0.004720650147646666,0.004720650147646666,0.004720650147646666,0.004720650147646666,human
MKRN1,0.0046789562329649925,0.0046789562329649925,0.0046789562329649925,0.0046789562329649925,human
GSTK1,0.0046757799573242664,0.0046757799573242664,0.0046757799573242664,0.0046757799573242664,human
RTN4,0.004659814760088921,0.004659814760088921,0.004659814760088921,0.004659814760088921,human
PECAM1,0.004641306586563587,0.004641306586563587,0.004641306586563587,0.004641306586563587,human
RTN2,0.004632509313523769,0.004632509313523769,0.004632509313523769,0.004632509313523769,human
ARPC4,0.004619453102350235,0.004619453102350235,0.004619453102350235,0.004619453102350235,human
NDUFA4,0.004611646756529808,0.004611646756529808,0.004611646756529808,0.004611646756529808,human
DERA,0.004602614790201187,0.004602614790201187,0.004602614790201187,0.004602614790201187,human
RHOC,0.00456677470356226,0.00456677470356226,0.00456677470356226,0.00456677470356226,human
PARVB,0.004542349372059107,0.004542349372059107,0.004542349372059107,0.004542349372059107,human
GDI1,0.004528192337602377,0.004528192337602377,0.004528192337602377,0.004528192337602377,human
ADIPOR1,0.004469113890081644,0.004469113890081644,0.004469113890081644,0.004469113890081644,human
EIF1B,0.004454756621271372,0.004454756621271372,0.004454756621271372,0.004454756621271372,human
VPS28,0.004447835497558117,0.004447835497558117,0.004447835497558117,0.004447835497558117,human
WDR1,0.004435462411493063,0.004435462411493063,0.004435462411493063,0.004435462411493063,human
FKBP1B,0.00442277267575264,0.00442277267575264,0.00442277267575264,0.00442277267575264,human
EMP3,0.004415265750139952,0.004415265750139952,0.004415265750139952,0.004415265750139952,human
C20orf24,0.004387873690575361,0.004387873690575361,0.004387873690575361,0.004387873690575361,human
FBXO7,0.004369901493191719,0.004369901493191719,0.004369901493191719,0.004369901493191719,human
RAC1,0.004355454817414284,0.004355454817414284,0.004355454817414284,0.004355454817414284,human
CHMP3,0.004317984450608492,0.004317984450608492,0.004317984450608492,0.004317984450608492,human
HK1,0.004286392126232386,0.004286392126232386,0.004286392126232386,0.004286392126232386,human
SIAH2,0.0042852065525949,0.0042852065525949,0.0042852065525949,0.0042852065525949,human
RAP1B,0.004278244450688362,0.004278244450688362,0.004278244450688362,0.004278244450688362,human
COX6A1,0.00427021412178874,0.00427021412178874,0.00427021412178874,0.00427021412178874,human
ENO2,0.004261108580976725,0.004261108580976725,0.004261108580976725,0.004261108580976725,human
TSPYL2,0.004245193209499121,0.004245193209499121,0.004245193209499121,0.004245193209499121,human
GNG5,0.004240887705236673,0.004240887705236673,0.004240887705236673,0.004240887705236673,human
RAB13,0.004227607510983944,0.004227607510983944,0.004227607510983944,0.004227607510983944,human
LDLRAP1,0.004206805024296045,0.004206805024296045,0.004206805024296045,0.004206805024296045,human
RPLP1,0.0042016776278615,0.0042016776278615,0.0042016776278615,0.0042016776278615,human
ATP6V1E1,0.004197176080197096,0.004197176080197096,0.004197176080197096,0.004197176080197096,human
CETP,0.004180576652288437,0.004180576652288437,0.004180576652288437,0.004180576652288437,human
CCDC176,0.004162309225648642,0.004162309225648642,0.004162309225648642,0.004162309225648642,human
CORO1C,0.004152701236307621,0.004152701236307621,0.004152701236307621,0.004152701236307621,human
GUCY1B3,0.004140025936067104,0.004140025936067104,0.004140025936067104,0.004140025936067104,human
HBQ1,0.004137031733989716,0.004137031733989716,0.004137031733989716,0.004137031733989716,human
UIMC1,0.004134294111281633,0.004134294111281633,0.004134294111281633,0.004134294111281633,human
LIMS1,0.0040850709192454815,0.0040850709192454815,0.0040850709192454815,0.0040850709192454815,human
TXNL4B,0.004069651942700148,0.004069651942700148,0.004069651942700148,0.004069651942700148,human
WBP2,0.004062362480908632,0.004062362480908632,0.004062362480908632,0.004062362480908632,human
MCM6,0.004043534863740206,0.004043534863740206,0.004043534863740206,0.004043534863740206,human
HNRNPA2B1,0.004032372031360865,0.004032372031360865,0.004032372031360865,0.004032372031360865,human
PPP6R1,0.0040317014791071415,0.0040317014791071415,0.0040317014791071415,0.0040317014791071415,human
CST7,0.0040210578590631485,0.0040210578590631485,0.0040210578590631485,0.0040210578590631485,human
JAM3,0.00399408396333456,0.00399408396333456,0.00399408396333456,0.00399408396333456,human
ZFAND3,0.003992857877165079,0.003992857877165079,0.003992857877165079,0.003992857877165079,human
TCEA1,0.003949370235204697,0.003949370235204697,0.003949370235204697,0.003949370235204697,human
CDKN1A,0.003932500258088112,0.003932500258088112,0.003932500258088112,0.003932500258088112,human
DYNLT3,0.003931768238544464,0.003931768238544464,0.003931768238544464,0.003931768238544464,human
STOM,0.00391880189999938,0.00391880189999938,0.00391880189999938,0.00391880189999938,human
GNB1,0.003905507503077388,0.003905507503077388,0.003905507503077388,0.003905507503077388,human
ARPC2,0.0039045207668095827,0.0039045207668095827,0.0039045207668095827,0.0039045207668095827,human
SNHG20,0.0038916654884815216,0.0038916654884815216,0.0038916654884815216,0.0038916654884815216,human
VDAC2,0.0038797298911958933,0.0038797298911958933,0.0038797298911958933,0.0038797298911958933,human
ARF4,0.00387938367202878,0.00387938367202878,0.00387938367202878,0.00387938367202878,human
TBCB,0.003862772835418582,0.003862772835418582,0.003862772835418582,0.003862772835418582,human
PCTP,0.003855922492220998,0.003855922492220998,0.003855922492220998,0.003855922492220998,human
GTF2A2,0.003822146449238062,0.003822146449238062,0.003822146449238062,0.003822146449238062,human
TUBB,0.0037862469907850027,0.0037862469907850027,0.0037862469907850027,0.0037862469907850027,human
CAPN1,0.0037497940938919783,0.0037497940938919783,0.0037497940938919783,0.0037497940938919783,human
ANP32B,0.0037429416552186012,0.0037429416552186012,0.0037429416552186012,0.0037429416552186012,human
SCP2,0.003742196597158909,0.003742196597158909,0.003742196597158909,0.003742196597158909,human
ITGB3,0.0037127297837287188,0.0037127297837287188,0.0037127297837287188,0.0037127297837287188,human
TXNDC5,0.0036986456252634525,0.0036986456252634525,0.0036986456252634525,0.0036986456252634525,human
VKORC1,0.0036966479383409023,0.0036966479383409023,0.0036966479383409023,0.0036966479383409023,human
MATR3,0.0036811833269894123,0.0036811833269894123,0.0036811833269894123,0.0036811833269894123,human
GOLGA7,0.0036548420321196318,0.0036548420321196318,0.0036548420321196318,0.0036548420321196318,human
IKBKG,0.0036241253837943077,0.0036241253837943077,0.0036241253837943077,0.0036241253837943077,human
STXBP2,0.0036073727533221245,0.0036073727533221245,0.0036073727533221245,0.0036073727533221245,human
PDE2A,0.003566342405974865,0.003566342405974865,0.003566342405974865,0.003566342405974865,human
HOMER2,0.0035638478584587574,0.0035638478584587574,0.0035638478584587574,0.0035638478584587574,human
GABARAPL3,0.0035516286734491587,0.0035516286734491587,0.0035516286734491587,0.0035516286734491587,human
ANXA7,0.003514442127197981,0.003514442127197981,0.003514442127197981,0.003514442127197981,human
PRKAR1B,0.003513800911605358,0.003513800911605358,0.003513800911605358,0.003513800911605358,human
PGD,0.003494399134069681,0.003494399134069681,0.003494399134069681,0.003494399134069681,human
FCER1G,0.0034847005736082792,0.0034847005736082792,0.0034847005736082792,0.0034847005736082792,human
ADI1,0.003464394947513938,0.003464394947513938,0.003464394947513938,0.003464394947513938,human
SRSF2,0.0034480097237974405,0.0034480097237974405,0.0034480097237974405,0.0034480097237974405,human
MLC1,0.003431164426729083,0.003431164426729083,0.003431164426729083,0.003431164426729083,human
TSC22D3,0.0034300244878977537,0.0034300244878977537,0.0034300244878977537,0.0034300244878977537,human
SLC24A3,0.0034224705304950476,0.0034224705304950476,0.0034224705304950476,0.0034224705304950476,human
UFD1L,0.003417488420382142,0.003417488420382142,0.003417488420382142,0.003417488420382142,human
UXS1,0.003405302995815873,0.003405302995815873,0.003405302995815873,0.003405302995815873,human
SLC50A1,0.0034022212494164705,0.0034022212494164705,0.0034022212494164705,0.0034022212494164705,human
GRK5,0.0033944593742489815,0.0033944593742489815,0.0033944593742489815,0.0033944593742489815,human
ATP6V0D1,0.0033896660897880793,0.0033896660897880793,0.0033896660897880793,0.0033896660897880793,human
RNF10,0.003354731947183609,0.003354731947183609,0.003354731947183609,0.003354731947183609,human
SNAP23,0.003329220460727811,0.003329220460727811,0.003329220460727811,0.003329220460727811,human
VPS8,0.0033047569449990988,0.0033047569449990988,0.0033047569449990988,0.0033047569449990988,human
PRKAR1A,0.0033034742809832096,0.0033034742809832096,0.0033034742809832096,0.0033034742809832096,human
LMBRD1,0.0032952383626252413,0.0032952383626252413,0.0032952383626252413,0.0032952383626252413,human
TMEM59,0.0032823500223457813,0.0032823500223457813,0.0032823500223457813,0.0032823500223457813,human
PSMD2,0.0032402637880295515,0.0032402637880295515,0.0032402637880295515,0.0032402637880295515,human
IFITM1,0.0032370060216635466,0.0032370060216635466,0.0032370060216635466,0.0032370060216635466,human
GP9,0.0032259642612189054,0.0032259642612189054,0.0032259642612189054,0.0032259642612189054,human
MEA1,0.0032220170833170414,0.0032220170833170414,0.0032220170833170414,0.0032220170833170414,human
RHOBTB1,0.0032080530654639006,0.0032080530654639006,0.0032080530654639006,0.0032080530654639006,human
PCYOX1L,0.0031967218965291977,0.0031967218965291977,0.0031967218965291977,0.0031967218965291977,human
PSTPIP2,0.003193229204043746,0.003193229204043746,0.003193229204043746,0.003193229204043746,human
TSPAN13,0.003130832687020302,0.003130832687020302,0.003130832687020302,0.003130832687020302,human
ACVR1,0.003129207296296954,0.003129207296296954,0.003129207296296954,0.003129207296296954,human
PRUNE,0.0031249653548002243,0.0031249653548002243,0.0031249653548002243,0.0031249653548002243,human
EGFL7,0.003123214701190591,0.003123214701190591,0.003123214701190591,0.003123214701190591,human
ACTR10,0.0031166053377091885,0.0031166053377091885,0.0031166053377091885,0.0031166053377091885,human
ADD3,0.003112161997705698,0.003112161997705698,0.003112161997705698,0.003112161997705698,human
SMAD2,0.003109049517661333,0.003109049517661333,0.003109049517661333,0.003109049517661333,human
RAB4A,0.0030993404798209667,0.0030993404798209667,0.0030993404798209667,0.0030993404798209667,human
SERP1,0.003098592394962907,0.003098592394962907,0.003098592394962907,0.003098592394962907,human
CHCHD2,0.0030955090187489986,0.0030955090187489986,0.0030955090187489986,0.0030955090187489986,human
VCL,0.003084097057580948,0.003084097057580948,0.003084097057580948,0.003084097057580948,human
NDUFA13,0.0030768930446356535,0.0030768930446356535,0.0030768930446356535,0.0030768930446356535,human
TMED3,0.0030734455212950706,0.0030734455212950706,0.0030734455212950706,0.0030734455212950706,human
IGF2BP2,0.003071610815823078,0.003071610815823078,0.003071610815823078,0.003071610815823078,human
GFI1B,0.003065915545448661,0.003065915545448661,0.003065915545448661,0.003065915545448661,human
MAN2A2,0.003063789801672101,0.003063789801672101,0.003063789801672101,0.003063789801672101,human
SEPW1,0.0030623488128185272,0.0030623488128185272,0.0030623488128185272,0.0030623488128185272,human
LASP1,0.0030491447541862726,0.0030491447541862726,0.0030491447541862726,0.0030491447541862726,human
TERF2IP,0.003046660218387842,0.003046660218387842,0.003046660218387842,0.003046660218387842,human
GLRX5,0.0030307515989989042,0.0030307515989989042,0.0030307515989989042,0.0030307515989989042,human
KIFAP3,0.003021968062967062,0.003021968062967062,0.003021968062967062,0.003021968062967062,human
FAM89B,0.0030143577605485916,0.0030143577605485916,0.0030143577605485916,0.0030143577605485916,human
PLA2G12A,0.002994718961417675,0.002994718961417675,0.002994718961417675,0.002994718961417675,human
CMC2,0.002973461290821433,0.002973461290821433,0.002973461290821433,0.002973461290821433,human
NAPA,0.002948483219370246,0.002948483219370246,0.002948483219370246,0.002948483219370246,human
WRB,0.0029196327086538076,0.0029196327086538076,0.0029196327086538076,0.0029196327086538076,human
SLC10A3,0.00291861267760396,0.00291861267760396,0.00291861267760396,0.00291861267760396,human
HIST1H2AG,0.0029010262805968523,0.0029010262805968523,0.0029010262805968523,0.0029010262805968523,human
TPP1,0.002891086507588625,0.002891086507588625,0.002891086507588625,0.002891086507588625,human
HSPB1,0.002890742849558592,0.002890742849558592,0.002890742849558592,0.002890742849558592,human
ARRB2,0.0028617968782782555,0.0028617968782782555,0.0028617968782782555,0.0028617968782782555,human
UXT,0.0028602962847799063,0.0028602962847799063,0.0028602962847799063,0.0028602962847799063,human
TUBB6,0.0028387135826051235,0.0028387135826051235,0.0028387135826051235,0.0028387135826051235,human
RTN3,0.0028378090355545282,0.0028378090355545282,0.0028378090355545282,0.0028378090355545282,human
ARRB1,0.0028371354565024376,0.0028371354565024376,0.0028371354565024376,0.0028371354565024376,human
GTF3A,0.00281957327388227,0.00281957327388227,0.00281957327388227,0.00281957327388227,human
ARF5,0.0028165862895548344,0.0028165862895548344,0.0028165862895548344,0.0028165862895548344,human
SFXN3,0.002805218333378434,0.002805218333378434,0.002805218333378434,0.002805218333378434,human
TUBB3,0.0027905977331101894,0.0027905977331101894,0.0027905977331101894,0.0027905977331101894,human
PABPC3,0.002783245174214244,0.002783245174214244,0.002783245174214244,0.002783245174214244,human
PHKB,0.00277878949418664,0.00277878949418664,0.00277878949418664,0.00277878949418664,human
C6orf62,0.002774059772491455,0.002774059772491455,0.002774059772491455,0.002774059772491455,human
WDR83OS,0.0027723293751478195,0.0027723293751478195,0.0027723293751478195,0.0027723293751478195,human
MKNK1,0.0027699447236955166,0.0027699447236955166,0.0027699447236955166,0.0027699447236955166,human
SLC35D2,0.0027636170852929354,0.0027636170852929354,0.0027636170852929354,0.0027636170852929354,human
TBPL1,0.0027544607874006033,0.0027544607874006033,0.0027544607874006033,0.0027544607874006033,human
RALY,0.0027484840247780085,0.0027484840247780085,0.0027484840247780085,0.0027484840247780085,human
CTNNAL1,0.002739165211096406,0.002739165211096406,0.002739165211096406,0.002739165211096406,human
RPN2,0.002730661304667592,0.002730661304667592,0.002730661304667592,0.002730661304667592,human
AMFR,0.0027002315036952496,0.0027002315036952496,0.0027002315036952496,0.0027002315036952496,human
WIPF1,0.002699578646570444,0.002699578646570444,0.002699578646570444,0.002699578646570444,human
CTSD,0.00269003096036613,0.00269003096036613,0.00269003096036613,0.00269003096036613,human
HDAC5,0.0026820155326277018,0.0026820155326277018,0.0026820155326277018,0.0026820155326277018,human
QSOX1,0.0026771961711347103,0.0026771961711347103,0.0026771961711347103,0.0026771961711347103,human
DNAJC15,0.0026672151871025562,0.0026672151871025562,0.0026672151871025562,0.0026672151871025562,human
WHAMMP2,0.002633611438795924,0.002633611438795924,0.002633611438795924,0.002633611438795924,human
NT5M,0.002623983658850193,0.002623983658850193,0.002623983658850193,0.002623983658850193,human
NECAB3,0.0026164338923990726,0.0026164338923990726,0.0026164338923990726,0.0026164338923990726,human
LGALS1,0.002603372558951378,0.002603372558951378,0.002603372558951378,0.002603372558951378,human
WDR13,0.0026030216831713915,0.0026030216831713915,0.0026030216831713915,0.0026030216831713915,human
MICU1,0.0026003618258982897,0.0026003618258982897,0.0026003618258982897,0.0026003618258982897,human
CTDSP1,0.002589259762316942,0.002589259762316942,0.002589259762316942,0.002589259762316942,human
WASF3,0.0025848732329905033,0.0025848732329905033,0.0025848732329905033,0.0025848732329905033,human
PTGIR,0.0025633233599364758,0.0025633233599364758,0.0025633233599364758,0.0025633233599364758,human
C18orf8,0.0025594125036150217,0.0025594125036150217,0.0025594125036150217,0.0025594125036150217,human
MFN2,0.0025077315513044596,0.0025077315513044596,0.0025077315513044596,0.0025077315513044596,human
DNM3,0.0024849087931215763,0.0024849087931215763,0.0024849087931215763,0.0024849087931215763,human
PYGL,0.0024847153108567,0.0024847153108567,0.0024847153108567,0.0024847153108567,human
UBE2L3,0.0024773539043962955,0.0024773539043962955,0.0024773539043962955,0.0024773539043962955,human
RLIM,0.002475539455190301,0.002475539455190301,0.002475539455190301,0.002475539455190301,human
TPM1,0.002474467270076275,0.002474467270076275,0.002474467270076275,0.002474467270076275,human
SET,0.002448514336720109,0.002448514336720109,0.002448514336720109,0.002448514336720109,human
DGKD,0.002448293147608638,0.002448293147608638,0.002448293147608638,0.002448293147608638,human
RNF11,0.002447124570608139,0.002447124570608139,0.002447124570608139,0.002447124570608139,human
UBE2E1,0.002432657405734062,0.002432657405734062,0.002432657405734062,0.002432657405734062,human
NBPF10,0.0024292967282235622,0.0024292967282235622,0.0024292967282235622,0.0024292967282235622,human
CSNK2B,0.0024288571439683437,0.0024288571439683437,0.0024288571439683437,0.0024288571439683437,human
MAP2K3,0.002426932333037257,0.002426932333037257,0.002426932333037257,0.002426932333037257,human
ASAH1,0.0024126910138875246,0.0024126910138875246,0.0024126910138875246,0.0024126910138875246,human
MT1X,0.0024114048574119806,0.0024114048574119806,0.0024114048574119806,0.0024114048574119806,human
WDR26,0.0024051200598478317,0.0024051200598478317,0.0024051200598478317,0.0024051200598478317,human
TMSB15A,0.002397391712293029,0.002397391712293029,0.002397391712293029,0.002397391712293029,human
POTEKP,0.002393196104094386,0.002393196104094386,0.002393196104094386,0.002393196104094386,human
LTBP1,0.0023907532449811697,0.0023907532449811697,0.0023907532449811697,0.0023907532449811697,human
ARL8B,0.0023753889836370945,0.0023753889836370945,0.0023753889836370945,0.0023753889836370945,human
CETN2,0.002368212677538395,0.002368212677538395,0.002368212677538395,0.002368212677538395,human
G6PD,0.002356810960918665,0.002356810960918665,0.002356810960918665,0.002356810960918665,human
C11orf58,0.0023551874328404665,0.0023551874328404665,0.0023551874328404665,0.0023551874328404665,human
EHD1,0.0023499266244471073,0.0023499266244471073,0.0023499266244471073,0.0023499266244471073,human
CTDNEP1,0.0023440136574208736,0.0023440136574208736,0.0023440136574208736,0.0023440136574208736,human
ATP6V1B2,0.0023406068794429302,0.0023406068794429302,0.0023406068794429302,0.0023406068794429302,human
CUTA,0.0023396213073283434,0.0023396213073283434,0.0023396213073283434,0.0023396213073283434,human
SERINC3,0.0023378944024443626,0.0023378944024443626,0.0023378944024443626,0.0023378944024443626,human
IFRD1,0.0023259068839251995,0.0023259068839251995,0.0023259068839251995,0.0023259068839251995,human
B2M,-0.4551387131214142,-0.4551387131214142,-0.4551387131214142,-0.4551387131214142,human
PPBP,-0.3691764175891876,-0.3691764175891876,-0.3691764175891876,-0.3691764175891876,human
PF4,-0.35326138138771057,-0.35326138138771057,-0.35326138138771057,-0.35326138138771057,human
H3F3AP4,-0.3080328404903412,-0.3080328404903412,-0.3080328404903412,-0.3080328404903412,human
NRGN,-0.3024004399776459,-0.3024004399776459,-0.3024004399776459,-0.3024004399776459,human
TMSB4XP8,-0.24233360588550568,-0.24233360588550568,-0.24233360588550568,-0.24233360588550568,human
FTH1P5,-0.18682517111301422,-0.18682517111301422,-0.18682517111301422,-0.18682517111301422,human
NCOA4,-0.1793815791606903,-0.1793815791606903,-0.1793815791606903,-0.1793815791606903,human
RPL41,-0.13786931335926056,-0.13786931335926056,-0.13786931335926056,-0.13786931335926056,human
HIST1H2AC,-0.11420512199401855,-0.11420512199401855,-0.11420512199401855,-0.11420512199401855,human
HBB,-0.1111924946308136,-0.1111924946308136,-0.1111924946308136,-0.1111924946308136,human
MAP3K7CL,-0.10490003973245621,-0.10490003973245621,-0.10490003973245621,-0.10490003973245621,human
MLH3,-0.08051473647356033,-0.08051473647356033,-0.08051473647356033,-0.08051473647356033,human
NGFRAP1,-0.07590250670909882,-0.07590250670909882,-0.07590250670909882,-0.07590250670909882,human
HIST1H3H,-0.06964422017335892,-0.06964422017335892,-0.06964422017335892,-0.06964422017335892,human
DYNLL1,-0.06336316466331482,-0.06336316466331482,-0.06336316466331482,-0.06336316466331482,human
YPEL5,-0.04858356714248657,-0.04858356714248657,-0.04858356714248657,-0.04858356714248657,human
RPL23A,-0.04829659312963486,-0.04829659312963486,-0.04829659312963486,-0.04829659312963486,human
HIST1H2BK,-0.047221068292856216,-0.047221068292856216,-0.047221068292856216,-0.047221068292856216,human
DYNLRB1,-0.045447979122400284,-0.045447979122400284,-0.045447979122400284,-0.045447979122400284,human
HBA2,-0.04067628085613251,-0.04067628085613251,-0.04067628085613251,-0.04067628085613251,human
CCL5,-0.04051608592271805,-0.04051608592271805,-0.04051608592271805,-0.04051608592271805,human
RBX1,-0.038767170161008835,-0.038767170161008835,-0.038767170161008835,-0.038767170161008835,human
SERF2,-0.03842423856258392,-0.03842423856258392,-0.03842423856258392,-0.03842423856258392,human
MYL12B,-0.036876823753118515,-0.036876823753118515,-0.036876823753118515,-0.036876823753118515,human
NOMO3,-0.0336771123111248,-0.0336771123111248,-0.0336771123111248,-0.0336771123111248,human
TPT1,-0.030915413051843643,-0.030915413051843643,-0.030915413051843643,-0.030915413051843643,human
HIST2H2BE,-0.03014206886291504,-0.03014206886291504,-0.03014206886291504,-0.03014206886291504,human
RPS27,-0.026304306462407112,-0.026304306462407112,-0.026304306462407112,-0.026304306462407112,human
RPA1,-0.024989938363432884,-0.024989938363432884,-0.024989938363432884,-0.024989938363432884,human
ARMCX6,-0.024394940584897995,-0.024394940584897995,-0.024394940584897995,-0.024394940584897995,human
ATP5E,-0.023397371172904968,-0.023397371172904968,-0.023397371172904968,-0.023397371172904968,human
GNG11,-0.0224485844373703,-0.0224485844373703,-0.0224485844373703,-0.0224485844373703,human
UBA52,-0.022268785163760185,-0.022268785163760185,-0.022268785163760185,-0.022268785163760185,human
CDK2AP1,-0.021030647680163383,-0.021030647680163383,-0.021030647680163383,-0.021030647680163383,human
CMTM6,-0.020094873383641243,-0.020094873383641243,-0.020094873383641243,-0.020094873383641243,human
PPDPF,-0.02006661705672741,-0.02006661705672741,-0.02006661705672741,-0.02006661705672741,human
RPL13AP5,-0.019291820004582405,-0.019291820004582405,-0.019291820004582405,-0.019291820004582405,human
DAD1,-0.018847301602363586,-0.018847301602363586,-0.018847301602363586,-0.018847301602363586,human
RPL39,-0.01788070797920227,-0.01788070797920227,-0.01788070797920227,-0.01788070797920227,human
ACTB,-0.017242318019270897,-0.017242318019270897,-0.017242318019270897,-0.017242318019270897,human
PGRMC1,-0.015348498709499836,-0.015348498709499836,-0.015348498709499836,-0.015348498709499836,human
HIST1H2BH,-0.015292283147573471,-0.015292283147573471,-0.015292283147573471,-0.015292283147573471,human
ITGB3BP,-0.015257380902767181,-0.015257380902767181,-0.015257380902767181,-0.015257380902767181,human
HIST1H2BD,-0.015015942975878716,-0.015015942975878716,-0.015015942975878716,-0.015015942975878716,human
CFL1,-0.01481665950268507,-0.01481665950268507,-0.01481665950268507,-0.01481665950268507,human
RPS23,-0.014595452696084976,-0.014595452696084976,-0.014595452696084976,-0.014595452696084976,human
RPS29,-0.01457229908555746,-0.01457229908555746,-0.01457229908555746,-0.01457229908555746,human
COX6B1,-0.014513334259390831,-0.014513334259390831,-0.014513334259390831,-0.014513334259390831,human
MYL12A,-0.014456722885370255,-0.014456722885370255,-0.014456722885370255,-0.014456722885370255,human
RAB31,-0.014196493662893772,-0.014196493662893772,-0.014196493662893772,-0.014196493662893772,human
MIR1244-2,-0.013970006257295609,-0.013970006257295609,-0.013970006257295609,-0.013970006257295609,human
RPS10,-0.013064161874353886,-0.013064161874353886,-0.013064161874353886,-0.013064161874353886,human
HMGB1,-0.012871886603534222,-0.012871886603534222,-0.012871886603534222,-0.012871886603534222,human
CCDC92,-0.012809516862034798,-0.012809516862034798,-0.012809516862034798,-0.012809516862034798,human
RPL7A,-0.01273758988827467,-0.01273758988827467,-0.01273758988827467,-0.01273758988827467,human
PTMA,-0.0126381516456604,-0.0126381516456604,-0.0126381516456604,-0.0126381516456604,human
SDPR,-0.01258845254778862,-0.01258845254778862,-0.01258845254778862,-0.01258845254778862,human
RPL32,-0.01235136017203331,-0.01235136017203331,-0.01235136017203331,-0.01235136017203331,human
CA2,-0.012345433235168457,-0.012345433235168457,-0.012345433235168457,-0.012345433235168457,human
EEF1A1,-0.011904033832252026,-0.011904033832252026,-0.011904033832252026,-0.011904033832252026,human
LEPROT,-0.011565920896828175,-0.011565920896828175,-0.011565920896828175,-0.011565920896828175,human
RPL9,-0.011524449102580547,-0.011524449102580547,-0.011524449102580547,-0.011524449102580547,human
MMD,-0.011015434749424458,-0.011015434749424458,-0.011015434749424458,-0.011015434749424458,human
HIST1H2BF,-0.010699115693569183,-0.010699115693569183,-0.010699115693569183,-0.010699115693569183,human
RPS18,-0.009785294532775879,-0.009785294532775879,-0.009785294532775879,-0.009785294532775879,human
RPS24,-0.009213603101670742,-0.009213603101670742,-0.009213603101670742,-0.009213603101670742,human
MYLK,-0.00908783171325922,-0.00908783171325922,-0.00908783171325922,-0.00908783171325922,human
RPL30,-0.008951850235462189,-0.008951850235462189,-0.008951850235462189,-0.008951850235462189,human
RPS20,-0.008943592198193073,-0.008943592198193073,-0.008943592198193073,-0.008943592198193073,human
LSM1,-0.00886240229010582,-0.00886240229010582,-0.00886240229010582,-0.00886240229010582,human
RPL23AP7,-0.00884431041777134,-0.00884431041777134,-0.00884431041777134,-0.00884431041777134,human
MYL6,-0.0086217587813735,-0.0086217587813735,-0.0086217587813735,-0.0086217587813735,human
H2BFS,-0.008445086888968945,-0.008445086888968945,-0.008445086888968945,-0.008445086888968945,human
RPL34,-0.008290747180581093,-0.008290747180581093,-0.008290747180581093,-0.008290747180581093,human
HGD,-0.00813048891723156,-0.00813048891723156,-0.00813048891723156,-0.00813048891723156,human
TMEM106C,-0.007839917205274105,-0.007839917205274105,-0.007839917205274105,-0.007839917205274105,human
RPL13A,-0.007638182025402784,-0.007638182025402784,-0.007638182025402784,-0.007638182025402784,human
NOP10,-0.007236978504806757,-0.007236978504806757,-0.007236978504806757,-0.007236978504806757,human
NDUFA6,-0.007104199379682541,-0.007104199379682541,-0.007104199379682541,-0.007104199379682541,human
HIST1H2BE,-0.00707138329744339,-0.00707138329744339,-0.00707138329744339,-0.00707138329744339,human
SDCBP,-0.006961887236684561,-0.006961887236684561,-0.006961887236684561,-0.006961887236684561,human
USF2,-0.00680730352178216,-0.00680730352178216,-0.00680730352178216,-0.00680730352178216,human
GADD45A,-0.006783044431358576,-0.006783044431358576,-0.006783044431358576,-0.006783044431358576,human
GNAS,-0.006746424362063408,-0.006746424362063408,-0.006746424362063408,-0.006746424362063408,human
ATP5L,-0.006604999769479036,-0.006604999769479036,-0.006604999769479036,-0.006604999769479036,human
ALS2CL,-0.006598140113055706,-0.006598140113055706,-0.006598140113055706,-0.006598140113055706,human
RPL37,-0.006488515064120293,-0.006488515064120293,-0.006488515064120293,-0.006488515064120293,human
EEF1A1P9,-0.006457729265093803,-0.006457729265093803,-0.006457729265093803,-0.006457729265093803,human
PDCD10,-0.006446911487728357,-0.006446911487728357,-0.006446911487728357,-0.006446911487728357,human
RPL21,-0.0061254617758095264,-0.0061254617758095264,-0.0061254617758095264,-0.0061254617758095264,human
EMC3,-0.006119756028056145,-0.006119756028056145,-0.006119756028056145,-0.006119756028056145,human
UQCR10,-0.006082051433622837,-0.006082051433622837,-0.006082051433622837,-0.006082051433622837,human
HLA-DPB1,-0.005953922402113676,-0.005953922402113676,-0.005953922402113676,-0.005953922402113676,human
RPS13,-0.005915490444749594,-0.005915490444749594,-0.005915490444749594,-0.005915490444749594,human
RPS15A,-0.005569798406213522,-0.005569798406213522,-0.005569798406213522,-0.005569798406213522,human
SIRT2,-0.0053110187873244286,-0.0053110187873244286,-0.0053110187873244286,-0.0053110187873244286,human
TMSB4Y,-0.005297128576785326,-0.005297128576785326,-0.005297128576785326,-0.005297128576785326,human
TAF10,-0.005287029314786196,-0.005287029314786196,-0.005287029314786196,-0.005287029314786196,human
CLEC1B,-0.005255368072539568,-0.005255368072539568,-0.005255368072539568,-0.005255368072539568,human
MAX,-0.005159457214176655,-0.005159457214176655,-0.005159457214176655,-0.005159457214176655,human
HSD17B3,-0.0050783418118953705,-0.0050783418118953705,-0.0050783418118953705,-0.0050783418118953705,human
HIST1H2BI,-0.0050674499943852425,-0.0050674499943852425,-0.0050674499943852425,-0.0050674499943852425,human
CD74,-0.005065255798399448,-0.005065255798399448,-0.005065255798399448,-0.005065255798399448,human
GRAP2,-0.004983723629266024,-0.004983723629266024,-0.004983723629266024,-0.004983723629266024,human
RPS3A,-0.004953271243721247,-0.004953271243721247,-0.004953271243721247,-0.004953271243721247,human
PVALB,-0.00484713539481163,-0.00484713539481163,-0.00484713539481163,-0.00484713539481163,human
RPL3,-0.004786784760653973,-0.004786784760653973,-0.004786784760653973,-0.004786784760653973,human
LOC728026,-0.0047506955452263355,-0.0047506955452263355,-0.0047506955452263355,-0.0047506955452263355,human
ARL6IP5,-0.004684689920395613,-0.004684689920395613,-0.004684689920395613,-0.004684689920395613,human
HIST1H2AE,-0.00436745397746563,-0.00436745397746563,-0.00436745397746563,-0.00436745397746563,human
RPL19,-0.004356456454843283,-0.004356456454843283,-0.004356456454843283,-0.004356456454843283,human
NIT1,-0.004353583324700594,-0.004353583324700594,-0.004353583324700594,-0.004353583324700594,human
GNG4,-0.0043321107514202595,-0.0043321107514202595,-0.0043321107514202595,-0.0043321107514202595,human
MYL4,-0.004004912916570902,-0.004004912916570902,-0.004004912916570902,-0.004004912916570902,human
STARD8,-0.003997870720922947,-0.003997870720922947,-0.003997870720922947,-0.003997870720922947,human
AFTPH,-0.003973314072936773,-0.003973314072936773,-0.003973314072936773,-0.003973314072936773,human
UBL5,-0.003967654425650835,-0.003967654425650835,-0.003967654425650835,-0.003967654425650835,human
CEBPA-AS1,-0.0038412059657275677,-0.0038412059657275677,-0.0038412059657275677,-0.0038412059657275677,human
RPL12,-0.0037661055102944374,-0.0037661055102944374,-0.0037661055102944374,-0.0037661055102944374,human
GPR27,-0.0037062063347548246,-0.0037062063347548246,-0.0037062063347548246,-0.0037062063347548246,human
HMGN2,-0.003677159547805786,-0.003677159547805786,-0.003677159547805786,-0.003677159547805786,human
RPS15,-0.00362221198156476,-0.00362221198156476,-0.00362221198156476,-0.00362221198156476,human
HSBP1,-0.0035762512125074863,-0.0035762512125074863,-0.0035762512125074863,-0.0035762512125074863,human
ATF4,-0.003557890886440873,-0.003557890886440873,-0.003557890886440873,-0.003557890886440873,human
NAT8B,-0.0034218137152493,-0.0034218137152493,-0.0034218137152493,-0.0034218137152493,human
FOLR1,-0.003420565975829959,-0.003420565975829959,-0.003420565975829959,-0.003420565975829959,human
MEPCE,-0.0033448217436671257,-0.0033448217436671257,-0.0033448217436671257,-0.0033448217436671257,human
DHRS3,-0.0032928092405200005,-0.0032928092405200005,-0.0032928092405200005,-0.0032928092405200005,human
SNTA1,-0.0032516242936253548,-0.0032516242936253548,-0.0032516242936253548,-0.0032516242936253548,human
RPL11,-0.003179793478921056,-0.003179793478921056,-0.003179793478921056,-0.003179793478921056,human
HOXB1,-0.0031159743666648865,-0.0031159743666648865,-0.0031159743666648865,-0.0031159743666648865,human
MXRA8,-0.003104571020230651,-0.003104571020230651,-0.003104571020230651,-0.003104571020230651,human
S100A9,-0.0031031924299895763,-0.0031031924299895763,-0.0031031924299895763,-0.0031031924299895763,human
RPS17,-0.003080611117184162,-0.003080611117184162,-0.003080611117184162,-0.003080611117184162,human
NNAT,-0.0030645004007965326,-0.0030645004007965326,-0.0030645004007965326,-0.0030645004007965326,human
VGF,-0.003020749194547534,-0.003020749194547534,-0.003020749194547534,-0.003020749194547534,human
LY6G5C,-0.002992394380271435,-0.002992394380271435,-0.002992394380271435,-0.002992394380271435,human
NPPA,-0.0029885508120059967,-0.0029885508120059967,-0.0029885508120059967,-0.0029885508120059967,human
SDHAP1,-0.002981319557875395,-0.002981319557875395,-0.002981319557875395,-0.002981319557875395,human
CALM3,-0.0029337687883526087,-0.0029337687883526087,-0.0029337687883526087,-0.0029337687883526087,human
CTAGE8,-0.0029260730370879173,-0.0029260730370879173,-0.0029260730370879173,-0.0029260730370879173,human
UBE2L6,-0.002874212572351098,-0.002874212572351098,-0.002874212572351098,-0.002874212572351098,human
SEMA4A,-0.0028695024084299803,-0.0028695024084299803,-0.0028695024084299803,-0.0028695024084299803,human
PRODH2,-0.0028595298063009977,-0.0028595298063009977,-0.0028595298063009977,-0.0028595298063009977,human
APOD,-0.0028589211869984865,-0.0028589211869984865,-0.0028589211869984865,-0.0028589211869984865,human
DUX4L2,-0.00285891885869205,-0.00285891885869205,-0.00285891885869205,-0.00285891885869205,human
RPS6,-0.002857270184904337,-0.002857270184904337,-0.002857270184904337,-0.002857270184904337,human
HIST1H2AJ,-0.002853173529729247,-0.002853173529729247,-0.002853173529729247,-0.002853173529729247,human
TMA7,-0.002843467053025961,-0.002843467053025961,-0.002843467053025961,-0.002843467053025961,human
PF4V1,-0.0028144328389316797,-0.0028144328389316797,-0.0028144328389316797,-0.0028144328389316797,human
CD82,-0.002813599305227399,-0.002813599305227399,-0.002813599305227399,-0.002813599305227399,human
RPL8,-0.0027918124105781317,-0.0027918124105781317,-0.0027918124105781317,-0.0027918124105781317,human
REEP2,-0.0027808293234556913,-0.0027808293234556913,-0.0027808293234556913,-0.0027808293234556913,human
RNF167,-0.00272417557425797,-0.00272417557425797,-0.00272417557425797,-0.00272417557425797,human
PRDX6,-0.0026945979334414005,-0.0026945979334414005,-0.0026945979334414005,-0.0026945979334414005,human
GLI1,-0.002683939877897501,-0.002683939877897501,-0.002683939877897501,-0.002683939877897501,human
AATK,-0.002651969902217388,-0.002651969902217388,-0.002651969902217388,-0.002651969902217388,human
DDX11,-0.0026394168380647898,-0.0026394168380647898,-0.0026394168380647898,-0.0026394168380647898,human
PTPRO,-0.002630233531817794,-0.002630233531817794,-0.002630233531817794,-0.002630233531817794,human
RPS3,-0.002603735774755478,-0.002603735774755478,-0.002603735774755478,-0.002603735774755478,human
FKSG49,-0.002599281258881092,-0.002599281258881092,-0.002599281258881092,-0.002599281258881092,human
RPS4X,-0.002594424644485116,-0.002594424644485116,-0.002594424644485116,-0.002594424644485116,human
PPIA,-0.0025818662252277136,-0.0025818662252277136,-0.0025818662252277136,-0.0025818662252277136,human
ZNF629,-0.002550998004153371,-0.002550998004153371,-0.002550998004153371,-0.002550998004153371,human
MTHFS,-0.002526006195694208,-0.002526006195694208,-0.002526006195694208,-0.002526006195694208,human
INO80D,-0.002505658892914653,-0.002505658892914653,-0.002505658892914653,-0.002505658892914653,human
AMT,-0.0025042379274964333,-0.0025042379274964333,-0.0025042379274964333,-0.0025042379274964333,human
SRSF6,-0.0024881160352379084,-0.0024881160352379084,-0.0024881160352379084,-0.0024881160352379084,human
UBB,-0.0024524107575416565,-0.0024524107575416565,-0.0024524107575416565,-0.0024524107575416565,human
MOSPD3,-0.002444760175421834,-0.002444760175421834,-0.002444760175421834,-0.002444760175421834,human
DUSP22,-0.0024401445407420397,-0.0024401445407420397,-0.0024401445407420397,-0.0024401445407420397,human
NIPAL2,-0.0024377123918384314,-0.0024377123918384314,-0.0024377123918384314,-0.0024377123918384314,human
LOC254896,-0.0024208701215684414,-0.0024208701215684414,-0.0024208701215684414,-0.0024208701215684414,human
PDLIM1,-0.002377725439146161,-0.002377725439146161,-0.002377725439146161,-0.002377725439146161,human
TRPM2,-0.0023761512711644173,-0.0023761512711644173,-0.0023761512711644173,-0.0023761512711644173,human
SLC22A14,-0.0023736911825835705,-0.0023736911825835705,-0.0023736911825835705,-0.0023736911825835705,human
SASH3,-0.002367261564359069,-0.002367261564359069,-0.002367261564359069,-0.002367261564359069,human
RAB3IL1,-0.0023501317482441664,-0.0023501317482441664,-0.0023501317482441664,-0.0023501317482441664,human
LIMS2,-0.0023385060485452414,-0.0023385060485452414,-0.0023385060485452414,-0.0023385060485452414,human
EEF1G,-0.0023258235305547714,-0.0023258235305547714,-0.0023258235305547714,-0.0023258235305547714,human
