gene_symbol,logfc_dz:154,logfc_dz:236,mean_logfc,median_logfc,common_experiment,organism
MYL3,0.2385198473930359,-0.025527609512209892,0.106496118940413,0.106496118940413,-0.025527609512209892,human
ACTN3,0.2309488207101822,0.04677104949951172,0.13885993510484695,0.13885993510484695,0.04677104949951172,human
HBA2,0.1947334259748459,-0.10922617465257645,0.04275362566113472,0.04275362566113472,-0.10922617465257645,human
MYH7,0.17671537399291992,-0.09512726217508316,0.04079405590891838,0.04079405590891838,-0.09512726217508316,human
FTH1P5,0.13500598073005676,-0.0183861181139946,0.05830993130803108,0.05830993130803108,-0.0183861181139946,human
TCAP,0.11853519082069397,-0.06992293149232864,0.024306129664182663,0.024306129664182663,-0.06992293149232864,human
COX7A1,0.11560843884944916,-0.022833826020359993,0.04638730641454458,0.04638730641454458,-0.022833826020359993,human
CHCHD10,0.1009424701333046,,0.1009424701333046,0.1009424701333046,,human
TMOD4,0.09384385496377945,,0.09384385496377945,0.09384385496377945,,human
AKR1C3,0.08861740678548813,0.022861678153276443,0.055739542469382286,0.055739542469382286,0.022861678153276443,human
NDUFA1,0.08789560943841934,-0.03776991367340088,0.02506284788250923,0.02506284788250923,-0.03776991367340088,human
C8orf22,0.08517688512802124,,0.08517688512802124,0.08517688512802124,,human
SEPW1,0.0831209197640419,0.04545588418841362,0.06428840197622776,0.06428840197622776,0.04545588418841362,human
IL17D,0.0802614614367485,,0.0802614614367485,0.0802614614367485,,human
MYBPC2,0.07881899178028107,0.017654644325375557,0.04823681805282831,0.04823681805282831,0.017654644325375557,human
LMOD2,0.07713350653648376,,0.07713350653648376,0.07713350653648376,,human
ATF4,0.07537289708852768,-0.05176520347595215,0.011803846806287766,0.011803846806287766,-0.05176520347595215,human
LINC01405,0.07519204169511795,,0.07519204169511795,0.07519204169511795,,human
CA3,0.07452816516160965,-0.019539622589945793,0.027494271285831928,0.027494271285831928,-0.019539622589945793,human
TNNC1,0.07288813591003418,0.015231600031256676,0.04405986797064543,0.04405986797064543,0.015231600031256676,human
LOC285556,0.0725090503692627,,0.0725090503692627,0.0725090503692627,,human
MRPL33,0.07239100337028503,-0.10359004884958267,-0.015599522739648819,-0.015599522739648819,-0.10359004884958267,human
ATP5J,0.0703660100698471,0.034990713000297546,0.05267836153507233,0.05267836153507233,0.034990713000297546,human
TMA7,0.06885634362697601,-0.05058170482516289,0.009137319400906563,0.009137319400906563,-0.05058170482516289,human
PLN,0.06829682737588882,0.025087567046284676,0.04669219721108675,0.04669219721108675,0.025087567046284676,human
UBC,0.06711898744106293,-0.07594356685876846,-0.004412289708852768,-0.004412289708852768,-0.07594356685876846,human
SUPT20H,0.06635923683643341,-0.039729852229356766,0.013314692303538322,0.013314692303538322,-0.039729852229356766,human
APOBEC2,0.0660276934504509,,0.0660276934504509,0.0660276934504509,,human
TNNI1,0.06489362567663193,-0.0634172186255455,0.0007382035255432129,0.0007382035255432129,-0.0634172186255455,human
UQCRQ,0.06423339247703552,,0.06423339247703552,0.06423339247703552,,human
LGALS1,0.06414038687944412,-0.08628392964601517,-0.011071771383285522,-0.011071771383285522,-0.08628392964601517,human
CKMT2,0.06298507004976273,,0.06298507004976273,0.06298507004976273,,human
CRYAB,0.06285898387432098,-0.06448610872030258,-0.000813562422990799,-0.000813562422990799,-0.06448610872030258,human
TNNT1,0.05718522518873215,-0.09702963382005692,-0.019922204315662384,-0.019922204315662384,-0.09702963382005692,human
SERPINF1,0.05323370173573494,0.02816079929471016,0.04069725051522255,0.04069725051522255,0.02816079929471016,human
GNG5,0.05296652019023895,-0.015224707312881947,0.018870906438678503,0.018870906438678503,-0.015224707312881947,human
GBAS,0.049194253981113434,0.021036425605416298,0.035115339793264866,0.035115339793264866,0.021036425605416298,human
ETFA,0.04913007467985153,0.01744673028588295,0.03328840248286724,0.03328840248286724,0.01744673028588295,human
EPDR1,0.0487990640103817,,0.0487990640103817,0.0487990640103817,,human
MT1X,0.04810022562742233,0.03364613652229309,0.04087318107485771,0.04087318107485771,0.03364613652229309,human
LDHA,0.04714050889015198,-0.07497786730527878,-0.0139186792075634,-0.0139186792075634,-0.07497786730527878,human
USMG5,0.046756334602832794,,0.046756334602832794,0.046756334602832794,,human
PINK1,0.04652448743581772,-0.07374009490013123,-0.013607803732156754,-0.013607803732156754,-0.07374009490013123,human
CEBPB,0.046299759298563004,0.014266678132116795,0.0302832187153399,0.0302832187153399,0.014266678132116795,human
NDUFA13,0.04446643218398094,,0.04446643218398094,0.04446643218398094,,human
COX8A,0.04427997022867203,-0.10679682344198227,-0.03125842660665512,-0.03125842660665512,-0.10679682344198227,human
DBI,0.04386873543262482,0.037843137979507446,0.04085593670606613,0.04085593670606613,0.037843137979507446,human
TMEM38A,0.04375629499554634,,0.04375629499554634,0.04375629499554634,,human
C4orf46,0.04335668683052063,-0.06260763108730316,-0.009625472128391266,-0.009625472128391266,-0.06260763108730316,human
C20orf24,0.04320366680622101,0.019964391365647316,0.03158402908593416,0.03158402908593416,0.019964391365647316,human
MYH4,0.042608655989170074,,0.042608655989170074,0.042608655989170074,,human
NDUFV2,0.04242071881890297,0.01743648573756218,0.029928602278232574,0.029928602278232574,0.01743648573756218,human
ACADM,0.04158870875835419,0.09001482278108597,0.06580176576972008,0.06580176576972008,0.09001482278108597,human
CYC1,0.04147202894091606,,0.04147202894091606,0.04147202894091606,,human
MT2A,0.03991293907165527,,0.03991293907165527,0.03991293907165527,,human
AGL,0.039903074502944946,0.0186895914375782,0.029296332970261574,0.029296332970261574,0.0186895914375782,human
NFE2L1,0.03984743356704712,,0.03984743356704712,0.03984743356704712,,human
CORO6,0.03941359370946884,,0.03941359370946884,0.03941359370946884,,human
SH3BGR,0.03826819732785225,0.04871472343802452,0.043491460382938385,0.043491460382938385,0.04871472343802452,human
HBG2,0.0380186103284359,0.02214023284614086,0.03007942158728838,0.03007942158728838,0.02214023284614086,human
RAB10,0.03771974518895149,,0.03771974518895149,0.03771974518895149,,human
AK1,0.037676334381103516,,0.037676334381103516,0.037676334381103516,,human
COX6C,0.03764565661549568,0.02679182030260563,0.032218738459050655,0.032218738459050655,0.02679182030260563,human
RTN2,0.037529606372117996,0.02186194621026516,0.029695776291191578,0.029695776291191578,0.02186194621026516,human
ACYP2,0.03743620589375496,,0.03743620589375496,0.03743620589375496,,human
HBB,0.03694615885615349,-0.09402099251747131,-0.028537416830658913,-0.028537416830658913,-0.09402099251747131,human
ABRA,0.03642452880740166,,0.03642452880740166,0.03642452880740166,,human
UQCRFS1,0.036225516349077225,-0.030085833743214607,0.0030698413029313087,0.0030698413029313087,-0.030085833743214607,human
TRIM63,0.03596723824739456,,0.03596723824739456,0.03596723824739456,,human
MYH1,0.03587660938501358,,0.03587660938501358,0.03587660938501358,,human
NDUFAB1,0.035596009343862534,,0.035596009343862534,0.035596009343862534,,human
LINC00948,0.03450872376561165,,0.03450872376561165,0.03450872376561165,,human
BAG3,0.03413240239024162,0.0423731729388237,0.03825278766453266,0.03825278766453266,0.0423731729388237,human
MKNK2,0.0335976742208004,0.04433728754520416,0.03896748088300228,0.03896748088300228,0.04433728754520416,human
RPL10,0.03351318836212158,-0.03793421760201454,-0.00221051461994648,-0.00221051461994648,-0.03793421760201454,human
ACADVL,0.03291991353034973,-0.0251927450299263,0.0038635842502117157,0.0038635842502117157,-0.0251927450299263,human
PFN2,0.03240254893898964,-0.024968700483441353,0.0037169242277741432,0.0037169242277741432,-0.024968700483441353,human
CASQ1,0.0321890190243721,-0.048470210283994675,-0.008140595629811287,-0.008140595629811287,-0.048470210283994675,human
FAM220A,0.031114738434553146,,0.031114738434553146,0.031114738434553146,,human
ANO5,0.03056860715150833,,0.03056860715150833,0.03056860715150833,,human
NDUFA4,0.030412405729293823,,0.030412405729293823,0.030412405729293823,,human
PDHX,0.030381033197045326,,0.030381033197045326,0.030381033197045326,,human
UQCRC1,0.03038092702627182,,0.03038092702627182,0.03038092702627182,,human
WWP1,0.030343929305672646,,0.030343929305672646,0.030343929305672646,,human
ISCU,0.030321303755044937,-0.016444668173789978,0.0069383177906274796,0.0069383177906274796,-0.016444668173789978,human
PDP1,0.030245628207921982,,0.030245628207921982,0.030245628207921982,,human
FTH1,0.02977180853486061,,0.02977180853486061,0.02977180853486061,,human
GMPR,0.029636485502123833,0.03173455595970154,0.030685520730912685,0.030685520730912685,0.03173455595970154,human
PGAM2,0.029552185907959938,-0.02252964861690998,0.0035112686455249786,0.0035112686455249786,-0.02252964861690998,human
PSMB6,0.029507314786314964,0.0347898043692112,0.03214855957776308,0.03214855957776308,0.0347898043692112,human
RRAGD,0.029470479115843773,,0.029470479115843773,0.029470479115843773,,human
NDUFB11,0.02904912270605564,,0.02904912270605564,0.02904912270605564,,human
ATP5I,0.028410332277417183,-0.016165735200047493,0.006122298538684845,0.006122298538684845,-0.016165735200047493,human
NDUFB5,0.028355946764349937,0.028532331809401512,0.028444139286875725,0.028444139286875725,0.028532331809401512,human
GHR,0.02803543396294117,0.020893201231956482,0.024464317597448826,0.024464317597448826,0.020893201231956482,human
SPARC,0.027967622503638268,,0.027967622503638268,0.027967622503638268,,human
FHL3,0.027964014559984207,0.06282167136669159,0.0453928429633379,0.0453928429633379,0.06282167136669159,human
COX6A2,0.02796267718076706,-0.0417647548019886,-0.006901038810610771,-0.006901038810610771,-0.0417647548019886,human
KTN1,0.027886446565389633,-0.014926914125680923,0.006479766219854355,0.006479766219854355,-0.014926914125680923,human
DDIT4,0.027805106714367867,0.016011031344532967,0.021908069029450417,0.021908069029450417,0.016011031344532967,human
LOC100129361,0.027681488543748856,,0.027681488543748856,0.027681488543748856,,human
IMPA2,0.027680570259690285,0.03101082146167755,0.029345695860683918,0.029345695860683918,0.03101082146167755,human
ECH1,0.027554739266633987,-0.01715451292693615,0.005200113169848919,0.005200113169848919,-0.01715451292693615,human
LINC00116,0.027076691389083862,,0.027076691389083862,0.027076691389083862,,human
UBB,0.027061976492404938,,0.027061976492404938,0.027061976492404938,,human
ATP5G3,0.02699580043554306,,0.02699580043554306,0.02699580043554306,,human
STARD7,0.026218706741929054,0.12329965829849243,0.07475918252021074,0.07475918252021074,0.12329965829849243,human
SLC38A2,0.02616175077855587,0.017306478694081306,0.021734114736318588,0.021734114736318588,0.017306478694081306,human
SMTNL2,0.025702157989144325,,0.025702157989144325,0.025702157989144325,,human
MYBPC1,0.02553653158247471,-0.04578804224729538,-0.010125755332410336,-0.010125755332410336,-0.04578804224729538,human
HRC,0.025381281971931458,,0.025381281971931458,0.025381281971931458,,human
SOD1,0.025357089936733246,-0.01790226809680462,0.0037274109199643135,0.0037274109199643135,-0.01790226809680462,human
NDUFB9,0.025293150916695595,,0.025293150916695595,0.025293150916695595,,human
PKIA,0.025102835148572922,0.03666554018855095,0.030884187668561935,0.030884187668561935,0.03666554018855095,human
MYLK4,0.02506464347243309,,0.02506464347243309,0.02506464347243309,,human
POPDC3,0.024866575375199318,,0.024866575375199318,0.024866575375199318,,human
GOT2,0.024598948657512665,0.04952738434076309,0.03706316649913788,0.03706316649913788,0.04952738434076309,human
SERINC1,0.024553246796131134,,0.024553246796131134,0.024553246796131134,,human
NDUFA12,0.02455226518213749,,0.02455226518213749,0.02455226518213749,,human
GCSHP5,0.024515388533473015,,0.024515388533473015,0.024515388533473015,,human
FEZ2,0.02438906580209732,,0.02438906580209732,0.02438906580209732,,human
FAM96A,0.0243691373616457,,0.0243691373616457,0.0243691373616457,,human
ATP1A2,0.024201225489377975,0.015358297154307365,0.01977976132184267,0.01977976132184267,0.015358297154307365,human
FAM214A,0.023511381819844246,,0.023511381819844246,0.023511381819844246,,human
TMEM47,0.023320361971855164,,0.023320361971855164,0.023320361971855164,,human
ATP1B1,0.02331199124455452,0.0164968091994524,0.01990440022200346,0.01990440022200346,0.0164968091994524,human
COX5B,0.023045971989631653,,0.023045971989631653,0.023045971989631653,,human
FHL2,0.022992268204689026,0.01916046440601349,0.021076366305351257,0.021076366305351257,0.01916046440601349,human
ANKRD46,0.022953862324357033,,0.022953862324357033,0.022953862324357033,,human
HSPA2,0.022883236408233643,0.05324988439679146,0.03806656040251255,0.03806656040251255,0.05324988439679146,human
ALDOA,0.02279418520629406,0.020846068859100342,0.0218201270326972,0.0218201270326972,0.020846068859100342,human
NGRN,0.022461893036961555,-0.023266850039362907,-0.00040247850120067596,-0.00040247850120067596,-0.023266850039362907,human
MYLK2,0.022395821288228035,,0.022395821288228035,0.022395821288228035,,human
PPP1R1A,0.022246316075325012,,0.022246316075325012,0.022246316075325012,,human
C10orf32,0.022190283983945847,,0.022190283983945847,0.022190283983945847,,human
SLIRP,0.022100601345300674,,0.022100601345300674,0.022100601345300674,,human
BOLA3,0.021487893536686897,,0.021487893536686897,0.021487893536686897,,human
PKM,0.02129199169576168,0.030728179961442947,0.026010085828602314,0.026010085828602314,0.030728179961442947,human
C12orf75,0.021172670647501945,,0.021172670647501945,0.021172670647501945,,human
CCNG1,0.021066773682832718,0.03484095260500908,0.0279538631439209,0.0279538631439209,0.03484095260500908,human
OAZ1,0.02091125026345253,,0.02091125026345253,0.02091125026345253,,human
GABARAPL2,0.020501723513007164,,0.020501723513007164,0.020501723513007164,,human
CDK2AP1,0.020421994850039482,,0.020421994850039482,0.020421994850039482,,human
DECR1,0.020236246287822723,,0.020236246287822723,0.020236246287822723,,human
MICU2,0.020173944532871246,0.021093210205435753,0.0206335773691535,0.0206335773691535,0.021093210205435753,human
MRPS24,0.01953117921948433,,0.01953117921948433,0.01953117921948433,,human
CRAT,0.019501592963933945,,0.019501592963933945,0.019501592963933945,,human
TXLNB,0.019478168338537216,,0.019478168338537216,0.019478168338537216,,human
FITM1,0.019423654302954674,,0.019423654302954674,0.019423654302954674,,human
NDUFC1,0.019322868436574936,0.05129646509885788,0.03530966676771641,0.03530966676771641,0.05129646509885788,human
PSMB5,0.019183499738574028,0.0179580170661211,0.018570758402347565,0.018570758402347565,0.0179580170661211,human
PRDX6,0.019079187884926796,,0.019079187884926796,0.019079187884926796,,human
MT1HL1,0.019058676436543465,0.03302306309342384,0.026040869764983654,0.026040869764983654,0.03302306309342384,human
PRRG1,0.01902678981423378,0.014705691486597061,0.01686624065041542,0.01686624065041542,0.014705691486597061,human
GTF3C6,0.018902653828263283,,0.018902653828263283,0.018902653828263283,,human
ECHS1,0.018554827198386192,,0.018554827198386192,0.018554827198386192,,human
PRKAG3,0.018520833924412727,,0.018520833924412727,0.018520833924412727,,human
GLRX,0.01848480850458145,,0.01848480850458145,0.01848480850458145,,human
CFD,0.018271729350090027,-0.03267155960202217,-0.007199915125966072,-0.007199915125966072,-0.03267155960202217,human
HK1,0.018262237310409546,-0.01870732009410858,-0.00022254139184951782,-0.00022254139184951782,-0.01870732009410858,human
CHCHD2,0.018258798867464066,,0.018258798867464066,0.018258798867464066,,human
IDI2,0.01811656542122364,,0.01811656542122364,0.01811656542122364,,human
MSTN,0.01797676645219326,,0.01797676645219326,0.01797676645219326,,human
NDUFA3,0.01793750748038292,0.04106591269373894,0.02950171008706093,0.02950171008706093,0.04106591269373894,human
ZYG11B,0.017860347405076027,,0.017860347405076027,0.017860347405076027,,human
MAF1,0.01781550794839859,,0.01781550794839859,0.01781550794839859,,human
PDK4,0.017608661204576492,-0.034723199903964996,-0.008557269349694252,-0.008557269349694252,-0.034723199903964996,human
MT1H,0.017589211463928223,0.03212308511137962,0.024856148287653923,0.024856148287653923,0.03212308511137962,human
DPM1,0.017524264752864838,,0.017524264752864838,0.017524264752864838,,human
PCBP1,0.017512520775198936,0.028180748224258423,0.02284663449972868,0.02284663449972868,0.028180748224258423,human
UQCRH,0.017456654459238052,-0.021563805639743805,-0.0020535755902528763,-0.0020535755902528763,-0.021563805639743805,human
NDUFS3,0.017417673021554947,-0.054401472210884094,-0.018491899594664574,-0.018491899594664574,-0.054401472210884094,human
GUCD1,0.017264744266867638,,0.017264744266867638,0.017264744266867638,,human
CARNS1,0.01722489297389984,,0.01722489297389984,0.01722489297389984,,human
HSPB2,0.017220202833414078,-0.01975839026272297,-0.0012690937146544456,-0.0012690937146544456,-0.01975839026272297,human
GLRX5,0.017208976671099663,,0.017208976671099663,0.017208976671099663,,human
SEC31B,0.017097534611821175,,0.017097534611821175,0.017097534611821175,,human
BLVRB,0.016916323453187943,,0.016916323453187943,0.016916323453187943,,human
COPS5,0.016898754984140396,0.024448245763778687,0.02067350037395954,0.02067350037395954,0.024448245763778687,human
NDUFB10,0.016847891733050346,,0.016847891733050346,0.016847891733050346,,human
MRPS6,0.01669258065521717,,0.01669258065521717,0.01669258065521717,,human
STRADB,0.016629988327622414,,0.016629988327622414,0.016629988327622414,,human
TIMMDC1,0.016609564423561096,,0.016609564423561096,0.016609564423561096,,human
COX6B1,0.01655098982155323,,0.01655098982155323,0.01655098982155323,,human
PKDCC,0.016462339088320732,,0.016462339088320732,0.016462339088320732,,human
MIR22HG,0.01643298752605915,,0.01643298752605915,0.01643298752605915,,human
GPX4,0.016375912353396416,0.02253277786076069,0.019454345107078552,0.019454345107078552,0.02253277786076069,human
DUSP13,0.016354262828826904,0.01915169693529606,0.01775297988206148,0.01775297988206148,0.01915169693529606,human
UQCR10,0.01626747101545334,-0.04413829371333122,-0.013935411348938942,-0.013935411348938942,-0.04413829371333122,human
ARRDC2,0.016263600438833237,,0.016263600438833237,0.016263600438833237,,human
NOP10,0.01612228713929653,,0.01612228713929653,0.01612228713929653,,human
GABARAPL3,0.01582149975001812,,0.01582149975001812,0.01582149975001812,,human
TECRL,0.015664594247937202,,0.015664594247937202,0.015664594247937202,,human
PPP1R3A,0.015580963343381882,,0.015580963343381882,0.015580963343381882,,human
FEM1A,0.015438892878592014,,0.015438892878592014,0.015438892878592014,,human
OST4,0.015398982912302017,,0.015398982912302017,0.015398982912302017,,human
PXMP2,0.015274454839527607,,0.015274454839527607,0.015274454839527607,,human
ATPIF1,0.015259458683431149,,0.015259458683431149,0.015259458683431149,,human
HRASLS,0.01521806139498949,,0.01521806139498949,0.01521806139498949,,human
SDHAP1,0.015214597806334496,0.0177316777408123,0.0164731377735734,0.0164731377735734,0.0177316777408123,human
E2F8,0.01515870075672865,,0.01515870075672865,0.01515870075672865,,human
TSPAN8,0.015011414885520935,0.02183685079216957,0.018424132838845253,0.018424132838845253,0.02183685079216957,human
KCNS3,0.01480128988623619,0.01573227345943451,0.01526678167283535,0.01526678167283535,0.01573227345943451,human
IARS2,0.014740322716534138,,0.014740322716534138,0.014740322716534138,,human
LMOD3,0.014697029255330563,,0.014697029255330563,0.014697029255330563,,human
CNBP,0.014675884507596493,-0.0468938909471035,-0.016109003219753504,-0.016109003219753504,-0.0468938909471035,human
ATP5B,0.014637614600360394,,0.014637614600360394,0.014637614600360394,,human
SGCA,0.014601455070078373,,0.014601455070078373,0.014601455070078373,,human
H2AFZ,0.014526492916047573,0.01786445453763008,0.016195473726838827,0.016195473726838827,0.01786445453763008,human
SLC19A2,0.014504380524158478,,0.014504380524158478,0.014504380524158478,,human
GPT2,0.014495348557829857,,0.014495348557829857,0.014495348557829857,,human
PTP4A2,0.014471261762082577,,0.014471261762082577,0.014471261762082577,,human
IDH2,0.014459818601608276,,0.014459818601608276,0.014459818601608276,,human
TMEM52,0.014434637501835823,,0.014434637501835823,0.014434637501835823,,human
HOMER1,0.014418579638004303,0.022682152688503265,0.018550366163253784,0.018550366163253784,0.022682152688503265,human
GAMT,0.01431941892951727,-0.05347587168216705,-0.019578226376324892,-0.019578226376324892,-0.05347587168216705,human
ZCRB1,0.01428853441029787,,0.01428853441029787,0.01428853441029787,,human
ASB5,0.014274380169808865,,0.014274380169808865,0.014274380169808865,,human
SYNC,0.014163374900817871,,0.014163374900817871,0.014163374900817871,,human
SUCLA2,0.01404514815658331,0.020891737192869186,0.017468442674726248,0.017468442674726248,0.020891737192869186,human
PDHB,0.014040685258805752,-0.01720201037824154,-0.0015806625597178936,-0.0015806625597178936,-0.01720201037824154,human
FABP3,0.01403515599668026,,0.01403515599668026,0.01403515599668026,,human
COX7B,0.01397649198770523,0.02096642181277275,0.01747145690023899,0.01747145690023899,0.02096642181277275,human
PPAPDC3,0.013967512175440788,,0.013967512175440788,0.013967512175440788,,human
MRPS36,0.013944105245172977,,0.013944105245172977,0.013944105245172977,,human
NUDT19,0.013897410593926907,,0.013897410593926907,0.013897410593926907,,human
PPP1R16A,0.013860192149877548,,0.013860192149877548,0.013860192149877548,,human
NDUFB3,0.013842985965311527,0.03363744169473648,0.023740213830024004,0.023740213830024004,0.03363744169473648,human
PSMD2,0.01381810661405325,,0.01381810661405325,0.01381810661405325,,human
GPX1,0.013811888173222542,,0.013811888173222542,0.013811888173222542,,human
TRMT10C,0.013783836737275124,,0.013783836737275124,0.013783836737275124,,human
FBXO40,0.013715960085391998,,0.013715960085391998,0.013715960085391998,,human
HSPB3,0.01368029322475195,0.035171277821063995,0.024425785522907972,0.024425785522907972,0.035171277821063995,human
NDUFS6,0.013601526618003845,,0.013601526618003845,0.013601526618003845,,human
LAMTOR1,0.013597937300801277,,0.013597937300801277,0.013597937300801277,,human
EIF4H,0.013590251095592976,,0.013590251095592976,0.013590251095592976,,human
WBP1L,0.013431564904749393,,0.013431564904749393,0.013431564904749393,,human
KCNJ2,0.013405813835561275,,0.013405813835561275,0.013405813835561275,,human
HMGN3,0.013303335756063461,0.03688546642661095,0.025094401091337204,0.025094401091337204,0.03688546642661095,human
PSMC6,0.013276254758238792,,0.013276254758238792,0.013276254758238792,,human
FBXO32,0.013145611621439457,,0.013145611621439457,0.013145611621439457,,human
ALDH2,0.013127795420587063,,0.013127795420587063,0.013127795420587063,,human
ITGB1BP2,0.013115453533828259,0.014784605242311954,0.013950029388070107,0.013950029388070107,0.014784605242311954,human
AKR1C2,0.012989047914743423,0.03403580188751221,0.023512424901127815,0.023512424901127815,0.03403580188751221,human
AK3,0.012981443665921688,,0.012981443665921688,0.012981443665921688,,human
PHKA1,0.012947158887982368,,0.012947158887982368,0.012947158887982368,,human
CA2,0.012897606939077377,,0.012897606939077377,0.012897606939077377,,human
SMCO1,0.01284116506576538,,0.01284116506576538,0.01284116506576538,,human
ADCK3,0.01282142661511898,0.0565386526286602,0.03468003962188959,0.03468003962188959,0.0565386526286602,human
GBE1,0.012757704593241215,,0.012757704593241215,0.012757704593241215,,human
ATP5G1,0.012722574174404144,,0.012722574174404144,0.012722574174404144,,human
HEBP2,0.0126714576035738,-0.029474731534719467,-0.008401636965572834,-0.008401636965572834,-0.029474731534719467,human
BNIP3,0.012614975683391094,-0.019277825951576233,-0.0033314251340925694,-0.0033314251340925694,-0.019277825951576233,human
APOO,0.012536639347672462,,0.012536639347672462,0.012536639347672462,,human
USP13,0.012468516826629639,,0.012468516826629639,0.012468516826629639,,human
PCYOX1,0.012467390857636929,,0.012467390857636929,0.012467390857636929,,human
DDX1,0.0124273132532835,,0.0124273132532835,0.0124273132532835,,human
PFKFB3,0.012425451539456844,-0.04991091415286064,-0.0187427313067019,-0.0187427313067019,-0.04991091415286064,human
KLHDC2,0.012352489866316319,-0.017090177163481712,-0.002368843648582697,-0.002368843648582697,-0.017090177163481712,human
ADHFE1,0.012348692864179611,,0.012348692864179611,0.012348692864179611,,human
TXNIP,0.012251312844455242,,0.012251312844455242,0.012251312844455242,,human
BLOC1S2,0.01216797437518835,,0.01216797437518835,0.01216797437518835,,human
MRPL36,0.01216158177703619,,0.01216158177703619,0.01216158177703619,,human
HIBCH,0.012088349089026451,,0.012088349089026451,0.012088349089026451,,human
LOC729680,0.012086112052202225,,0.012086112052202225,0.012086112052202225,,human
PRDX5,0.011998847126960754,,0.011998847126960754,0.011998847126960754,,human
CALM1,0.011965453624725342,,0.011965453624725342,0.011965453624725342,,human
C14orf2,0.011939454823732376,0.01680593192577362,0.014372693374752998,0.014372693374752998,0.01680593192577362,human
SERPINA5,0.011935539543628693,,0.011935539543628693,0.011935539543628693,,human
RPL7L1,0.011874832212924957,,0.011874832212924957,0.011874832212924957,,human
GNG10,0.011853672564029694,,0.011853672564029694,0.011853672564029694,,human
G0S2,0.011840208433568478,0.05223898962140083,0.032039599027484655,0.032039599027484655,0.05223898962140083,human
LYPLA1,0.011766206473112106,,0.011766206473112106,0.011766206473112106,,human
SHISA4,0.011730177327990532,,0.011730177327990532,0.011730177327990532,,human
CUTA,0.011687652207911015,,0.011687652207911015,0.011687652207911015,,human
UBE2E3,0.011673062108457088,,0.011673062108457088,0.011673062108457088,,human
TP53INP2,0.011628065258264542,,0.011628065258264542,0.011628065258264542,,human
POMP,0.011625009588897228,,0.011625009588897228,0.011625009588897228,,human
HADHB,0.011624353006482124,,0.011624353006482124,0.011624353006482124,,human
LAP3,0.011527600698173046,,0.011527600698173046,0.011527600698173046,,human
TMEM14B,0.011483659967780113,,0.011483659967780113,0.011483659967780113,,human
UQCRB,0.011473125778138638,,0.011473125778138638,0.011473125778138638,,human
VPS52,0.011456347070634365,,0.011456347070634365,0.011456347070634365,,human
SHISA2,0.011425178498029709,,0.011425178498029709,0.011425178498029709,,human
MRPL13,0.011413520202040672,,0.011413520202040672,0.011413520202040672,,human
PEBP1,0.011363493278622627,,0.011363493278622627,0.011363493278622627,,human
GSDMC,0.011266021057963371,,0.011266021057963371,0.011266021057963371,,human
BZW2,0.011188261210918427,-0.022947082296013832,-0.005879410542547703,-0.005879410542547703,-0.022947082296013832,human
GOT1,0.011131982319056988,,0.011131982319056988,0.011131982319056988,,human
AFG3L2,0.01102915033698082,,0.01102915033698082,0.01102915033698082,,human
FAM134B,0.010994026437401772,,0.010994026437401772,0.010994026437401772,,human
MRPL14,0.010941065847873688,,0.010941065847873688,0.010941065847873688,,human
SNTA1,0.010913685895502567,,0.010913685895502567,0.010913685895502567,,human
MRPL51,0.010835877619683743,,0.010835877619683743,0.010835877619683743,,human
STK25,0.010789318941533566,,0.010789318941533566,0.010789318941533566,,human
CACNB1,0.010778906755149364,,0.010778906755149364,0.010778906755149364,,human
RRAGA,0.010738757438957691,0.016505032777786255,0.013621895108371973,0.013621895108371973,0.016505032777786255,human
LRP1B,0.01073579303920269,,0.01073579303920269,0.01073579303920269,,human
HIGD2A,0.010670707561075687,,0.010670707561075687,0.010670707561075687,,human
RASSF3,0.010585189796984196,,0.010585189796984196,0.010585189796984196,,human
COL4A1,0.010574162006378174,,0.010574162006378174,0.010574162006378174,,human
NDUFA8,0.010555190965533257,,0.010555190965533257,0.010555190965533257,,human
LOC646903,0.01054907776415348,,0.01054907776415348,0.01054907776415348,,human
TOB1,0.010541698895394802,0.04028388857841492,0.02541279373690486,0.02541279373690486,0.04028388857841492,human
SLC25A12,0.010499882511794567,,0.010499882511794567,0.010499882511794567,,human
LOC151121,0.010495218448340893,,0.010495218448340893,0.010495218448340893,,human
SYPL2,0.010486413724720478,,0.010486413724720478,0.010486413724720478,,human
HDGF,0.01043915469199419,0.037530988454818726,0.023985071573406458,0.023985071573406458,0.037530988454818726,human
FAM47E,0.010437475517392159,-0.023740071803331375,-0.006651298142969608,-0.006651298142969608,-0.023740071803331375,human
PSMD1,0.010429589077830315,0.01661258190870285,0.013521085493266582,0.013521085493266582,0.01661258190870285,human
ACVR1,0.010361517779529095,,0.010361517779529095,0.010361517779529095,,human
MAPK6,0.010276328772306442,,0.010276328772306442,0.010276328772306442,,human
MAPKAPK3,0.010255249217152596,,0.010255249217152596,0.010255249217152596,,human
HINT1,0.01023862324655056,,0.01023862324655056,0.01023862324655056,,human
UBAC1,0.010206660255789757,,0.010206660255789757,0.010206660255789757,,human
RASA4B,0.010196748189628124,,0.010196748189628124,0.010196748189628124,,human
DNAJC19,0.010169743560254574,,0.010169743560254574,0.010169743560254574,,human
KLHL21,0.010162288323044777,,0.010162288323044777,0.010162288323044777,,human
RBM20,0.010131683200597763,,0.010131683200597763,0.010131683200597763,,human
TBX15,0.01011039037257433,,0.01011039037257433,0.01011039037257433,,human
DEXI,0.00995983649045229,,0.00995983649045229,0.00995983649045229,,human
FAM210B,0.009923753328621387,,0.009923753328621387,0.009923753328621387,,human
NAA38,0.009871406480669975,,0.009871406480669975,0.009871406480669975,,human
PSMA1,0.009835617616772652,0.01788201369345188,0.013858815655112267,0.013858815655112267,0.01788201369345188,human
LOC100509694,0.009833644144237041,,0.009833644144237041,0.009833644144237041,,human
ARRDC3,0.009764253161847591,,0.009764253161847591,0.009764253161847591,,human
POLR2J,0.009748060256242752,,0.009748060256242752,0.009748060256242752,,human
LAMTOR5,0.009688091464340687,,0.009688091464340687,0.009688091464340687,,human
PLCD4,0.009684641845524311,,0.009684641845524311,0.009684641845524311,,human
REEP5,0.009672481566667557,,0.009672481566667557,0.009672481566667557,,human
TSPO,0.009618259035050869,,0.009618259035050869,0.009618259035050869,,human
MID1IP1,0.0096127325668931,0.02668394334614277,0.018148337956517935,0.018148337956517935,0.02668394334614277,human
FAM46C,0.009599373675882816,,0.009599373675882816,0.009599373675882816,,human
NAA60,0.009599322453141212,,0.009599322453141212,0.009599322453141212,,human
RPP14,0.009592872112989426,,0.009592872112989426,0.009592872112989426,,human
ENDOG,0.009542777203023434,-0.015264353714883327,-0.002860788255929947,-0.002860788255929947,-0.015264353714883327,human
FAM127A,0.009539827704429626,,0.009539827704429626,0.009539827704429626,,human
SLC40A1,0.00953576061874628,,0.00953576061874628,0.00953576061874628,,human
RHOQ,0.00953088328242302,,0.00953088328242302,0.00953088328242302,,human
PLGRKT,0.009497414343059063,,0.009497414343059063,0.009497414343059063,,human
MT1E,0.009480291977524757,0.056762367486953735,0.033121329732239246,0.033121329732239246,0.056762367486953735,human
WDR47,0.009433101862668991,,0.009433101862668991,0.009433101862668991,,human
MRPS21,0.00938942190259695,,0.00938942190259695,0.00938942190259695,,human
IFITM3,0.009379871189594269,,0.009379871189594269,0.009379871189594269,,human
PSMD12,0.009233997203409672,,0.009233997203409672,0.009233997203409672,,human
SERF2,0.009222403168678284,-0.01951102539896965,-0.005144311115145683,-0.005144311115145683,-0.01951102539896965,human
PSTPIP2,0.009178873151540756,,0.009178873151540756,0.009178873151540756,,human
BANF1,0.009162270464003086,0.0209283959120512,0.015045333188027143,0.015045333188027143,0.0209283959120512,human
REEP1,0.00915260799229145,,0.00915260799229145,0.00915260799229145,,human
CSRP3,-0.2084306925535202,0.019540611654520035,-0.09444504044950008,-0.09444504044950008,0.019540611654520035,human
XIRP2,-0.1574120819568634,,-0.1574120819568634,-0.1574120819568634,,human
EEF1A1P9,-0.13489662110805511,-0.0555836521089077,-0.09524013660848141,-0.09524013660848141,-0.0555836521089077,human
RPS2,-0.13201098144054413,,-0.13201098144054413,-0.13201098144054413,,human
MYH2,-0.12107381224632263,-0.056975796818733215,-0.08902480453252792,-0.08902480453252792,-0.056975796818733215,human
RPL13A,-0.11263422667980194,-0.026589220389723778,-0.06961172353476286,-0.06961172353476286,-0.026589220389723778,human
RPL39,-0.10527771711349487,-0.06862879544496536,-0.08695325627923012,-0.08695325627923012,-0.06862879544496536,human
HNRNPA1P10,-0.10045968741178513,-0.08398421853780746,-0.0922219529747963,-0.0922219529747963,-0.08398421853780746,human
APOD,-0.09697071462869644,-0.03796813637018204,-0.06746942549943924,-0.06746942549943924,-0.03796813637018204,human
RPL9,-0.09322042018175125,-0.0488087497651577,-0.07101458497345448,-0.07101458497345448,-0.0488087497651577,human
FLNC,-0.08739009499549866,-0.028149154037237167,-0.05776962451636791,-0.05776962451636791,-0.028149154037237167,human
RPS3,-0.08615706115961075,-0.047261085361242294,-0.06670907326042652,-0.06670907326042652,-0.047261085361242294,human
RPS18,-0.08500814437866211,,-0.08500814437866211,-0.08500814437866211,,human
HSPA1A,-0.08495574444532394,0.030322415754199028,-0.027316664345562458,-0.027316664345562458,0.030322415754199028,human
RPL12,-0.08305283635854721,-0.014868118800222874,-0.04896047757938504,-0.04896047757938504,-0.014868118800222874,human
RPL34,-0.08148099482059479,0.027944885194301605,-0.02676805481314659,-0.02676805481314659,0.027944885194301605,human
FAU,-0.07756449282169342,-0.05894537270069122,-0.06825493276119232,-0.06825493276119232,-0.05894537270069122,human
RPSA,-0.07731131464242935,,-0.07731131464242935,-0.07731131464242935,,human
RPS4X,-0.07655152678489685,-0.04186196252703667,-0.05920674465596676,-0.05920674465596676,-0.04186196252703667,human
RPL41,-0.07651238888502121,,-0.07651238888502121,-0.07651238888502121,,human
RPL4,-0.06645692139863968,0.04363388940691948,-0.0114115159958601,-0.0114115159958601,0.04363388940691948,human
RPL19,-0.06615074723958969,-0.05884856730699539,-0.06249965727329254,-0.06249965727329254,-0.05884856730699539,human
RPL24,-0.0638413056731224,-0.04297036677598953,-0.05340583622455597,-0.05340583622455597,-0.04297036677598953,human
RPL13AP5,-0.06360892951488495,,-0.06360892951488495,-0.06360892951488495,,human
RPL27,-0.06335251778364182,-0.06485915184020996,-0.06410583481192589,-0.06410583481192589,-0.06485915184020996,human
RPL8,-0.06308433413505554,,-0.06308433413505554,-0.06308433413505554,,human
TUBA4A,-0.0630786344408989,0.04955996200442314,-0.006759336218237877,-0.006759336218237877,0.04955996200442314,human
KLHL41,-0.06253550201654434,0.03133141249418259,-0.015602044761180878,-0.015602044761180878,0.03133141249418259,human
ACTC1,-0.062074124813079834,,-0.062074124813079834,-0.062074124813079834,,human
RPS29,-0.05982905626296997,-0.06197523698210716,-0.06090214662253857,-0.06090214662253857,-0.06197523698210716,human
ACTA1,-0.05881194397807121,0.057241033762693405,-0.0007854551076889038,-0.0007854551076889038,0.057241033762693405,human
ND2,-0.057173952460289,,-0.057173952460289,-0.057173952460289,,human
XIRP1,-0.05566677078604698,,-0.05566677078604698,-0.05566677078604698,,human
HSPB1,-0.055633239448070526,-0.1330823451280594,-0.09435779228806496,-0.09435779228806496,-0.1330823451280594,human
RPS10,-0.05250707268714905,-0.06967667490243912,-0.06109187379479408,-0.06109187379479408,-0.06967667490243912,human
RPL21,-0.05161834880709648,-0.024355817586183548,-0.037987083196640015,-0.037987083196640015,-0.024355817586183548,human
RPLP0,-0.051566630601882935,,-0.051566630601882935,-0.051566630601882935,,human
RPL35,-0.04850779473781586,-0.018435601145029068,-0.03347169794142246,-0.03347169794142246,-0.018435601145029068,human
EEF1B2,-0.048060495406389236,,-0.048060495406389236,-0.048060495406389236,,human
EEF1G,-0.04755189269781113,-0.06265318393707275,-0.05510253831744194,-0.05510253831744194,-0.06265318393707275,human
SNHG6,-0.04638710618019104,,-0.04638710618019104,-0.04638710618019104,,human
YWHAG,-0.04548553377389908,,-0.04548553377389908,-0.04548553377389908,,human
EEF1A1,-0.044510915875434875,-0.03394689783453941,-0.039228906854987144,-0.039228906854987144,-0.03394689783453941,human
ACTN2,-0.04417826607823372,-0.021190974861383438,-0.03268462046980858,-0.03268462046980858,-0.021190974861383438,human
RPS8,-0.04354345425963402,,-0.04354345425963402,-0.04354345425963402,,human
CMYA5,-0.04330936819314957,,-0.04330936819314957,-0.04330936819314957,,human
RPL32,-0.04316581040620804,,-0.04316581040620804,-0.04316581040620804,,human
TNNC2,-0.04277677834033966,-0.12718535959720612,-0.08498106896877289,-0.08498106896877289,-0.12718535959720612,human
TNNT3,-0.042210180312395096,-0.0545690692961216,-0.04838962480425835,-0.04838962480425835,-0.0545690692961216,human
MYOM2,-0.04214192554354668,0.01516400184482336,-0.013488961849361658,-0.013488961849361658,0.01516400184482336,human
SNHG5,-0.04143516346812248,,-0.04143516346812248,-0.04143516346812248,,human
RPS5,-0.04102674871683121,-0.034303147345781326,-0.03766494803130627,-0.03766494803130627,-0.034303147345781326,human
MYOM1,-0.039873454719781876,,-0.039873454719781876,-0.039873454719781876,,human
RPL6,-0.039732225239276886,,-0.039732225239276886,-0.039732225239276886,,human
MYLPF,-0.03958703204989433,-0.09523800760507584,-0.06741251982748508,-0.06741251982748508,-0.09523800760507584,human
SGCG,-0.03905856981873512,0.041977670043706894,0.0014595501124858856,0.0014595501124858856,0.041977670043706894,human
PHYH,-0.038479987531900406,,-0.038479987531900406,-0.038479987531900406,,human
CASQ2,-0.037887945771217346,-0.03741283714771271,-0.03765039145946503,-0.03765039145946503,-0.03741283714771271,human
DEK,-0.03777144104242325,,-0.03777144104242325,-0.03777144104242325,,human
H3F3B,-0.03712271898984909,,-0.03712271898984909,-0.03712271898984909,,human
RPL22,-0.0366629883646965,-0.016246570274233818,-0.02645477931946516,-0.02645477931946516,-0.016246570274233818,human
GYG1,-0.036017511039972305,,-0.036017511039972305,-0.036017511039972305,,human
MYH8,-0.035235580056905746,,-0.035235580056905746,-0.035235580056905746,,human
PFKM,-0.034777428954839706,,-0.034777428954839706,-0.034777428954839706,,human
QARS,-0.03475847840309143,-0.015319590456783772,-0.0250390344299376,-0.0250390344299376,-0.015319590456783772,human
SLN,-0.03442128375172615,-0.09155833721160889,-0.06298981048166752,-0.06298981048166752,-0.09155833721160889,human
ACTG1,-0.034339871257543564,-0.03670493885874748,-0.03552240505814552,-0.03552240505814552,-0.03670493885874748,human
NCOA4,-0.03429174795746803,,-0.03429174795746803,-0.03429174795746803,,human
H19,-0.03413819894194603,,-0.03413819894194603,-0.03413819894194603,,human
RPLP0P6,-0.03380521386861801,-0.03659229725599289,-0.03519875556230545,-0.03519875556230545,-0.03659229725599289,human
CUTC,-0.0333135724067688,,-0.0333135724067688,-0.0333135724067688,,human
RPL7A,-0.03251536563038826,-0.06151020899415016,-0.04701278731226921,-0.04701278731226921,-0.06151020899415016,human
SRL,-0.032381314784288406,,-0.032381314784288406,-0.032381314784288406,,human
EIF3E,-0.03225851058959961,-0.03282736614346504,-0.032542938366532326,-0.032542938366532326,-0.03282736614346504,human
LOC100506966,-0.03182756155729294,,-0.03182756155729294,-0.03182756155729294,,human
TPT1,-0.031665872782468796,0.05727023631334305,0.012802181765437126,0.012802181765437126,0.05727023631334305,human
PGM1,-0.031605228781700134,-0.024746326729655266,-0.0281757777556777,-0.0281757777556777,-0.024746326729655266,human
RPS20,-0.031541675329208374,-0.014455345459282398,-0.022998510394245386,-0.022998510394245386,-0.014455345459282398,human
BCL6,-0.031418561935424805,-0.029078759253025055,-0.03024866059422493,-0.03024866059422493,-0.029078759253025055,human
GAPDH,-0.03139101341366768,-0.018137795850634575,-0.024764404632151127,-0.024764404632151127,-0.018137795850634575,human
RPL30,-0.03137356415390968,-0.0674976259469986,-0.04943559505045414,-0.04943559505045414,-0.0674976259469986,human
RPL29,-0.031366005539894104,,-0.031366005539894104,-0.031366005539894104,,human
HSPA1B,-0.03130434826016426,0.022216225042939186,-0.004544061608612537,-0.004544061608612537,0.022216225042939186,human
ANKRD23,-0.031147683039307594,,-0.031147683039307594,-0.031147683039307594,,human
CD63,-0.031060483306646347,-0.05103238299489021,-0.04104643315076828,-0.04104643315076828,-0.05103238299489021,human
COX3,-0.030135879293084145,,-0.030135879293084145,-0.030135879293084145,,human
SLC25A3,-0.02966204099357128,,-0.02966204099357128,-0.02966204099357128,,human
TUBA1C,-0.02937229350209236,,-0.02937229350209236,-0.02937229350209236,,human
NEB,-0.02917368710041046,,-0.02917368710041046,-0.02917368710041046,,human
USO1,-0.02866724506020546,0.01483642403036356,-0.00691541051492095,-0.00691541051492095,0.01483642403036356,human
KARS,-0.028099816292524338,,-0.028099816292524338,-0.028099816292524338,,human
RPL15,-0.028087714686989784,,-0.028087714686989784,-0.028087714686989784,,human
RPL14,-0.02729964442551136,,-0.02729964442551136,-0.02729964442551136,,human
PYGM,-0.027133790776133537,-0.1034916564822197,-0.06531272362917662,-0.06531272362917662,-0.1034916564822197,human
VDAC2,-0.02695249766111374,-0.0329185388982296,-0.02993551827967167,-0.02993551827967167,-0.0329185388982296,human
CAPN3,-0.026739152148365974,-0.015970053151249886,-0.02135460264980793,-0.02135460264980793,-0.015970053151249886,human
BLCAP,-0.02669248729944229,,-0.02669248729944229,-0.02669248729944229,,human
MYOZ2,-0.026537073776125908,,-0.026537073776125908,-0.026537073776125908,,human
SMTNL1,-0.02601568214595318,,-0.02601568214595318,-0.02601568214595318,,human
MYL6B,-0.025830503553152084,0.03198341652750969,0.0030764564871788025,0.0030764564871788025,0.03198341652750969,human
MYOT,-0.025690682232379913,-0.03712959960103035,-0.03141014091670513,-0.03141014091670513,-0.03712959960103035,human
RPS16,-0.025589218363165855,-0.027596857398748398,-0.026593037880957127,-0.026593037880957127,-0.027596857398748398,human
RPL3,-0.025372479110956192,-0.054298192262649536,-0.039835335686802864,-0.039835335686802864,-0.054298192262649536,human
CAP2,-0.023560781031847,,-0.023560781031847,-0.023560781031847,,human
HFE2,-0.02304302528500557,,-0.02304302528500557,-0.02304302528500557,,human
MYL1,-0.022836264222860336,-0.06973522156476974,-0.04628574289381504,-0.04628574289381504,-0.06973522156476974,human
RPS17,-0.022346273064613342,-0.014503170736134052,-0.018424721900373697,-0.018424721900373697,-0.014503170736134052,human
MB,-0.022321606054902077,-0.0989992618560791,-0.06066043395549059,-0.06066043395549059,-0.0989992618560791,human
RPS25,-0.02230970375239849,-0.07234978675842285,-0.04732974525541067,-0.04732974525541067,-0.07234978675842285,human
MYOZ1,-0.021208785474300385,-0.03253912553191185,-0.026873955503106117,-0.026873955503106117,-0.03253912553191185,human
ATP5L,-0.021160487085580826,,-0.021160487085580826,-0.021160487085580826,,human
HSP90AA1,-0.020959535613656044,0.017911633476614952,-0.001523951068520546,-0.001523951068520546,0.017911633476614952,human
PPP1R3C,-0.02095205709338188,-0.06900448352098465,-0.044978270307183266,-0.044978270307183266,-0.06900448352098465,human
UBE2G1,-0.0203061755746603,,-0.0203061755746603,-0.0203061755746603,,human
MYL2,-0.020140057429671288,0.019286327064037323,-0.00042686518281698227,-0.00042686518281698227,0.019286327064037323,human
PPP1CC,-0.019716400653123856,-0.023276768624782562,-0.02149658463895321,-0.02149658463895321,-0.023276768624782562,human
MYO18B,-0.01948668621480465,,-0.01948668621480465,-0.01948668621480465,,human
EEF2,-0.019479651004076004,,-0.019479651004076004,-0.019479651004076004,,human
PTGES3,-0.01914653182029724,0.03797826170921326,0.009415864944458008,0.009415864944458008,0.03797826170921326,human
NMRK2,-0.0189445111900568,-0.12155037373304367,-0.07024744246155024,-0.07024744246155024,-0.12155037373304367,human
RNF115,-0.018535489216446877,,-0.018535489216446877,-0.018535489216446877,,human
HMGB1,-0.017950138077139854,-0.02761009708046913,-0.022780117578804493,-0.022780117578804493,-0.02761009708046913,human
EIF3H,-0.01776944100856781,-0.02153063751757145,-0.01965003926306963,-0.01965003926306963,-0.02153063751757145,human
DOK5,-0.017434269189834595,,-0.017434269189834595,-0.017434269189834595,,human
NPM1,-0.017431408166885376,,-0.017431408166885376,-0.017431408166885376,,human
ARMCX1,-0.0173447635024786,,-0.0173447635024786,-0.0173447635024786,,human
PTP4A3,-0.017169911414384842,-0.03971491754055023,-0.028442414477467537,-0.028442414477467537,-0.03971491754055023,human
RPS14P3,-0.016891758888959885,,-0.016891758888959885,-0.016891758888959885,,human
HLA-DRB1,-0.016833210363984108,-0.025378696620464325,-0.021105953492224216,-0.021105953492224216,-0.025378696620464325,human
LOC100510649,-0.01669483445584774,,-0.01669483445584774,-0.01669483445584774,,human
RYR1,-0.01669246517121792,-0.03668978437781334,-0.02669112477451563,-0.02669112477451563,-0.03668978437781334,human
OXA1L,-0.01651417277753353,-0.0281684473156929,-0.022341310046613216,-0.022341310046613216,-0.0281684473156929,human
SYNPO2L,-0.01647953689098358,,-0.01647953689098358,-0.01647953689098358,,human
POLR2I,-0.016420992091298103,-0.02454528771340847,-0.020483139902353287,-0.020483139902353287,-0.02454528771340847,human
CIART,-0.016276802867650986,,-0.016276802867650986,-0.016276802867650986,,human
MEF2C,-0.016269056126475334,-0.015690814703702927,-0.01597993541508913,-0.01597993541508913,-0.015690814703702927,human
DUSP27,-0.016161881387233734,,-0.016161881387233734,-0.016161881387233734,,human
KRT17P5,-0.016140222549438477,,-0.016140222549438477,-0.016140222549438477,,human
UBA52,-0.016095248982310295,,-0.016095248982310295,-0.016095248982310295,,human
LOC728825,-0.015545746311545372,,-0.015545746311545372,-0.015545746311545372,,human
MRFAP1,-0.015518750064074993,,-0.015518750064074993,-0.015518750064074993,,human
RPS7,-0.015485847368836403,-0.04641038551926613,-0.030948116444051266,-0.030948116444051266,-0.04641038551926613,human
ARPC2,-0.015443328768014908,,-0.015443328768014908,-0.015443328768014908,,human
HSP90AB1,-0.015359170734882355,-0.022797342389822006,-0.01907825656235218,-0.01907825656235218,-0.022797342389822006,human
LDHB,-0.015323842875659466,-0.04919874295592308,-0.03226129291579127,-0.03226129291579127,-0.04919874295592308,human
EIF4B,-0.01529910322278738,,-0.01529910322278738,-0.01529910322278738,,human
RPS6,-0.01522056944668293,,-0.01522056944668293,-0.01522056944668293,,human
RLIM,-0.015102232806384563,,-0.015102232806384563,-0.015102232806384563,,human
VDAC3,-0.015095165930688381,,-0.015095165930688381,-0.015095165930688381,,human
PPP1R27,-0.015087203122675419,,-0.015087203122675419,-0.015087203122675419,,human
TRMT112,-0.015084078535437584,,-0.015084078535437584,-0.015084078535437584,,human
DYNLT1,-0.01481416542083025,,-0.01481416542083025,-0.01481416542083025,,human
HLA-DRB4,-0.01469849981367588,-0.03269863873720169,-0.023698569275438786,-0.023698569275438786,-0.03269863873720169,human
HSPA8,-0.014638256281614304,-0.03693613037467003,-0.025787193328142166,-0.025787193328142166,-0.03693613037467003,human
FAM129A,-0.014634991995990276,0.024299759417772293,0.004832383710891008,0.004832383710891008,0.024299759417772293,human
PABPC3,-0.014547161757946014,,-0.014547161757946014,-0.014547161757946014,,human
SQRDL,-0.014531086198985577,,-0.014531086198985577,-0.014531086198985577,,human
OPTN,-0.014475259929895401,-0.05725386366248131,-0.035864561796188354,-0.035864561796188354,-0.05725386366248131,human
COX7C,-0.014384659938514233,,-0.014384659938514233,-0.014384659938514233,,human
NBPF10,-0.014381170272827148,-0.022777777165174484,-0.018579473719000816,-0.018579473719000816,-0.022777777165174484,human
HLA-DRB5,-0.014314686879515648,,-0.014314686879515648,-0.014314686879515648,,human
MYL12B,-0.014152427203953266,0.03732605651021004,0.011586814653128386,0.011586814653128386,0.03732605651021004,human
HHATL,-0.013773609884083271,,-0.013773609884083271,-0.013773609884083271,,human
GTF3A,-0.013746793381869793,-0.04183933138847351,-0.027793062385171652,-0.027793062385171652,-0.04183933138847351,human
TUBB,-0.013719138689339161,,-0.013719138689339161,-0.013719138689339161,,human
CS,-0.013690466061234474,,-0.013690466061234474,-0.013690466061234474,,human
PPP2R3A,-0.013618423603475094,,-0.013618423603475094,-0.013618423603475094,,human
SLC25A34,-0.013526597991585732,,-0.013526597991585732,-0.013526597991585732,,human
MRPL15,-0.013522637076675892,,-0.013522637076675892,-0.013522637076675892,,human
NSA2,-0.013415644876658916,,-0.013415644876658916,-0.013415644876658916,,human
PHB2,-0.013255540281534195,,-0.013255540281534195,-0.013255540281534195,,human
PPM1B,-0.01324050035327673,,-0.01324050035327673,-0.01324050035327673,,human
NARS,-0.013217310421168804,-0.017089499160647392,-0.015153404790908098,-0.015153404790908098,-0.017089499160647392,human
SGK1,-0.013214883394539356,0.03836648538708687,0.012575800996273756,0.012575800996273756,0.03836648538708687,human
RPL26,-0.013208955526351929,-0.03583019971847534,-0.024519577622413635,-0.024519577622413635,-0.03583019971847534,human
MDH1,-0.01320282556116581,-0.025210553780198097,-0.019206689670681953,-0.019206689670681953,-0.025210553780198097,human
KCTD12,-0.013190139085054398,,-0.013190139085054398,-0.013190139085054398,,human
RPS28,-0.012898462824523449,,-0.012898462824523449,-0.012898462824523449,,human
PSMB1,-0.012884880416095257,,-0.012884880416095257,-0.012884880416095257,,human
ART3,-0.012815256603062153,,-0.012815256603062153,-0.012815256603062153,,human
RPL11,-0.012680530548095703,-0.1135139986872673,-0.0630972646176815,-0.0630972646176815,-0.1135139986872673,human
PPP1CB,-0.012659652158617973,,-0.012659652158617973,-0.012659652158617973,,human
FHL1,-0.01263057254254818,-0.0459413044154644,-0.02928593847900629,-0.02928593847900629,-0.0459413044154644,human
EIF3K,-0.012629907578229904,-0.01771131530404091,-0.015170611441135406,-0.015170611441135406,-0.01771131530404091,human
CHCHD3,-0.012588869780302048,-0.03695866838097572,-0.024773769080638885,-0.024773769080638885,-0.03695866838097572,human
DCAF6,-0.012299931608140469,-0.02031296119093895,-0.01630644639953971,-0.01630644639953971,-0.02031296119093895,human
NME1-NME2,-0.012224248610436916,-0.050896383821964264,-0.03156031621620059,-0.03156031621620059,-0.050896383821964264,human
KLHL40,-0.012099678628146648,,-0.012099678628146648,-0.012099678628146648,,human
ABHD3,-0.012070843018591404,,-0.012070843018591404,-0.012070843018591404,,human
RPS3A,-0.012049832381308079,-0.014754286035895348,-0.013402059208601713,-0.013402059208601713,-0.014754286035895348,human
PRKAR2A,-0.012037585489451885,,-0.012037585489451885,-0.012037585489451885,,human
TUBA1B,-0.01187919918447733,,-0.01187919918447733,-0.01187919918447733,,human
LPL,-0.011854982934892178,-0.029815655201673508,-0.020835319068282843,-0.020835319068282843,-0.029815655201673508,human
MAP2K1,-0.01183459535241127,,-0.01183459535241127,-0.01183459535241127,,human
ALPK3,-0.011757251806557178,,-0.011757251806557178,-0.011757251806557178,,human
BTBD1,-0.01175156980752945,,-0.01175156980752945,-0.01175156980752945,,human
RAN,-0.011671180836856365,,-0.011671180836856365,-0.011671180836856365,,human
CFL2,-0.011664941906929016,,-0.011664941906929016,-0.011664941906929016,,human
ASH2L,-0.011639232747256756,,-0.011639232747256756,-0.011639232747256756,,human
TBC1D14,-0.011606893502175808,,-0.011606893502175808,-0.011606893502175808,,human
FAM96B,-0.011543522588908672,,-0.011543522588908672,-0.011543522588908672,,human
FBL,-0.011495647951960564,-0.0140532860532403,-0.012774467002600431,-0.012774467002600431,-0.0140532860532403,human
PRKAA2,-0.01148391142487526,,-0.01148391142487526,-0.01148391142487526,,human
NR3C1,-0.01133117824792862,,-0.01133117824792862,-0.01133117824792862,,human
LOC285812,-0.011298705823719501,,-0.011298705823719501,-0.011298705823719501,,human
EIF3D,-0.01120026595890522,-0.015470072627067566,-0.013335169292986393,-0.013335169292986393,-0.015470072627067566,human
RHOBTB1,-0.011069441214203835,,-0.011069441214203835,-0.011069441214203835,,human
EIF3G,-0.010966327041387558,-0.03818673640489578,-0.02457653172314167,-0.02457653172314167,-0.03818673640489578,human
YBX1,-0.010859020054340363,0.0195126011967659,0.0043267905712127686,0.0043267905712127686,0.0195126011967659,human
KIF1B,-0.010784252546727657,,-0.010784252546727657,-0.010784252546727657,,human
ADIPOQ,-0.010747970081865788,0.015002982690930367,0.0021275063045322895,0.0021275063045322895,0.015002982690930367,human
NACAP1,-0.010631997138261795,,-0.010631997138261795,-0.010631997138261795,,human
PGAM1,-0.010614849627017975,,-0.010614849627017975,-0.010614849627017975,,human
SEC11A,-0.010596049018204212,-0.015054193325340748,-0.01282512117177248,-0.01282512117177248,-0.015054193325340748,human
RPL36,-0.010571302846074104,,-0.010571302846074104,-0.010571302846074104,,human
HNRNPU-AS1,-0.010469707660377026,,-0.010469707660377026,-0.010469707660377026,,human
SET,-0.01045089028775692,,-0.01045089028775692,-0.01045089028775692,,human
HERC2P9,-0.010443320497870445,,-0.010443320497870445,-0.010443320497870445,,human
ASB12,-0.010346392169594765,,-0.010346392169594765,-0.010346392169594765,,human
ST13,-0.010296106338500977,,-0.010296106338500977,-0.010296106338500977,,human
BEX2,-0.010232703760266304,,-0.010232703760266304,-0.010232703760266304,,human
RPL18AP3,-0.01022671815007925,-0.01993751712143421,-0.015082117635756731,-0.015082117635756731,-0.01993751712143421,human
PTPN3,-0.010189972817897797,-0.10738039761781693,-0.05878518521785736,-0.05878518521785736,-0.10738039761781693,human
ANKRD20A13P,-0.01017836481332779,,-0.01017836481332779,-0.01017836481332779,,human
RCAN2,-0.010130931623280048,-0.01901155523955822,-0.014571243431419134,-0.014571243431419134,-0.01901155523955822,human
GAS6,-0.010107689537107944,,-0.010107689537107944,-0.010107689537107944,,human
RNPS1,-0.009997944347560406,,-0.009997944347560406,-0.009997944347560406,,human
LOC100506948,-0.009969549253582954,,-0.009969549253582954,-0.009969549253582954,,human
TPM3,-0.009892715141177177,-0.0466083399951458,-0.028250527568161488,-0.028250527568161488,-0.0466083399951458,human
R3HDM2,-0.00988179910928011,,-0.00988179910928011,-0.00988179910928011,,human
HNRNPA1,-0.0098789744079113,,-0.0098789744079113,-0.0098789744079113,,human
HLA-C,-0.009841019287705421,,-0.009841019287705421,-0.009841019287705421,,human
DNAJB6,-0.009812678210437298,,-0.009812678210437298,-0.009812678210437298,,human
TRPT1,-0.009798119775950909,,-0.009798119775950909,-0.009798119775950909,,human
RPS13,-0.009779431857168674,,-0.009779431857168674,-0.009779431857168674,,human
CYCS,-0.009707311168313026,0.04905050992965698,0.019671599380671978,0.019671599380671978,0.04905050992965698,human
RSL24D1,-0.009681140072643757,,-0.009681140072643757,-0.009681140072643757,,human
LRRC39,-0.009650735184550285,,-0.009650735184550285,-0.009650735184550285,,human
ANKHD1-EIF4EBP3,-0.009556932374835014,,-0.009556932374835014,-0.009556932374835014,,human
ACTB,-0.00948849506676197,-0.040562618523836136,-0.025025556795299053,-0.025025556795299053,-0.040562618523836136,human
AHSA1,-0.009473958984017372,,-0.009473958984017372,-0.009473958984017372,,human
RNF146,-0.009437516331672668,0.015933161601424217,0.0032478226348757744,0.0032478226348757744,0.015933161601424217,human
MUSTN1,-0.009337727911770344,-0.02494972199201584,-0.01714372495189309,-0.01714372495189309,-0.02494972199201584,human
LGALSL,-0.009331077337265015,,-0.009331077337265015,-0.009331077337265015,,human
ILF2,-0.009141066111624241,,-0.009141066111624241,-0.009141066111624241,,human
ANKRD20A9P,-0.009137054905295372,,-0.009137054905295372,-0.009137054905295372,,human
RPL36AL,-0.00913399737328291,-0.03864900395274162,-0.023891500663012266,-0.023891500663012266,-0.03864900395274162,human
NRAP,,0.11255146563053131,0.11255146563053131,0.11255146563053131,0.11255146563053131,human
PRDX1,,0.06171349063515663,0.06171349063515663,0.06171349063515663,0.06171349063515663,human
COX17,,0.05293171480298042,0.05293171480298042,0.05293171480298042,0.05293171480298042,human
SYNE2,,0.04884150251746178,0.04884150251746178,0.04884150251746178,0.04884150251746178,human
RRAD,,0.04852280020713806,0.04852280020713806,0.04852280020713806,0.04852280020713806,human
TSC22D1,,0.04762207716703415,0.04762207716703415,0.04762207716703415,0.04762207716703415,human
NDUFB4,,0.04754175990819931,0.04754175990819931,0.04754175990819931,0.04754175990819931,human
HMGN2,,0.04549408704042435,0.04549408704042435,0.04549408704042435,0.04549408704042435,human
KLHDC3,,0.04301020875573158,0.04301020875573158,0.04301020875573158,0.04301020875573158,human
MAOB,,0.04250457510352135,0.04250457510352135,0.04250457510352135,0.04250457510352135,human
KIAA0232,,0.04176986590027809,0.04176986590027809,0.04176986590027809,0.04176986590027809,human
ENO3,,0.04031024128198624,0.04031024128198624,0.04031024128198624,0.04031024128198624,human
HSPB7,,0.03993217274546623,0.03993217274546623,0.03993217274546623,0.03993217274546623,human
OPHN1,,0.038816507905721664,0.038816507905721664,0.038816507905721664,0.038816507905721664,human
DLK1,,0.03871527686715126,0.03871527686715126,0.03871527686715126,0.03871527686715126,human
SAR1B,,0.0382438562810421,0.0382438562810421,0.0382438562810421,0.0382438562810421,human
S100A1,,0.037959590554237366,0.037959590554237366,0.037959590554237366,0.037959590554237366,human
RTN4,,0.03755911439657211,0.03755911439657211,0.03755911439657211,0.03755911439657211,human
LOC100505584,,0.037379808723926544,0.037379808723926544,0.037379808723926544,0.037379808723926544,human
ZBTB16,,0.03732416406273842,0.03732416406273842,0.03732416406273842,0.03732416406273842,human
NDRG2,,0.0361529178917408,0.0361529178917408,0.0361529178917408,0.0361529178917408,human
CKM,,0.035759616643190384,0.035759616643190384,0.035759616643190384,0.035759616643190384,human
KLF10,,0.03560790792107582,0.03560790792107582,0.03560790792107582,0.03560790792107582,human
CCDC69,,0.03541294485330582,0.03541294485330582,0.03541294485330582,0.03541294485330582,human
PTGDS,,0.0341668501496315,0.0341668501496315,0.0341668501496315,0.0341668501496315,human
PALMD,,0.0341247096657753,0.0341247096657753,0.0341247096657753,0.0341247096657753,human
SIRT2,,0.03396480157971382,0.03396480157971382,0.03396480157971382,0.03396480157971382,human
MAFB,,0.03356701135635376,0.03356701135635376,0.03356701135635376,0.03356701135635376,human
ZNF106,,0.03332025557756424,0.03332025557756424,0.03332025557756424,0.03332025557756424,human
PLA2G4C,,0.03299669921398163,0.03299669921398163,0.03299669921398163,0.03299669921398163,human
TIMM8B,,0.03250182420015335,0.03250182420015335,0.03250182420015335,0.03250182420015335,human
CCT4,,0.031539298593997955,0.031539298593997955,0.031539298593997955,0.031539298593997955,human
TSPYL1,,0.03056037612259388,0.03056037612259388,0.03056037612259388,0.03056037612259388,human
TNKS2,,0.030463699251413345,0.030463699251413345,0.030463699251413345,0.030463699251413345,human
PAM,,0.03016265481710434,0.03016265481710434,0.03016265481710434,0.03016265481710434,human
FKBP3,,0.03014708310365677,0.03014708310365677,0.03014708310365677,0.03014708310365677,human
ANKRD2,,0.029465725645422935,0.029465725645422935,0.029465725645422935,0.029465725645422935,human
LAPTM4B,,0.02937089093029499,0.02937089093029499,0.02937089093029499,0.02937089093029499,human
ITM2B,,0.029224082827568054,0.029224082827568054,0.029224082827568054,0.029224082827568054,human
SNURF,,0.028837930411100388,0.028837930411100388,0.028837930411100388,0.028837930411100388,human
DDAH1,,0.028505293652415276,0.028505293652415276,0.028505293652415276,0.028505293652415276,human
RPL3L,,0.02847624383866787,0.02847624383866787,0.02847624383866787,0.02847624383866787,human
PDLIM3,,0.028074290603399277,0.028074290603399277,0.028074290603399277,0.028074290603399277,human
PSMC2,,0.028051767498254776,0.028051767498254776,0.028051767498254776,0.028051767498254776,human
SEPP1,,0.027956144884228706,0.027956144884228706,0.027956144884228706,0.027956144884228706,human
KPNA3,,0.027854468673467636,0.027854468673467636,0.027854468673467636,0.027854468673467636,human
CSTB,,0.02707592584192753,0.02707592584192753,0.02707592584192753,0.02707592584192753,human
DYNLRB1,,0.02706553041934967,0.02706553041934967,0.02706553041934967,0.02706553041934967,human
GPD1,,0.02699071541428566,0.02699071541428566,0.02699071541428566,0.02699071541428566,human
TPM2,,0.02690153568983078,0.02690153568983078,0.02690153568983078,0.02690153568983078,human
OSBPL11,,0.026687391102313995,0.026687391102313995,0.026687391102313995,0.026687391102313995,human
METTL9,,0.026627657935023308,0.026627657935023308,0.026627657935023308,0.026627657935023308,human
PSMD7,,0.026374632492661476,0.026374632492661476,0.026374632492661476,0.026374632492661476,human
SIX1,,0.026292556896805763,0.026292556896805763,0.026292556896805763,0.026292556896805763,human
CAB39,,0.025836830958724022,0.025836830958724022,0.025836830958724022,0.025836830958724022,human
LIMCH1,,0.025718597695231438,0.025718597695231438,0.025718597695231438,0.025718597695231438,human
PSMA6,,0.025711802765727043,0.025711802765727043,0.025711802765727043,0.025711802765727043,human
SCN1B,,0.025707531720399857,0.025707531720399857,0.025707531720399857,0.025707531720399857,human
RAF1,,0.02561860717833042,0.02561860717833042,0.02561860717833042,0.02561860717833042,human
NDUFAF1,,0.02520468831062317,0.02520468831062317,0.02520468831062317,0.02520468831062317,human
IDI1,,0.02509172074496746,0.02509172074496746,0.02509172074496746,0.02509172074496746,human
HLA-A,,0.024998510256409645,0.024998510256409645,0.024998510256409645,0.024998510256409645,human
GYS1,,0.024020565673708916,0.024020565673708916,0.024020565673708916,0.024020565673708916,human
ATP5J2,,0.023854484781622887,0.023854484781622887,0.023854484781622887,0.023854484781622887,human
GYPC,,0.023673247545957565,0.023673247545957565,0.023673247545957565,0.023673247545957565,human
CAND2,,0.02356402948498726,0.02356402948498726,0.02356402948498726,0.02356402948498726,human
PSMB4,,0.02354326657950878,0.02354326657950878,0.02354326657950878,0.02354326657950878,human
JUP,,0.023459188640117645,0.023459188640117645,0.023459188640117645,0.023459188640117645,human
ACAT1,,0.02329033613204956,0.02329033613204956,0.02329033613204956,0.02329033613204956,human
MXI1,,0.02318943664431572,0.02318943664431572,0.02318943664431572,0.02318943664431572,human
COMMD3,,0.022726962342858315,0.022726962342858315,0.022726962342858315,0.022726962342858315,human
RPS26,,0.022483697161078453,0.022483697161078453,0.022483697161078453,0.022483697161078453,human
CALCOCO2,,0.022453462705016136,0.022453462705016136,0.022453462705016136,0.022453462705016136,human
CEP85,,0.022353623062372208,0.022353623062372208,0.022353623062372208,0.022353623062372208,human
GABARAP,,0.022082151845097542,0.022082151845097542,0.022082151845097542,0.022082151845097542,human
GSTT1,,0.021913092583417892,0.021913092583417892,0.021913092583417892,0.021913092583417892,human
HIST1H1C,,0.02175018936395645,0.02175018936395645,0.02175018936395645,0.02175018936395645,human
UBAP2,,0.02156311646103859,0.02156311646103859,0.02156311646103859,0.02156311646103859,human
MORF4L1,,0.020918359979987144,0.020918359979987144,0.020918359979987144,0.020918359979987144,human
HOXC6,,0.02084793895483017,0.02084793895483017,0.02084793895483017,0.02084793895483017,human
POLB,,0.020841222256422043,0.020841222256422043,0.020841222256422043,0.020841222256422043,human
MPC2,,0.020577264949679375,0.020577264949679375,0.020577264949679375,0.020577264949679375,human
SRP14,,0.02052462100982666,0.02052462100982666,0.02052462100982666,0.02052462100982666,human
PRMT1,,0.02011401392519474,0.02011401392519474,0.02011401392519474,0.02011401392519474,human
RPS9,,0.02002769336104393,0.02002769336104393,0.02002769336104393,0.02002769336104393,human
GATM,,0.019785434007644653,0.019785434007644653,0.019785434007644653,0.019785434007644653,human
SVIL,,0.0197589211165905,0.0197589211165905,0.0197589211165905,0.0197589211165905,human
TUBB4B,,0.019451696425676346,0.019451696425676346,0.019451696425676346,0.019451696425676346,human
ECI2,,0.019141115248203278,0.019141115248203278,0.019141115248203278,0.019141115248203278,human
DHX32,,0.019136741757392883,0.019136741757392883,0.019136741757392883,0.019136741757392883,human
C1orf115,,0.01909305341541767,0.01909305341541767,0.01909305341541767,0.01909305341541767,human
MLF2,,0.01904647797346115,0.01904647797346115,0.01904647797346115,0.01904647797346115,human
OR7E47P,,0.018798915669322014,0.018798915669322014,0.018798915669322014,0.018798915669322014,human
NEDD8,,0.01877743750810623,0.01877743750810623,0.01877743750810623,0.01877743750810623,human
SZRD1,,0.018621472641825676,0.018621472641825676,0.018621472641825676,0.018621472641825676,human
REPIN1,,0.01849532499909401,0.01849532499909401,0.01849532499909401,0.01849532499909401,human
MORF4,,0.018419859930872917,0.018419859930872917,0.018419859930872917,0.018419859930872917,human
THOC7,,0.018399907276034355,0.018399907276034355,0.018399907276034355,0.018399907276034355,human
DPP8,,0.018199734389781952,0.018199734389781952,0.018199734389781952,0.018199734389781952,human
PSMA3,,0.018134161829948425,0.018134161829948425,0.018134161829948425,0.018134161829948425,human
METTL7A,,0.017889391630887985,0.017889391630887985,0.017889391630887985,0.017889391630887985,human
MT1F,,0.017746876925230026,0.017746876925230026,0.017746876925230026,0.017746876925230026,human
ARPC5L,,0.01773371733725071,0.01773371733725071,0.01773371733725071,0.01773371733725071,human
SMPDL3A,,0.01757493056356907,0.01757493056356907,0.01757493056356907,0.01757493056356907,human
EGLN1,,0.017494069412350655,0.017494069412350655,0.017494069412350655,0.017494069412350655,human
RAD23A,,0.0174260213971138,0.0174260213971138,0.0174260213971138,0.0174260213971138,human
ARL6IP1,,0.017346426844596863,0.017346426844596863,0.017346426844596863,0.017346426844596863,human
NDUFS2,,0.017335470765829086,0.017335470765829086,0.017335470765829086,0.017335470765829086,human
PLIN1,,0.01731082797050476,0.01731082797050476,0.01731082797050476,0.01731082797050476,human
NDUFA6,,0.01720237359404564,0.01720237359404564,0.01720237359404564,0.01720237359404564,human
KBTBD2,,0.017169563099741936,0.017169563099741936,0.017169563099741936,0.017169563099741936,human
FOS,,0.01710112765431404,0.01710112765431404,0.01710112765431404,0.01710112765431404,human
IGHV4-31,,0.016922131180763245,0.016922131180763245,0.016922131180763245,0.016922131180763245,human
RPL38,,0.016708314418792725,0.016708314418792725,0.016708314418792725,0.016708314418792725,human
LOC100093631,,0.016673477366566658,0.016673477366566658,0.016673477366566658,0.016673477366566658,human
TSPAN3,,0.01666589267551899,0.01666589267551899,0.01666589267551899,0.01666589267551899,human
PRKRIR,,0.016382725909352303,0.016382725909352303,0.016382725909352303,0.016382725909352303,human
LAPTM4A,,0.01635316014289856,0.01635316014289856,0.01635316014289856,0.01635316014289856,human
PPP2CA,,0.0162640530616045,0.0162640530616045,0.0162640530616045,0.0162640530616045,human
HMOX1,,0.01611003652215004,0.01611003652215004,0.01611003652215004,0.01611003652215004,human
SATB1,,0.016104504466056824,0.016104504466056824,0.016104504466056824,0.016104504466056824,human
USF2,,0.01607544533908367,0.01607544533908367,0.01607544533908367,0.01607544533908367,human
SDHA,,0.01603548973798752,0.01603548973798752,0.01603548973798752,0.01603548973798752,human
VAT1,,0.0159237589687109,0.0159237589687109,0.0159237589687109,0.0159237589687109,human
ZNF706,,0.015885522589087486,0.015885522589087486,0.015885522589087486,0.015885522589087486,human
OXCT1,,0.01586156152188778,0.01586156152188778,0.01586156152188778,0.01586156152188778,human
FAM53C,,0.015736250206828117,0.015736250206828117,0.015736250206828117,0.015736250206828117,human
GTPBP8,,0.01552717387676239,0.01552717387676239,0.01552717387676239,0.01552717387676239,human
COPB2,,0.015519286505877972,0.015519286505877972,0.015519286505877972,0.015519286505877972,human
MYL10,,0.015501008369028568,0.015501008369028568,0.015501008369028568,0.015501008369028568,human
ZBED1,,0.015475468710064888,0.015475468710064888,0.015475468710064888,0.015475468710064888,human
FAM188A,,0.015401486307382584,0.015401486307382584,0.015401486307382584,0.015401486307382584,human
TFRC,,0.015400569885969162,0.015400569885969162,0.015400569885969162,0.015400569885969162,human
ANXA6,,0.015339232981204987,0.015339232981204987,0.015339232981204987,0.015339232981204987,human
GHITM,,0.015321056358516216,0.015321056358516216,0.015321056358516216,0.015321056358516216,human
CTCFL,,0.015271366573870182,0.015271366573870182,0.015271366573870182,0.015271366573870182,human
PTP4A1,,0.015248125419020653,0.015248125419020653,0.015248125419020653,0.015248125419020653,human
LEPROT,,0.015209724195301533,0.015209724195301533,0.015209724195301533,0.015209724195301533,human
MAP7D1,,0.01517563033849001,0.01517563033849001,0.01517563033849001,0.01517563033849001,human
USP9X,,0.015166408382356167,0.015166408382356167,0.015166408382356167,0.015166408382356167,human
USP47,,0.014918487519025803,0.014918487519025803,0.014918487519025803,0.014918487519025803,human
PHTF2,,0.014918049797415733,0.014918049797415733,0.014918049797415733,0.014918049797415733,human
BTG2,,0.014697840437293053,0.014697840437293053,0.014697840437293053,0.014697840437293053,human
PHKG1,,0.014648670330643654,0.014648670330643654,0.014648670330643654,0.014648670330643654,human
EIF5A,,0.01464128028601408,0.01464128028601408,0.01464128028601408,0.01464128028601408,human
GTF2A2,,0.014562778174877167,0.014562778174877167,0.014562778174877167,0.014562778174877167,human
RAC1,,0.014503560028970242,0.014503560028970242,0.014503560028970242,0.014503560028970242,human
PSMB3,,0.014485232532024384,0.014485232532024384,0.014485232532024384,0.014485232532024384,human
MPC1,,0.014421381056308746,0.014421381056308746,0.014421381056308746,0.014421381056308746,human
TOMM70A,,0.014356032013893127,0.014356032013893127,0.014356032013893127,0.014356032013893127,human
HSPE1,,0.0142161650583148,0.0142161650583148,0.0142161650583148,0.0142161650583148,human
ZCCHC24,,0.014213680289685726,0.014213680289685726,0.014213680289685726,0.014213680289685726,human
TMEM59,,0.014191588386893272,0.014191588386893272,0.014191588386893272,0.014191588386893272,human
ATP2A1,,-0.1244858130812645,-0.1244858130812645,-0.1244858130812645,-0.1244858130812645,human
S100A6,,-0.12084376811981201,-0.12084376811981201,-0.12084376811981201,-0.12084376811981201,human
VIM,,-0.10780976712703705,-0.10780976712703705,-0.10780976712703705,-0.10780976712703705,human
LOC653513,,-0.09092624485492706,-0.09092624485492706,-0.09092624485492706,-0.09092624485492706,human
HSPB8,,-0.08965986967086792,-0.08965986967086792,-0.08965986967086792,-0.08965986967086792,human
THBS4,,-0.07935024052858353,-0.07935024052858353,-0.07935024052858353,-0.07935024052858353,human
CALM2,,-0.0788184180855751,-0.0788184180855751,-0.0788184180855751,-0.0788184180855751,human
MGST3,,-0.07270822674036026,-0.07270822674036026,-0.07270822674036026,-0.07270822674036026,human
RPL37,,-0.06844044476747513,-0.06844044476747513,-0.06844044476747513,-0.06844044476747513,human
PABPC4,,-0.06732457131147385,-0.06732457131147385,-0.06732457131147385,-0.06732457131147385,human
SPARCL1,,-0.06144712120294571,-0.06144712120294571,-0.06144712120294571,-0.06144712120294571,human
RPS27,,-0.05821574106812477,-0.05821574106812477,-0.05821574106812477,-0.05821574106812477,human
RPS24,,-0.05393160879611969,-0.05393160879611969,-0.05393160879611969,-0.05393160879611969,human
NNMT,,-0.05340559780597687,-0.05340559780597687,-0.05340559780597687,-0.05340559780597687,human
TTN,,-0.05138081684708595,-0.05138081684708595,-0.05138081684708595,-0.05138081684708595,human
CSDE1,,-0.050512224435806274,-0.050512224435806274,-0.050512224435806274,-0.050512224435806274,human
COL1A2,,-0.05031740292906761,-0.05031740292906761,-0.05031740292906761,-0.05031740292906761,human
RYR3,,-0.04900253564119339,-0.04900253564119339,-0.04900253564119339,-0.04900253564119339,human
TNNI2,,-0.048574626445770264,-0.048574626445770264,-0.048574626445770264,-0.048574626445770264,human
RPL23A,,-0.048456307500600815,-0.048456307500600815,-0.048456307500600815,-0.048456307500600815,human
NQO2,,-0.04809140786528587,-0.04809140786528587,-0.04809140786528587,-0.04809140786528587,human
AMPD1,,-0.04792909324169159,-0.04792909324169159,-0.04792909324169159,-0.04792909324169159,human
RPL10A,,-0.04769277572631836,-0.04769277572631836,-0.04769277572631836,-0.04769277572631836,human
B2M,,-0.04756871610879898,-0.04756871610879898,-0.04756871610879898,-0.04756871610879898,human
RPL36A,,-0.04582132771611214,-0.04582132771611214,-0.04582132771611214,-0.04582132771611214,human
RPS27A,,-0.04455500841140747,-0.04455500841140747,-0.04455500841140747,-0.04455500841140747,human
ARID5B,,-0.04424382746219635,-0.04424382746219635,-0.04424382746219635,-0.04424382746219635,human
NFKBIA,,-0.04406648874282837,-0.04406648874282837,-0.04406648874282837,-0.04406648874282837,human
MLLT11,,-0.04363556578755379,-0.04363556578755379,-0.04363556578755379,-0.04363556578755379,human
GPX3,,-0.04224538058042526,-0.04224538058042526,-0.04224538058042526,-0.04224538058042526,human
SYS1-DBNDD2,,-0.04198319837450981,-0.04198319837450981,-0.04198319837450981,-0.04198319837450981,human
BAG1,,-0.041689351201057434,-0.041689351201057434,-0.041689351201057434,-0.041689351201057434,human
ZNF91,,-0.04163092374801636,-0.04163092374801636,-0.04163092374801636,-0.04163092374801636,human
UCHL1,,-0.04161599278450012,-0.04161599278450012,-0.04161599278450012,-0.04161599278450012,human
HSPB6,,-0.04131770133972168,-0.04131770133972168,-0.04131770133972168,-0.04131770133972168,human
BAG6,,-0.04051939770579338,-0.04051939770579338,-0.04051939770579338,-0.04051939770579338,human
CACNA1S,,-0.039069704711437225,-0.039069704711437225,-0.039069704711437225,-0.039069704711437225,human
PFDN5,,-0.03899354860186577,-0.03899354860186577,-0.03899354860186577,-0.03899354860186577,human
DYNLL1,,-0.0385480560362339,-0.0385480560362339,-0.0385480560362339,-0.0385480560362339,human
GLTSCR2,,-0.03849639371037483,-0.03849639371037483,-0.03849639371037483,-0.03849639371037483,human
TUFM,,-0.03591146320104599,-0.03591146320104599,-0.03591146320104599,-0.03591146320104599,human
TM6SF1,,-0.03500421345233917,-0.03500421345233917,-0.03500421345233917,-0.03500421345233917,human
ATP6V1G1,,-0.03455278277397156,-0.03455278277397156,-0.03455278277397156,-0.03455278277397156,human
TPD52L1,,-0.03448076546192169,-0.03448076546192169,-0.03448076546192169,-0.03448076546192169,human
MGP,,-0.03432915359735489,-0.03432915359735489,-0.03432915359735489,-0.03432915359735489,human
RPS15A,,-0.03389836475253105,-0.03389836475253105,-0.03389836475253105,-0.03389836475253105,human
CLIC5,,-0.03215660899877548,-0.03215660899877548,-0.03215660899877548,-0.03215660899877548,human
SSR4,,-0.03169229254126549,-0.03169229254126549,-0.03169229254126549,-0.03169229254126549,human
IL32,,-0.030913351103663445,-0.030913351103663445,-0.030913351103663445,-0.030913351103663445,human
IMPDH2,,-0.03085019625723362,-0.03085019625723362,-0.03085019625723362,-0.03085019625723362,human
MMP2,,-0.03049585036933422,-0.03049585036933422,-0.03049585036933422,-0.03049585036933422,human
A2M,,-0.03024809993803501,-0.03024809993803501,-0.03024809993803501,-0.03024809993803501,human
MYO18A,,-0.02994467504322529,-0.02994467504322529,-0.02994467504322529,-0.02994467504322529,human
NES,,-0.029702695086598396,-0.029702695086598396,-0.029702695086598396,-0.029702695086598396,human
PDLIM1,,-0.029678601771593094,-0.029678601771593094,-0.029678601771593094,-0.029678601771593094,human
FBP2,,-0.02964167110621929,-0.02964167110621929,-0.02964167110621929,-0.02964167110621929,human
ADI1,,-0.02953108213841915,-0.02953108213841915,-0.02953108213841915,-0.02953108213841915,human
EIF4EBP1,,-0.02929084002971649,-0.02929084002971649,-0.02929084002971649,-0.02929084002971649,human
DCN,,-0.029112040996551514,-0.029112040996551514,-0.029112040996551514,-0.029112040996551514,human
FXYD1,,-0.029065417125821114,-0.029065417125821114,-0.029065417125821114,-0.029065417125821114,human
ABLIM1,,-0.02848469838500023,-0.02848469838500023,-0.02848469838500023,-0.02848469838500023,human
CYP1A1,,-0.028205301612615585,-0.028205301612615585,-0.028205301612615585,-0.028205301612615585,human
HSPA5,,-0.02807866781949997,-0.02807866781949997,-0.02807866781949997,-0.02807866781949997,human
GSN,,-0.02801884524524212,-0.02801884524524212,-0.02801884524524212,-0.02801884524524212,human
FHOD3,,-0.027990158647298813,-0.027990158647298813,-0.027990158647298813,-0.027990158647298813,human
CAPNS1,,-0.02773205377161503,-0.02773205377161503,-0.02773205377161503,-0.02773205377161503,human
RHOA,,-0.02752462401986122,-0.02752462401986122,-0.02752462401986122,-0.02752462401986122,human
PADI2,,-0.026902545243501663,-0.026902545243501663,-0.026902545243501663,-0.026902545243501663,human
ANXA2,,-0.02684134989976883,-0.02684134989976883,-0.02684134989976883,-0.02684134989976883,human
DLD,,-0.026774253696203232,-0.026774253696203232,-0.026774253696203232,-0.026774253696203232,human
S100A4,,-0.026625407859683037,-0.026625407859683037,-0.026625407859683037,-0.026625407859683037,human
NDUFA10,,-0.026610394939780235,-0.026610394939780235,-0.026610394939780235,-0.026610394939780235,human
MACROD1,,-0.026453083381056786,-0.026453083381056786,-0.026453083381056786,-0.026453083381056786,human
ATP5H,,-0.026364799588918686,-0.026364799588918686,-0.026364799588918686,-0.026364799588918686,human
TPM1,,-0.026083670556545258,-0.026083670556545258,-0.026083670556545258,-0.026083670556545258,human
EEF1A2,,-0.025621889159083366,-0.025621889159083366,-0.025621889159083366,-0.025621889159083366,human
CTGF,,-0.02527565136551857,-0.02527565136551857,-0.02527565136551857,-0.02527565136551857,human
TNMD,,-0.025242792442440987,-0.025242792442440987,-0.025242792442440987,-0.025242792442440987,human
COL6A3,,-0.025092920288443565,-0.025092920288443565,-0.025092920288443565,-0.025092920288443565,human
NACA,,-0.024717705324292183,-0.024717705324292183,-0.024717705324292183,-0.024717705324292183,human
TRIM28,,-0.024689076468348503,-0.024689076468348503,-0.024689076468348503,-0.024689076468348503,human
RPS23,,-0.02387043833732605,-0.02387043833732605,-0.02387043833732605,-0.02387043833732605,human
ANP32B,,-0.02371900901198387,-0.02371900901198387,-0.02371900901198387,-0.02371900901198387,human
RGCC,,-0.02370597794651985,-0.02370597794651985,-0.02370597794651985,-0.02370597794651985,human
DDX17,,-0.02361917868256569,-0.02361917868256569,-0.02361917868256569,-0.02361917868256569,human
COX7A2,,-0.023550232872366905,-0.023550232872366905,-0.023550232872366905,-0.023550232872366905,human
CSNK2B,,-0.023546406999230385,-0.023546406999230385,-0.023546406999230385,-0.023546406999230385,human
USP32P2,,-0.023399490863084793,-0.023399490863084793,-0.023399490863084793,-0.023399490863084793,human
TMSB10,,-0.023380013182759285,-0.023380013182759285,-0.023380013182759285,-0.023380013182759285,human
NPTN,,-0.02291136421263218,-0.02291136421263218,-0.02291136421263218,-0.02291136421263218,human
RGPD6,,-0.022274939343333244,-0.022274939343333244,-0.022274939343333244,-0.022274939343333244,human
SESN1,,-0.022265996783971786,-0.022265996783971786,-0.022265996783971786,-0.022265996783971786,human
FNBP4,,-0.022233907133340836,-0.022233907133340836,-0.022233907133340836,-0.022233907133340836,human
TAF10,,-0.022086940705776215,-0.022086940705776215,-0.022086940705776215,-0.022086940705776215,human
ATP6V0B,,-0.022084910422563553,-0.022084910422563553,-0.022084910422563553,-0.022084910422563553,human
GPI,,-0.021960999816656113,-0.021960999816656113,-0.021960999816656113,-0.021960999816656113,human
VPS4A,,-0.021881507709622383,-0.021881507709622383,-0.021881507709622383,-0.021881507709622383,human
LRRC47,,-0.02179699018597603,-0.02179699018597603,-0.02179699018597603,-0.02179699018597603,human
IPO7,,-0.0216083824634552,-0.0216083824634552,-0.0216083824634552,-0.0216083824634552,human
MOAP1,,-0.02143356204032898,-0.02143356204032898,-0.02143356204032898,-0.02143356204032898,human
EIF4A2,,-0.02120361477136612,-0.02120361477136612,-0.02120361477136612,-0.02120361477136612,human
FLII,,-0.021105973049998283,-0.021105973049998283,-0.021105973049998283,-0.021105973049998283,human
MYF6,,-0.02102789469063282,-0.02102789469063282,-0.02102789469063282,-0.02102789469063282,human
RHOD,,-0.02101612649857998,-0.02101612649857998,-0.02101612649857998,-0.02101612649857998,human
LGALS3,,-0.02100229449570179,-0.02100229449570179,-0.02100229449570179,-0.02100229449570179,human
S100A10,,-0.02078886516392231,-0.02078886516392231,-0.02078886516392231,-0.02078886516392231,human
TMBIM1,,-0.020723188295960426,-0.020723188295960426,-0.020723188295960426,-0.020723188295960426,human
DAD1,,-0.020637763664126396,-0.020637763664126396,-0.020637763664126396,-0.020637763664126396,human
SMARCD3,,-0.020463667809963226,-0.020463667809963226,-0.020463667809963226,-0.020463667809963226,human
SERBP1,,-0.020255455747246742,-0.020255455747246742,-0.020255455747246742,-0.020255455747246742,human
TRAPPC2L,,-0.020145807415246964,-0.020145807415246964,-0.020145807415246964,-0.020145807415246964,human
ZNF532,,-0.020104624330997467,-0.020104624330997467,-0.020104624330997467,-0.020104624330997467,human
HNRNPAB,,-0.01998848095536232,-0.01998848095536232,-0.01998848095536232,-0.01998848095536232,human
CISH,,-0.019906919449567795,-0.019906919449567795,-0.019906919449567795,-0.019906919449567795,human
CDIPT,,-0.019309883937239647,-0.019309883937239647,-0.019309883937239647,-0.019309883937239647,human
FN1,,-0.019258812069892883,-0.019258812069892883,-0.019258812069892883,-0.019258812069892883,human
DDN,,-0.019246071577072144,-0.019246071577072144,-0.019246071577072144,-0.019246071577072144,human
U2AF1,,-0.019111083820462227,-0.019111083820462227,-0.019111083820462227,-0.019111083820462227,human
DDR1,,-0.019031589850783348,-0.019031589850783348,-0.019031589850783348,-0.019031589850783348,human
COX5A,,-0.019015362486243248,-0.019015362486243248,-0.019015362486243248,-0.019015362486243248,human
SERPINB6,,-0.019004324451088905,-0.019004324451088905,-0.019004324451088905,-0.019004324451088905,human
PRSS23,,-0.01896727830171585,-0.01896727830171585,-0.01896727830171585,-0.01896727830171585,human
NDUFB1,,-0.018785446882247925,-0.018785446882247925,-0.018785446882247925,-0.018785446882247925,human
HIGD1A,,-0.018640143796801567,-0.018640143796801567,-0.018640143796801567,-0.018640143796801567,human
ADNP,,-0.018617834895849228,-0.018617834895849228,-0.018617834895849228,-0.018617834895849228,human
NAP1L1,,-0.01849297061562538,-0.01849297061562538,-0.01849297061562538,-0.01849297061562538,human
GSTM1,,-0.01843472570180893,-0.01843472570180893,-0.01843472570180893,-0.01843472570180893,human
RAP1A,,-0.01839858666062355,-0.01839858666062355,-0.01839858666062355,-0.01839858666062355,human
COL15A1,,-0.018244922161102295,-0.018244922161102295,-0.018244922161102295,-0.018244922161102295,human
CIRBP,,-0.018223054707050323,-0.018223054707050323,-0.018223054707050323,-0.018223054707050323,human
MDH2,,-0.018070857971906662,-0.018070857971906662,-0.018070857971906662,-0.018070857971906662,human
TECR,,-0.018009064719080925,-0.018009064719080925,-0.018009064719080925,-0.018009064719080925,human
ODC1,,-0.017910592257976532,-0.017910592257976532,-0.017910592257976532,-0.017910592257976532,human
FBXO34,,-0.01785155013203621,-0.01785155013203621,-0.01785155013203621,-0.01785155013203621,human
IFITM1,,-0.017729753628373146,-0.017729753628373146,-0.017729753628373146,-0.017729753628373146,human
POLR1D,,-0.017666641622781754,-0.017666641622781754,-0.017666641622781754,-0.017666641622781754,human
EIF3CL,,-0.017550984397530556,-0.017550984397530556,-0.017550984397530556,-0.017550984397530556,human
PMP22,,-0.017532920464873314,-0.017532920464873314,-0.017532920464873314,-0.017532920464873314,human
DYNC1H1,,-0.01748209446668625,-0.01748209446668625,-0.01748209446668625,-0.01748209446668625,human
CCT5,,-0.01739097759127617,-0.01739097759127617,-0.01739097759127617,-0.01739097759127617,human
TOMM6,,-0.01738797314465046,-0.01738797314465046,-0.01738797314465046,-0.01738797314465046,human
PSMC3,,-0.017016449943184853,-0.017016449943184853,-0.017016449943184853,-0.017016449943184853,human
CYR61,,-0.016888698562979698,-0.016888698562979698,-0.016888698562979698,-0.016888698562979698,human
LMCD1,,-0.016750087961554527,-0.016750087961554527,-0.016750087961554527,-0.016750087961554527,human
GSTK1,,-0.016737638041377068,-0.016737638041377068,-0.016737638041377068,-0.016737638041377068,human
PPAP2B,,-0.016674034297466278,-0.016674034297466278,-0.016674034297466278,-0.016674034297466278,human
MSRB1,,-0.016585469245910645,-0.016585469245910645,-0.016585469245910645,-0.016585469245910645,human
EXOC3,,-0.016548926010727882,-0.016548926010727882,-0.016548926010727882,-0.016548926010727882,human
PEA15,,-0.016505597159266472,-0.016505597159266472,-0.016505597159266472,-0.016505597159266472,human
DRG1,,-0.016476530581712723,-0.016476530581712723,-0.016476530581712723,-0.016476530581712723,human
ATP6V0D1,,-0.016401998698711395,-0.016401998698711395,-0.016401998698711395,-0.016401998698711395,human
ZNF721,,-0.016381438821554184,-0.016381438821554184,-0.016381438821554184,-0.016381438821554184,human
CXCL14,,-0.016312360763549805,-0.016312360763549805,-0.016312360763549805,-0.016312360763549805,human
RAMP1,,-0.016300581395626068,-0.016300581395626068,-0.016300581395626068,-0.016300581395626068,human
CAMLG,,-0.016291901469230652,-0.016291901469230652,-0.016291901469230652,-0.016291901469230652,human
BCAS2,,-0.016264988109469414,-0.016264988109469414,-0.016264988109469414,-0.016264988109469414,human
PSME1,,-0.016231628134846687,-0.016231628134846687,-0.016231628134846687,-0.016231628134846687,human
PAIP2B,,-0.016191530972719193,-0.016191530972719193,-0.016191530972719193,-0.016191530972719193,human
TRAP1,,-0.016105977818369865,-0.016105977818369865,-0.016105977818369865,-0.016105977818369865,human
ASPN,,-0.016065338626503944,-0.016065338626503944,-0.016065338626503944,-0.016065338626503944,human
EIF3L,,-0.015853451564908028,-0.015853451564908028,-0.015853451564908028,-0.015853451564908028,human
SPTB,,-0.015845894813537598,-0.015845894813537598,-0.015845894813537598,-0.015845894813537598,human
PILRB,,-0.01583598554134369,-0.01583598554134369,-0.01583598554134369,-0.01583598554134369,human
ANXA2P2,,-0.015692586079239845,-0.015692586079239845,-0.015692586079239845,-0.015692586079239845,human
CRYM,,-0.01563599333167076,-0.01563599333167076,-0.01563599333167076,-0.01563599333167076,human
SNRPD2,,-0.015596351586282253,-0.015596351586282253,-0.015596351586282253,-0.015596351586282253,human
AMZ2,,-0.015475617721676826,-0.015475617721676826,-0.015475617721676826,-0.015475617721676826,human
RPL13,,-0.015412185341119766,-0.015412185341119766,-0.015412185341119766,-0.015412185341119766,human
GTPBP6,,-0.015386625193059444,-0.015386625193059444,-0.015386625193059444,-0.015386625193059444,human
DPYSL3,,-0.01531971339136362,-0.01531971339136362,-0.01531971339136362,-0.01531971339136362,human
STEAP3,,-0.015312433242797852,-0.015312433242797852,-0.015312433242797852,-0.015312433242797852,human
VPS28,,-0.015287918038666248,-0.015287918038666248,-0.015287918038666248,-0.015287918038666248,human
NOMO3,,-0.01526227779686451,-0.01526227779686451,-0.01526227779686451,-0.01526227779686451,human
C6orf48,,-0.015261063352227211,-0.015261063352227211,-0.015261063352227211,-0.015261063352227211,human
GPD1L,,-0.015202510170638561,-0.015202510170638561,-0.015202510170638561,-0.015202510170638561,human
AURKAIP1,,-0.015169352293014526,-0.015169352293014526,-0.015169352293014526,-0.015169352293014526,human
LRRC2,,-0.015138613060116768,-0.015138613060116768,-0.015138613060116768,-0.015138613060116768,human
NR1D2,,-0.01498864870518446,-0.01498864870518446,-0.01498864870518446,-0.01498864870518446,human
STAT3,,-0.01488142553716898,-0.01488142553716898,-0.01488142553716898,-0.01488142553716898,human
IRS2,,-0.01483132317662239,-0.01483132317662239,-0.01483132317662239,-0.01483132317662239,human
ZNF423,,-0.014808163978159428,-0.014808163978159428,-0.014808163978159428,-0.014808163978159428,human
IFRD1,,-0.014725331217050552,-0.014725331217050552,-0.014725331217050552,-0.014725331217050552,human
PDLIM2,,-0.014665032736957073,-0.014665032736957073,-0.014665032736957073,-0.014665032736957073,human
TMEM258,,-0.014622675254940987,-0.014622675254940987,-0.014622675254940987,-0.014622675254940987,human
RPL5,,-0.014511874876916409,-0.014511874876916409,-0.014511874876916409,-0.014511874876916409,human
NDUFS7,,-0.014505854807794094,-0.014505854807794094,-0.014505854807794094,-0.014505854807794094,human
CTDNEP1,,-0.01434910949319601,-0.01434910949319601,-0.01434910949319601,-0.01434910949319601,human
ATP5C1,,-0.014336583204567432,-0.014336583204567432,-0.014336583204567432,-0.014336583204567432,human
GTF2IRD1,,-0.014309866353869438,-0.014309866353869438,-0.014309866353869438,-0.014309866353869438,human
CDC34,,-0.014285095036029816,-0.014285095036029816,-0.014285095036029816,-0.014285095036029816,human
COX7A2L,,-0.014276864938437939,-0.014276864938437939,-0.014276864938437939,-0.014276864938437939,human
CCNB1IP1,,-0.014192013069987297,-0.014192013069987297,-0.014192013069987297,-0.014192013069987297,human
UBE2M,,-0.01416266243904829,-0.01416266243904829,-0.01416266243904829,-0.01416266243904829,human
DUSP1,,-0.014151234179735184,-0.014151234179735184,-0.014151234179735184,-0.014151234179735184,human
MFN2,,-0.014124436303973198,-0.014124436303973198,-0.014124436303973198,-0.014124436303973198,human
GAA,,-0.014115842059254646,-0.014115842059254646,-0.014115842059254646,-0.014115842059254646,human
CST3,,-0.014109110459685326,-0.014109110459685326,-0.014109110459685326,-0.014109110459685326,human
HOXC10,,-0.014003115706145763,-0.014003115706145763,-0.014003115706145763,-0.014003115706145763,human
