gene_symbol,logfc_dz:55,mean_logfc,median_logfc,common_experiment,organism
FN1,0.1472766250371933,0.1472766250371933,0.1472766250371933,0.1472766250371933,human
CDKN1A,0.13399262726306915,0.13399262726306915,0.13399262726306915,0.13399262726306915,human
RPL14,0.12796689569950104,0.12796689569950104,0.12796689569950104,0.12796689569950104,human
CKB,0.11085314303636551,0.11085314303636551,0.11085314303636551,0.11085314303636551,human
G0S2,0.10352465510368347,0.10352465510368347,0.10352465510368347,0.10352465510368347,human
ZEB1-AS1,0.07673122733831406,0.07673122733831406,0.07673122733831406,0.07673122733831406,human
LGALS1,0.0759536549448967,0.0759536549448967,0.0759536549448967,0.0759536549448967,human
C5AR1,0.07505644857883453,0.07505644857883453,0.07505644857883453,0.07505644857883453,human
TMEM158,0.06992635875940323,0.06992635875940323,0.06992635875940323,0.06992635875940323,human
IER3,0.06945441663265228,0.06945441663265228,0.06945441663265228,0.06945441663265228,human
NES,0.06725078076124191,0.06725078076124191,0.06725078076124191,0.06725078076124191,human
MRPS21,0.06723372638225555,0.06723372638225555,0.06723372638225555,0.06723372638225555,human
RPL18,0.06664198637008667,0.06664198637008667,0.06664198637008667,0.06664198637008667,human
FDXR,0.06571073085069656,0.06571073085069656,0.06571073085069656,0.06571073085069656,human
CD63,0.06203608959913254,0.06203608959913254,0.06203608959913254,0.06203608959913254,human
HTRA3,0.05986390635371208,0.05986390635371208,0.05986390635371208,0.05986390635371208,human
TPI1,0.05829960107803345,0.05829960107803345,0.05829960107803345,0.05829960107803345,human
UBB,0.058171194046735764,0.058171194046735764,0.058171194046735764,0.058171194046735764,human
RPS7,0.05418577045202255,0.05418577045202255,0.05418577045202255,0.05418577045202255,human
SPR,0.053591009229421616,0.053591009229421616,0.053591009229421616,0.053591009229421616,human
COL7A1,0.05213343724608421,0.05213343724608421,0.05213343724608421,0.05213343724608421,human
PAFAH1B3,0.051211994141340256,0.051211994141340256,0.051211994141340256,0.051211994141340256,human
IRAK1,0.04954008385539055,0.04954008385539055,0.04954008385539055,0.04954008385539055,human
DPYSL3,0.04880040884017944,0.04880040884017944,0.04880040884017944,0.04880040884017944,human
CTHRC1,0.0462200790643692,0.0462200790643692,0.0462200790643692,0.0462200790643692,human
PRDX1,0.04599921032786369,0.04599921032786369,0.04599921032786369,0.04599921032786369,human
VIM,0.04587388038635254,0.04587388038635254,0.04587388038635254,0.04587388038635254,human
TM4SF1,0.04387311264872551,0.04387311264872551,0.04387311264872551,0.04387311264872551,human
RPS25,0.04211509972810745,0.04211509972810745,0.04211509972810745,0.04211509972810745,human
RPS19,0.040706682950258255,0.040706682950258255,0.040706682950258255,0.040706682950258255,human
ZNF669,0.03897474333643913,0.03897474333643913,0.03897474333643913,0.03897474333643913,human
NDUFB11,0.03846694901585579,0.03846694901585579,0.03846694901585579,0.03846694901585579,human
POLR2L,0.03775213658809662,0.03775213658809662,0.03775213658809662,0.03775213658809662,human
CXCL8,0.037401966750621796,0.037401966750621796,0.037401966750621796,0.037401966750621796,human
DAD1,0.03735335171222687,0.03735335171222687,0.03735335171222687,0.03735335171222687,human
GAPDH,0.036731619387865067,0.036731619387865067,0.036731619387865067,0.036731619387865067,human
COX4I1,0.0366152785718441,0.0366152785718441,0.0366152785718441,0.0366152785718441,human
ACN9,0.036274269223213196,0.036274269223213196,0.036274269223213196,0.036274269223213196,human
PHPT1,0.03591432794928551,0.03591432794928551,0.03591432794928551,0.03591432794928551,human
UBE2T,0.03436071053147316,0.03436071053147316,0.03436071053147316,0.03436071053147316,human
ITGA3,0.03418400511145592,0.03418400511145592,0.03418400511145592,0.03418400511145592,human
TMEM258,0.03394690528512001,0.03394690528512001,0.03394690528512001,0.03394690528512001,human
IL32,0.033519446849823,0.033519446849823,0.033519446849823,0.033519446849823,human
NMRAL1,0.033018503338098526,0.033018503338098526,0.033018503338098526,0.033018503338098526,human
RPL8,0.03236294165253639,0.03236294165253639,0.03236294165253639,0.03236294165253639,human
PSMA2,0.03231910988688469,0.03231910988688469,0.03231910988688469,0.03231910988688469,human
RPL7,0.03201359137892723,0.03201359137892723,0.03201359137892723,0.03201359137892723,human
CNN3,0.03172237053513527,0.03172237053513527,0.03172237053513527,0.03172237053513527,human
EIF3H,0.031520549207925797,0.031520549207925797,0.031520549207925797,0.031520549207925797,human
RPL21,0.03140991926193237,0.03140991926193237,0.03140991926193237,0.03140991926193237,human
RPSAP19,0.030741801485419273,0.030741801485419273,0.030741801485419273,0.030741801485419273,human
HMGB2,0.030481865629553795,0.030481865629553795,0.030481865629553795,0.030481865629553795,human
CDKN3,0.03040556237101555,0.03040556237101555,0.03040556237101555,0.03040556237101555,human
TK1,0.03023560345172882,0.03023560345172882,0.03023560345172882,0.03023560345172882,human
ATP5O,0.029862836003303528,0.029862836003303528,0.029862836003303528,0.029862836003303528,human
CCNB1,0.029484519734978676,0.029484519734978676,0.029484519734978676,0.029484519734978676,human
CFL1,0.028702666983008385,0.028702666983008385,0.028702666983008385,0.028702666983008385,human
GADD45A,0.028671011328697205,0.028671011328697205,0.028671011328697205,0.028671011328697205,human
FAM46A,0.028545552864670753,0.028545552864670753,0.028545552864670753,0.028545552864670753,human
SEC61G,0.028428787365555763,0.028428787365555763,0.028428787365555763,0.028428787365555763,human
HNRNPA1,0.027955055236816406,0.027955055236816406,0.027955055236816406,0.027955055236816406,human
UBE2E3,0.027782734483480453,0.027782734483480453,0.027782734483480453,0.027782734483480453,human
H3F3B,0.027536435052752495,0.027536435052752495,0.027536435052752495,0.027536435052752495,human
SPRR1A,0.027116600424051285,0.027116600424051285,0.027116600424051285,0.027116600424051285,human
PEBP1,0.02706269919872284,0.02706269919872284,0.02706269919872284,0.02706269919872284,human
SPCS2,0.02685946226119995,0.02685946226119995,0.02685946226119995,0.02685946226119995,human
GNG11,0.0262648556381464,0.0262648556381464,0.0262648556381464,0.0262648556381464,human
TVP23C-CDRT4,0.02593843825161457,0.02593843825161457,0.02593843825161457,0.02593843825161457,human
UQCRH,0.025716979056596756,0.025716979056596756,0.025716979056596756,0.025716979056596756,human
SSR4,0.025568490847945213,0.025568490847945213,0.025568490847945213,0.025568490847945213,human
SAP18,0.02544943057000637,0.02544943057000637,0.02544943057000637,0.02544943057000637,human
LDHB,0.025214439257979393,0.025214439257979393,0.025214439257979393,0.025214439257979393,human
TIMM17A,0.024702293798327446,0.024702293798327446,0.024702293798327446,0.024702293798327446,human
MTCH2,0.024508336558938026,0.024508336558938026,0.024508336558938026,0.024508336558938026,human
TOMM22,0.024182263761758804,0.024182263761758804,0.024182263761758804,0.024182263761758804,human
JMJD8,0.02392377331852913,0.02392377331852913,0.02392377331852913,0.02392377331852913,human
CSRP2,0.023656552657485008,0.023656552657485008,0.023656552657485008,0.023656552657485008,human
HSPE1,0.023617403581738472,0.023617403581738472,0.023617403581738472,0.023617403581738472,human
EMC7,0.02347840555012226,0.02347840555012226,0.02347840555012226,0.02347840555012226,human
COX7B,0.023245802149176598,0.023245802149176598,0.023245802149176598,0.023245802149176598,human
CD9,0.023165138438344002,0.023165138438344002,0.023165138438344002,0.023165138438344002,human
NDUFS4,0.02308984473347664,0.02308984473347664,0.02308984473347664,0.02308984473347664,human
PABPN1,0.022725291550159454,0.022725291550159454,0.022725291550159454,0.022725291550159454,human
ARHGDIA,0.022601483389735222,0.022601483389735222,0.022601483389735222,0.022601483389735222,human
KDELR3,0.022471077740192413,0.022471077740192413,0.022471077740192413,0.022471077740192413,human
NDUFA1,0.022274235263466835,0.022274235263466835,0.022274235263466835,0.022274235263466835,human
KPNA2,0.02226852811872959,0.02226852811872959,0.02226852811872959,0.02226852811872959,human
C3orf14,0.02210278995335102,0.02210278995335102,0.02210278995335102,0.02210278995335102,human
PLP2,0.02177550084888935,0.02177550084888935,0.02177550084888935,0.02177550084888935,human
RAN,0.02173161879181862,0.02173161879181862,0.02173161879181862,0.02173161879181862,human
PCDHB2,0.02169608324766159,0.02169608324766159,0.02169608324766159,0.02169608324766159,human
TXNDC17,0.021659990772604942,0.021659990772604942,0.021659990772604942,0.021659990772604942,human
PTGER1,0.021561885252594948,0.021561885252594948,0.021561885252594948,0.021561885252594948,human
SNRPB2,0.02135753072798252,0.02135753072798252,0.02135753072798252,0.02135753072798252,human
MCM7,0.02123839780688286,0.02123839780688286,0.02123839780688286,0.02123839780688286,human
SUMO1,0.021221311762928963,0.021221311762928963,0.021221311762928963,0.021221311762928963,human
WNT5A,0.021090572699904442,0.021090572699904442,0.021090572699904442,0.021090572699904442,human
UBE2C,0.021049903705716133,0.021049903705716133,0.021049903705716133,0.021049903705716133,human
ATP5G1,0.02081015706062317,0.02081015706062317,0.02081015706062317,0.02081015706062317,human
MRTO4,0.02076083980500698,0.02076083980500698,0.02076083980500698,0.02076083980500698,human
HSPB11,0.02061104029417038,0.02061104029417038,0.02061104029417038,0.02061104029417038,human
UBE2S,0.020601240918040276,0.020601240918040276,0.020601240918040276,0.020601240918040276,human
CETN2,0.020516077056527138,0.020516077056527138,0.020516077056527138,0.020516077056527138,human
NT5C,0.020505329594016075,0.020505329594016075,0.020505329594016075,0.020505329594016075,human
ARL6IP4,0.02046150714159012,0.02046150714159012,0.02046150714159012,0.02046150714159012,human
COL4A2,0.02040540985763073,0.02040540985763073,0.02040540985763073,0.02040540985763073,human
TPRKB,0.020401664078235626,0.020401664078235626,0.020401664078235626,0.020401664078235626,human
KNSTRN,0.02022651396691799,0.02022651396691799,0.02022651396691799,0.02022651396691799,human
ATP5L2,0.020003147423267365,0.020003147423267365,0.020003147423267365,0.020003147423267365,human
MT2A,0.01992182806134224,0.01992182806134224,0.01992182806134224,0.01992182806134224,human
PGK1,0.019758280366659164,0.019758280366659164,0.019758280366659164,0.019758280366659164,human
CRABP2,0.01975453458726406,0.01975453458726406,0.01975453458726406,0.01975453458726406,human
NDUFS6,0.019632454961538315,0.019632454961538315,0.019632454961538315,0.019632454961538315,human
SNRPB,0.0192906241863966,0.0192906241863966,0.0192906241863966,0.0192906241863966,human
C1GALT1C1,0.01926770992577076,0.01926770992577076,0.01926770992577076,0.01926770992577076,human
NDUFC2,0.019265789538621902,0.019265789538621902,0.019265789538621902,0.019265789538621902,human
RPS15,0.019195357337594032,0.019195357337594032,0.019195357337594032,0.019195357337594032,human
NOP10,0.019161326810717583,0.019161326810717583,0.019161326810717583,0.019161326810717583,human
RPS16,0.0191264096647501,0.0191264096647501,0.0191264096647501,0.0191264096647501,human
C12orf45,0.019113140180706978,0.019113140180706978,0.019113140180706978,0.019113140180706978,human
SNRPD1,0.01897258870303631,0.01897258870303631,0.01897258870303631,0.01897258870303631,human
EEF1D,0.01888013444840908,0.01888013444840908,0.01888013444840908,0.01888013444840908,human
NTAN1,0.01883590593934059,0.01883590593934059,0.01883590593934059,0.01883590593934059,human
IFI27,0.018746167421340942,0.018746167421340942,0.018746167421340942,0.018746167421340942,human
VDAC1,0.01857294887304306,0.01857294887304306,0.01857294887304306,0.01857294887304306,human
SMS,0.018547218292951584,0.018547218292951584,0.018547218292951584,0.018547218292951584,human
EIF4H,0.018422968685626984,0.018422968685626984,0.018422968685626984,0.018422968685626984,human
THOC7,0.018208235502243042,0.018208235502243042,0.018208235502243042,0.018208235502243042,human
BCAP31,0.018049117177724838,0.018049117177724838,0.018049117177724838,0.018049117177724838,human
EIF4A1,0.017998794093728065,0.017998794093728065,0.017998794093728065,0.017998794093728065,human
NME1,0.017878079786896706,0.017878079786896706,0.017878079786896706,0.017878079786896706,human
RNASEK-C17orf49,0.017838742583990097,0.017838742583990097,0.017838742583990097,0.017838742583990097,human
DNAJC25-GNG10,0.017761675640940666,0.017761675640940666,0.017761675640940666,0.017761675640940666,human
PGRMC2,0.01737542264163494,0.01737542264163494,0.01737542264163494,0.01737542264163494,human
MCM2,0.017357973381876945,0.017357973381876945,0.017357973381876945,0.017357973381876945,human
COX6A1,0.01733243837952614,0.01733243837952614,0.01733243837952614,0.01733243837952614,human
LRR1,0.01732308603823185,0.01732308603823185,0.01732308603823185,0.01732308603823185,human
TSPAN6,0.017262615263462067,0.017262615263462067,0.017262615263462067,0.017262615263462067,human
CTSC,0.0172237828373909,0.0172237828373909,0.0172237828373909,0.0172237828373909,human
LDOC1,0.017068305984139442,0.017068305984139442,0.017068305984139442,0.017068305984139442,human
TCF7,0.016706624999642372,0.016706624999642372,0.016706624999642372,0.016706624999642372,human
CRIP2,0.016650868579745293,0.016650868579745293,0.016650868579745293,0.016650868579745293,human
PGAM1P5,0.016623206436634064,0.016623206436634064,0.016623206436634064,0.016623206436634064,human
TFPI2,0.01649978943169117,0.01649978943169117,0.01649978943169117,0.01649978943169117,human
RPL22,0.016399115324020386,0.016399115324020386,0.016399115324020386,0.016399115324020386,human
LINC01139,0.01628059335052967,0.01628059335052967,0.01628059335052967,0.01628059335052967,human
CDC123,0.016212651506066322,0.016212651506066322,0.016212651506066322,0.016212651506066322,human
CHCHD2,0.016072100028395653,0.016072100028395653,0.016072100028395653,0.016072100028395653,human
QPCT,0.016031408682465553,0.016031408682465553,0.016031408682465553,0.016031408682465553,human
IFT22,0.015963636338710785,0.015963636338710785,0.015963636338710785,0.015963636338710785,human
TMEM106C,0.015953611582517624,0.015953611582517624,0.015953611582517624,0.015953611582517624,human
RPL11,0.015916265547275543,0.015916265547275543,0.015916265547275543,0.015916265547275543,human
RHEB,0.01579274609684944,0.01579274609684944,0.01579274609684944,0.01579274609684944,human
EMC4,0.015653492882847786,0.015653492882847786,0.015653492882847786,0.015653492882847786,human
EIF3E,0.015582195483148098,0.015582195483148098,0.015582195483148098,0.015582195483148098,human
CHCHD1,0.015371570363640785,0.015371570363640785,0.015371570363640785,0.015371570363640785,human
HAPLN1,0.015235408209264278,0.015235408209264278,0.015235408209264278,0.015235408209264278,human
CCNB2,0.015207918360829353,0.015207918360829353,0.015207918360829353,0.015207918360829353,human
SLC43A3,0.015200500376522541,0.015200500376522541,0.015200500376522541,0.015200500376522541,human
H2AFZ,0.015160690061748028,0.015160690061748028,0.015160690061748028,0.015160690061748028,human
CCNG1,0.015091108158230782,0.015091108158230782,0.015091108158230782,0.015091108158230782,human
C18orf21,0.015085563063621521,0.015085563063621521,0.015085563063621521,0.015085563063621521,human
PLK2,0.015031471848487854,0.015031471848487854,0.015031471848487854,0.015031471848487854,human
ITGB1BP1,0.015026131644845009,0.015026131644845009,0.015026131644845009,0.015026131644845009,human
SHFM1,0.01502268761396408,0.01502268761396408,0.01502268761396408,0.01502268761396408,human
FJX1,0.014941125176846981,0.014941125176846981,0.014941125176846981,0.014941125176846981,human
DNM3OS,0.014934336766600609,0.014934336766600609,0.014934336766600609,0.014934336766600609,human
S100A4,0.014904949814081192,0.014904949814081192,0.014904949814081192,0.014904949814081192,human
PAOX,0.01490071602165699,0.01490071602165699,0.01490071602165699,0.01490071602165699,human
NAA38,0.014863659627735615,0.014863659627735615,0.014863659627735615,0.014863659627735615,human
PKIG,0.014860623516142368,0.014860623516142368,0.014860623516142368,0.014860623516142368,human
RNASET2,0.014744941145181656,0.014744941145181656,0.014744941145181656,0.014744941145181656,human
MGST2,0.014736615121364594,0.014736615121364594,0.014736615121364594,0.014736615121364594,human
ITGA6,0.014704733155667782,0.014704733155667782,0.014704733155667782,0.014704733155667782,human
LOC100287525,0.014695316553115845,0.014695316553115845,0.014695316553115845,0.014695316553115845,human
PIM3,0.01464652270078659,0.01464652270078659,0.01464652270078659,0.01464652270078659,human
MRPL41,0.014521261677145958,0.014521261677145958,0.014521261677145958,0.014521261677145958,human
RAMP1,0.014512586407363415,0.014512586407363415,0.014512586407363415,0.014512586407363415,human
TMEM237,0.014494691044092178,0.014494691044092178,0.014494691044092178,0.014494691044092178,human
MRPS33,0.014453242532908916,0.014453242532908916,0.014453242532908916,0.014453242532908916,human
SNHG1,0.01442666444927454,0.01442666444927454,0.01442666444927454,0.01442666444927454,human
SERINC2,0.014334737323224545,0.014334737323224545,0.014334737323224545,0.014334737323224545,human
SNRPA1,0.014139676466584206,0.014139676466584206,0.014139676466584206,0.014139676466584206,human
RBM3,0.0140505600720644,0.0140505600720644,0.0140505600720644,0.0140505600720644,human
GPBP1,0.013988029211759567,0.013988029211759567,0.013988029211759567,0.013988029211759567,human
COX16,0.01398782804608345,0.01398782804608345,0.01398782804608345,0.01398782804608345,human
TERT,0.013977661728858948,0.013977661728858948,0.013977661728858948,0.013977661728858948,human
TOMM20,0.01393369771540165,0.01393369771540165,0.01393369771540165,0.01393369771540165,human
CABP2,0.013908198103308678,0.013908198103308678,0.013908198103308678,0.013908198103308678,human
LSM3,0.013881088234484196,0.013881088234484196,0.013881088234484196,0.013881088234484196,human
SLC12A7,0.01381406094878912,0.01381406094878912,0.01381406094878912,0.01381406094878912,human
PDIA6,0.013765291310846806,0.013765291310846806,0.013765291310846806,0.013765291310846806,human
MRPL13,0.013719568960368633,0.013719568960368633,0.013719568960368633,0.013719568960368633,human
HIST3H2A,0.013708670623600483,0.013708670623600483,0.013708670623600483,0.013708670623600483,human
IDH3G,0.013658372685313225,0.013658372685313225,0.013658372685313225,0.013658372685313225,human
SRGN,0.01363025326281786,0.01363025326281786,0.01363025326281786,0.01363025326281786,human
RFC4,0.013581379316747189,0.013581379316747189,0.013581379316747189,0.013581379316747189,human
PSMD11,0.013534997589886189,0.013534997589886189,0.013534997589886189,0.013534997589886189,human
CD55,0.01351162325590849,0.01351162325590849,0.01351162325590849,0.01351162325590849,human
COL8A1,0.013448956422507763,0.013448956422507763,0.013448956422507763,0.013448956422507763,human
DNAJC8,0.013332217000424862,0.013332217000424862,0.013332217000424862,0.013332217000424862,human
ILF2,0.013203144073486328,0.013203144073486328,0.013203144073486328,0.013203144073486328,human
TMBIM4,0.013110200874507427,0.013110200874507427,0.013110200874507427,0.013110200874507427,human
TMSB10,0.013038521632552147,0.013038521632552147,0.013038521632552147,0.013038521632552147,human
NFKBIA,0.013019961304962635,0.013019961304962635,0.013019961304962635,0.013019961304962635,human
NDN,-0.3263818323612213,-0.3263818323612213,-0.3263818323612213,-0.3263818323612213,human
TIMP1,-0.17179493606090546,-0.17179493606090546,-0.17179493606090546,-0.17179493606090546,human
IGFBP6,-0.16398200392723083,-0.16398200392723083,-0.16398200392723083,-0.16398200392723083,human
AKR1C2,-0.14999179542064667,-0.14999179542064667,-0.14999179542064667,-0.14999179542064667,human
TGFBI,-0.1264951378107071,-0.1264951378107071,-0.1264951378107071,-0.1264951378107071,human
DKK1,-0.12308776378631592,-0.12308776378631592,-0.12308776378631592,-0.12308776378631592,human
S100A6,-0.10563909262418747,-0.10563909262418747,-0.10563909262418747,-0.10563909262418747,human
SNURF,-0.10523129999637604,-0.10523129999637604,-0.10523129999637604,-0.10523129999637604,human
RPL41,-0.1014522910118103,-0.1014522910118103,-0.1014522910118103,-0.1014522910118103,human
IFITM4P,-0.10039810836315155,-0.10039810836315155,-0.10039810836315155,-0.10039810836315155,human
HSPB1,-0.09584858268499374,-0.09584858268499374,-0.09584858268499374,-0.09584858268499374,human
RPL18A,-0.09300132095813751,-0.09300132095813751,-0.09300132095813751,-0.09300132095813751,human
IGFBP7,-0.08910591900348663,-0.08910591900348663,-0.08910591900348663,-0.08910591900348663,human
WNT5B,-0.0881422758102417,-0.0881422758102417,-0.0881422758102417,-0.0881422758102417,human
HOTTIP,-0.07939087599515915,-0.07939087599515915,-0.07939087599515915,-0.07939087599515915,human
ACTG1,-0.07679572701454163,-0.07679572701454163,-0.07679572701454163,-0.07679572701454163,human
PPP1R3C,-0.07658509910106659,-0.07658509910106659,-0.07658509910106659,-0.07658509910106659,human
TMA7,-0.07649210840463638,-0.07649210840463638,-0.07649210840463638,-0.07649210840463638,human
BEX1,-0.07555367052555084,-0.07555367052555084,-0.07555367052555084,-0.07555367052555084,human
F8A1,-0.07477506250143051,-0.07477506250143051,-0.07477506250143051,-0.07477506250143051,human
RPL10A,-0.07373717427253723,-0.07373717427253723,-0.07373717427253723,-0.07373717427253723,human
MBOAT7,-0.07319695502519608,-0.07319695502519608,-0.07319695502519608,-0.07319695502519608,human
MYL6,-0.07107654213905334,-0.07107654213905334,-0.07107654213905334,-0.07107654213905334,human
HTRA1,-0.06996706128120422,-0.06996706128120422,-0.06996706128120422,-0.06996706128120422,human
SPARC,-0.06960252672433853,-0.06960252672433853,-0.06960252672433853,-0.06960252672433853,human
LOC648691,-0.0692625418305397,-0.0692625418305397,-0.0692625418305397,-0.0692625418305397,human
RPS11,-0.06534919887781143,-0.06534919887781143,-0.06534919887781143,-0.06534919887781143,human
ROMO1,-0.06395403295755386,-0.06395403295755386,-0.06395403295755386,-0.06395403295755386,human
RPS27,-0.06233670562505722,-0.06233670562505722,-0.06233670562505722,-0.06233670562505722,human
TUBA1C,-0.06233023479580879,-0.06233023479580879,-0.06233023479580879,-0.06233023479580879,human
ASIC4,-0.06198577582836151,-0.06198577582836151,-0.06198577582836151,-0.06198577582836151,human
RPL27A,-0.06196717172861099,-0.06196717172861099,-0.06196717172861099,-0.06196717172861099,human
SRM,-0.06167980283498764,-0.06167980283498764,-0.06167980283498764,-0.06167980283498764,human
SOD1,-0.05881703272461891,-0.05881703272461891,-0.05881703272461891,-0.05881703272461891,human
PFN1,-0.056308917701244354,-0.056308917701244354,-0.056308917701244354,-0.056308917701244354,human
ANXA2,-0.055339355021715164,-0.055339355021715164,-0.055339355021715164,-0.055339355021715164,human
ID3,-0.055204540491104126,-0.055204540491104126,-0.055204540491104126,-0.055204540491104126,human
SPOCD1,-0.055179163813591,-0.055179163813591,-0.055179163813591,-0.055179163813591,human
TWIST1,-0.05478622764348984,-0.05478622764348984,-0.05478622764348984,-0.05478622764348984,human
DBI,-0.053424302488565445,-0.053424302488565445,-0.053424302488565445,-0.053424302488565445,human
HDDC2,-0.0533205047249794,-0.0533205047249794,-0.0533205047249794,-0.0533205047249794,human
LOXL1,-0.05273837596178055,-0.05273837596178055,-0.05273837596178055,-0.05273837596178055,human
CD81,-0.052557263523340225,-0.052557263523340225,-0.052557263523340225,-0.052557263523340225,human
RPS2,-0.05146818608045578,-0.05146818608045578,-0.05146818608045578,-0.05146818608045578,human
RPL39,-0.05145813524723053,-0.05145813524723053,-0.05145813524723053,-0.05145813524723053,human
CHCHD10,-0.05142737552523613,-0.05142737552523613,-0.05142737552523613,-0.05142737552523613,human
CCDC80,-0.05077715590596199,-0.05077715590596199,-0.05077715590596199,-0.05077715590596199,human
FCGRT,-0.0499330498278141,-0.0499330498278141,-0.0499330498278141,-0.0499330498278141,human
BRI3,-0.04981379583477974,-0.04981379583477974,-0.04981379583477974,-0.04981379583477974,human
RPL38,-0.04955170676112175,-0.04955170676112175,-0.04955170676112175,-0.04955170676112175,human
APLP2,-0.049455124884843826,-0.049455124884843826,-0.049455124884843826,-0.049455124884843826,human
PHLDA2,-0.04755654186010361,-0.04755654186010361,-0.04755654186010361,-0.04755654186010361,human
OCIAD2,-0.04659150540828705,-0.04659150540828705,-0.04659150540828705,-0.04659150540828705,human
PABPC1,-0.04544271156191826,-0.04544271156191826,-0.04544271156191826,-0.04544271156191826,human
HSPB2,-0.045385636389255524,-0.045385636389255524,-0.045385636389255524,-0.045385636389255524,human
UCHL1,-0.045220427215099335,-0.045220427215099335,-0.045220427215099335,-0.045220427215099335,human
HLA-J,-0.04520454257726669,-0.04520454257726669,-0.04520454257726669,-0.04520454257726669,human
NNMT,-0.044929224997758865,-0.044929224997758865,-0.044929224997758865,-0.044929224997758865,human
TUBB2B,-0.04470091313123703,-0.04470091313123703,-0.04470091313123703,-0.04470091313123703,human
LY6E,-0.04407253861427307,-0.04407253861427307,-0.04407253861427307,-0.04407253861427307,human
TMSB4X,-0.0440526008605957,-0.0440526008605957,-0.0440526008605957,-0.0440526008605957,human
MMP3,-0.04401560127735138,-0.04401560127735138,-0.04401560127735138,-0.04401560127735138,human
ATP5G2,-0.04382180795073509,-0.04382180795073509,-0.04382180795073509,-0.04382180795073509,human
SLC1A5,-0.0435732901096344,-0.0435732901096344,-0.0435732901096344,-0.0435732901096344,human
BDNF,-0.043426163494586945,-0.043426163494586945,-0.043426163494586945,-0.043426163494586945,human
SEPT2,-0.04302552342414856,-0.04302552342414856,-0.04302552342414856,-0.04302552342414856,human
ARF4,-0.0429878868162632,-0.0429878868162632,-0.0429878868162632,-0.0429878868162632,human
UBA1,-0.0418972410261631,-0.0418972410261631,-0.0418972410261631,-0.0418972410261631,human
ARMCX2,-0.04187941923737526,-0.04187941923737526,-0.04187941923737526,-0.04187941923737526,human
RPL32,-0.041874371469020844,-0.041874371469020844,-0.041874371469020844,-0.041874371469020844,human
RPLP1,-0.04171192646026611,-0.04171192646026611,-0.04171192646026611,-0.04171192646026611,human
C1orf198,-0.040909040719270706,-0.040909040719270706,-0.040909040719270706,-0.040909040719270706,human
SNRPD2,-0.04075448587536812,-0.04075448587536812,-0.04075448587536812,-0.04075448587536812,human
LOC399491,-0.03979974240064621,-0.03979974240064621,-0.03979974240064621,-0.03979974240064621,human
GARS,-0.0395711213350296,-0.0395711213350296,-0.0395711213350296,-0.0395711213350296,human
CIRBP,-0.039127204567193985,-0.039127204567193985,-0.039127204567193985,-0.039127204567193985,human
DYNLT1,-0.03894546255469322,-0.03894546255469322,-0.03894546255469322,-0.03894546255469322,human
NHP2L1,-0.038781341165304184,-0.038781341165304184,-0.038781341165304184,-0.038781341165304184,human
PSMC2,-0.03864084184169769,-0.03864084184169769,-0.03864084184169769,-0.03864084184169769,human
B2M,-0.0381145253777504,-0.0381145253777504,-0.0381145253777504,-0.0381145253777504,human
YIPF5,-0.03805386647582054,-0.03805386647582054,-0.03805386647582054,-0.03805386647582054,human
ADIRF,-0.038013212382793427,-0.038013212382793427,-0.038013212382793427,-0.038013212382793427,human
TPM4,-0.03792298585176468,-0.03792298585176468,-0.03792298585176468,-0.03792298585176468,human
HLA-E,-0.03791475296020508,-0.03791475296020508,-0.03791475296020508,-0.03791475296020508,human
EMP3,-0.0377831757068634,-0.0377831757068634,-0.0377831757068634,-0.0377831757068634,human
PLEC,-0.03776279836893082,-0.03776279836893082,-0.03776279836893082,-0.03776279836893082,human
SERTAD2,-0.03740815073251724,-0.03740815073251724,-0.03740815073251724,-0.03740815073251724,human
JDP2,-0.037321582436561584,-0.037321582436561584,-0.037321582436561584,-0.037321582436561584,human
IFITM1,-0.037280965596437454,-0.037280965596437454,-0.037280965596437454,-0.037280965596437454,human
CD248,-0.03727846220135689,-0.03727846220135689,-0.03727846220135689,-0.03727846220135689,human
FAM129A,-0.0371008925139904,-0.0371008925139904,-0.0371008925139904,-0.0371008925139904,human
FAM127C,-0.03674965351819992,-0.03674965351819992,-0.03674965351819992,-0.03674965351819992,human
FHL2,-0.03618345037102699,-0.03618345037102699,-0.03618345037102699,-0.03618345037102699,human
C1QTNF5,-0.03615276515483856,-0.03615276515483856,-0.03615276515483856,-0.03615276515483856,human
TSPO,-0.03520714119076729,-0.03520714119076729,-0.03520714119076729,-0.03520714119076729,human
SLC3A2,-0.03504330664873123,-0.03504330664873123,-0.03504330664873123,-0.03504330664873123,human
RPL31P11,-0.03495197743177414,-0.03495197743177414,-0.03495197743177414,-0.03495197743177414,human
HIST1H4C,-0.034461088478565216,-0.034461088478565216,-0.034461088478565216,-0.034461088478565216,human
SARAF,-0.0342043861746788,-0.0342043861746788,-0.0342043861746788,-0.0342043861746788,human
IFITM2,-0.034117911010980606,-0.034117911010980606,-0.034117911010980606,-0.034117911010980606,human
CACYBP,-0.034014992415905,-0.034014992415905,-0.034014992415905,-0.034014992415905,human
SERPINE1,-0.03332691639661789,-0.03332691639661789,-0.03332691639661789,-0.03332691639661789,human
TPM2,-0.0327010452747345,-0.0327010452747345,-0.0327010452747345,-0.0327010452747345,human
COL6A3,-0.0326567143201828,-0.0326567143201828,-0.0326567143201828,-0.0326567143201828,human
ATP5G3,-0.032548584043979645,-0.032548584043979645,-0.032548584043979645,-0.032548584043979645,human
DPT,-0.03250325471162796,-0.03250325471162796,-0.03250325471162796,-0.03250325471162796,human
AP2M1,-0.032486241310834885,-0.032486241310834885,-0.032486241310834885,-0.032486241310834885,human
FBLN5,-0.032354965806007385,-0.032354965806007385,-0.032354965806007385,-0.032354965806007385,human
PLA2G16,-0.03225971385836601,-0.03225971385836601,-0.03225971385836601,-0.03225971385836601,human
LOX,-0.03200361505150795,-0.03200361505150795,-0.03200361505150795,-0.03200361505150795,human
SARS,-0.031964387744665146,-0.031964387744665146,-0.031964387744665146,-0.031964387744665146,human
FMN2,-0.031765855848789215,-0.031765855848789215,-0.031765855848789215,-0.031765855848789215,human
EIF3L,-0.031519949436187744,-0.031519949436187744,-0.031519949436187744,-0.031519949436187744,human
BST1,-0.03076883591711521,-0.03076883591711521,-0.03076883591711521,-0.03076883591711521,human
SUMO3,-0.030589979141950607,-0.030589979141950607,-0.030589979141950607,-0.030589979141950607,human
ACTB,-0.03049100935459137,-0.03049100935459137,-0.03049100935459137,-0.03049100935459137,human
PXDC1,-0.0304567813873291,-0.0304567813873291,-0.0304567813873291,-0.0304567813873291,human
CABP4,-0.030304905027151108,-0.030304905027151108,-0.030304905027151108,-0.030304905027151108,human
CHRM3,-0.03017079085111618,-0.03017079085111618,-0.03017079085111618,-0.03017079085111618,human
ID1,-0.030162638053297997,-0.030162638053297997,-0.030162638053297997,-0.030162638053297997,human
MAGED4,-0.030019788071513176,-0.030019788071513176,-0.030019788071513176,-0.030019788071513176,human
CSNK1D,-0.029962243512272835,-0.029962243512272835,-0.029962243512272835,-0.029962243512272835,human
FAM183B,-0.029674481600522995,-0.029674481600522995,-0.029674481600522995,-0.029674481600522995,human
PLAC9,-0.029662396758794785,-0.029662396758794785,-0.029662396758794785,-0.029662396758794785,human
SH2D4A,-0.029661864042282104,-0.029661864042282104,-0.029661864042282104,-0.029661864042282104,human
PRRX2,-0.029378844425082207,-0.029378844425082207,-0.029378844425082207,-0.029378844425082207,human
THY1,-0.02914954535663128,-0.02914954535663128,-0.02914954535663128,-0.02914954535663128,human
FLYWCH1,-0.028995590284466743,-0.028995590284466743,-0.028995590284466743,-0.028995590284466743,human
SGK1,-0.028663795441389084,-0.028663795441389084,-0.028663795441389084,-0.028663795441389084,human
FGF2,-0.02857532911002636,-0.02857532911002636,-0.02857532911002636,-0.02857532911002636,human
S100A11,-0.0284846480935812,-0.0284846480935812,-0.0284846480935812,-0.0284846480935812,human
FOXC2,-0.028468050062656403,-0.028468050062656403,-0.028468050062656403,-0.028468050062656403,human
VAT1L,-0.027850843966007233,-0.027850843966007233,-0.027850843966007233,-0.027850843966007233,human
ERLEC1,-0.027843086048960686,-0.027843086048960686,-0.027843086048960686,-0.027843086048960686,human
SELM,-0.02754489704966545,-0.02754489704966545,-0.02754489704966545,-0.02754489704966545,human
SQSTM1,-0.027415093034505844,-0.027415093034505844,-0.027415093034505844,-0.027415093034505844,human
CLTC,-0.027355872094631195,-0.027355872094631195,-0.027355872094631195,-0.027355872094631195,human
CD1C,-0.02721520885825157,-0.02721520885825157,-0.02721520885825157,-0.02721520885825157,human
KDM5B,-0.02705923654139042,-0.02705923654139042,-0.02705923654139042,-0.02705923654139042,human
LUM,-0.027035722509026527,-0.027035722509026527,-0.027035722509026527,-0.027035722509026527,human
MYOF,-0.0270302202552557,-0.0270302202552557,-0.0270302202552557,-0.0270302202552557,human
CSTB,-0.026777086779475212,-0.026777086779475212,-0.026777086779475212,-0.026777086779475212,human
WWC2,-0.026737596839666367,-0.026737596839666367,-0.026737596839666367,-0.026737596839666367,human
CALM2,-0.0266213808208704,-0.0266213808208704,-0.0266213808208704,-0.0266213808208704,human
ASNS,-0.02660438045859337,-0.02660438045859337,-0.02660438045859337,-0.02660438045859337,human
HEBP1,-0.02657296136021614,-0.02657296136021614,-0.02657296136021614,-0.02657296136021614,human
PRKCDBP,-0.02637447416782379,-0.02637447416782379,-0.02637447416782379,-0.02637447416782379,human
SSBP4,-0.0262707881629467,-0.0262707881629467,-0.0262707881629467,-0.0262707881629467,human
CLIC3,-0.02616273984313011,-0.02616273984313011,-0.02616273984313011,-0.02616273984313011,human
CANX,-0.026053300127387047,-0.026053300127387047,-0.026053300127387047,-0.026053300127387047,human
SEPW1,-0.02602001652121544,-0.02602001652121544,-0.02602001652121544,-0.02602001652121544,human
GSTA4,-0.025817478075623512,-0.025817478075623512,-0.025817478075623512,-0.025817478075623512,human
RPL36,-0.025399548932909966,-0.025399548932909966,-0.025399548932909966,-0.025399548932909966,human
CRELD2,-0.025332536548376083,-0.025332536548376083,-0.025332536548376083,-0.025332536548376083,human
PRDX5,-0.02521430514752865,-0.02521430514752865,-0.02521430514752865,-0.02521430514752865,human
REXO2,-0.024936536327004433,-0.024936536327004433,-0.024936536327004433,-0.024936536327004433,human
TSPAN4,-0.024860495701432228,-0.024860495701432228,-0.024860495701432228,-0.024860495701432228,human
FBN2,-0.024696949869394302,-0.024696949869394302,-0.024696949869394302,-0.024696949869394302,human
FAM3C,-0.024615082889795303,-0.024615082889795303,-0.024615082889795303,-0.024615082889795303,human
ZFP36,-0.024599449709057808,-0.024599449709057808,-0.024599449709057808,-0.024599449709057808,human
CTTN,-0.024586673825979233,-0.024586673825979233,-0.024586673825979233,-0.024586673825979233,human
POLD4,-0.024536900222301483,-0.024536900222301483,-0.024536900222301483,-0.024536900222301483,human
CST4,-0.02451867051422596,-0.02451867051422596,-0.02451867051422596,-0.02451867051422596,human
LIPA,-0.024340393021702766,-0.024340393021702766,-0.024340393021702766,-0.024340393021702766,human
ARPC5,-0.024310678243637085,-0.024310678243637085,-0.024310678243637085,-0.024310678243637085,human
MDK,-0.024251647293567657,-0.024251647293567657,-0.024251647293567657,-0.024251647293567657,human
TAGLN,-0.02420996129512787,-0.02420996129512787,-0.02420996129512787,-0.02420996129512787,human
SF3B6,-0.024201273918151855,-0.024201273918151855,-0.024201273918151855,-0.024201273918151855,human
MAGT1,-0.024160340428352356,-0.024160340428352356,-0.024160340428352356,-0.024160340428352356,human
PCBP1,-0.0239424966275692,-0.0239424966275692,-0.0239424966275692,-0.0239424966275692,human
CDC37,-0.023932332172989845,-0.023932332172989845,-0.023932332172989845,-0.023932332172989845,human
NTF3,-0.02391784079372883,-0.02391784079372883,-0.02391784079372883,-0.02391784079372883,human
SH3BGRL3,-0.023813962936401367,-0.023813962936401367,-0.023813962936401367,-0.023813962936401367,human
NDUFA12,-0.023756597191095352,-0.023756597191095352,-0.023756597191095352,-0.023756597191095352,human
CRYAB,-0.023637088015675545,-0.023637088015675545,-0.023637088015675545,-0.023637088015675545,human
SEL1L3,-0.02354801446199417,-0.02354801446199417,-0.02354801446199417,-0.02354801446199417,human
COL3A1,-0.023441364988684654,-0.023441364988684654,-0.023441364988684654,-0.023441364988684654,human
C10orf90,-0.023262089118361473,-0.023262089118361473,-0.023262089118361473,-0.023262089118361473,human
TRIP10,-0.02323891781270504,-0.02323891781270504,-0.02323891781270504,-0.02323891781270504,human
PRRT2,-0.023118551820516586,-0.023118551820516586,-0.023118551820516586,-0.023118551820516586,human
CYFIP1,-0.023055627942085266,-0.023055627942085266,-0.023055627942085266,-0.023055627942085266,human
PSMC5,-0.022960878908634186,-0.022960878908634186,-0.022960878908634186,-0.022960878908634186,human
COX7C,-0.022905435413122177,-0.022905435413122177,-0.022905435413122177,-0.022905435413122177,human
MGAT4B,-0.022857703268527985,-0.022857703268527985,-0.022857703268527985,-0.022857703268527985,human
SNHG6,-0.02281554415822029,-0.02281554415822029,-0.02281554415822029,-0.02281554415822029,human
CAMK2N1,-0.022806251421570778,-0.022806251421570778,-0.022806251421570778,-0.022806251421570778,human
MRPL57,-0.02278304472565651,-0.02278304472565651,-0.02278304472565651,-0.02278304472565651,human
PARP1,-0.022273244336247444,-0.022273244336247444,-0.022273244336247444,-0.022273244336247444,human
BOLA3,-0.02208559960126877,-0.02208559960126877,-0.02208559960126877,-0.02208559960126877,human
NREP,-0.02200361341238022,-0.02200361341238022,-0.02200361341238022,-0.02200361341238022,human
TWIST2,-0.021994221955537796,-0.021994221955537796,-0.021994221955537796,-0.021994221955537796,human
GNG12,-0.02186964638531208,-0.02186964638531208,-0.02186964638531208,-0.02186964638531208,human
AURKAIP1,-0.021712174639105797,-0.021712174639105797,-0.021712174639105797,-0.021712174639105797,human
YARS,-0.021709388121962547,-0.021709388121962547,-0.021709388121962547,-0.021709388121962547,human
FASTK,-0.021666189655661583,-0.021666189655661583,-0.021666189655661583,-0.021666189655661583,human
TMEM189-UBE2V1,-0.021462656557559967,-0.021462656557559967,-0.021462656557559967,-0.021462656557559967,human
RRAS,-0.02137148752808571,-0.02137148752808571,-0.02137148752808571,-0.02137148752808571,human
MICA,-0.021359674632549286,-0.021359674632549286,-0.021359674632549286,-0.021359674632549286,human
BIN2,-0.021336494013667107,-0.021336494013667107,-0.021336494013667107,-0.021336494013667107,human
FLNA,-0.021314769983291626,-0.021314769983291626,-0.021314769983291626,-0.021314769983291626,human
ENAH,-0.021291326731443405,-0.021291326731443405,-0.021291326731443405,-0.021291326731443405,human
TMEFF2,-0.02124779112637043,-0.02124779112637043,-0.02124779112637043,-0.02124779112637043,human
LGALS3BP,-0.02101106569170952,-0.02101106569170952,-0.02101106569170952,-0.02101106569170952,human
RHOG,-0.020976826548576355,-0.020976826548576355,-0.020976826548576355,-0.020976826548576355,human
PLAT,-0.020824624225497246,-0.020824624225497246,-0.020824624225497246,-0.020824624225497246,human
DYNC1LI1,-0.020809628069400787,-0.020809628069400787,-0.020809628069400787,-0.020809628069400787,human
FLOT1,-0.0207788348197937,-0.0207788348197937,-0.0207788348197937,-0.0207788348197937,human
FTH1,-0.020751094445586205,-0.020751094445586205,-0.020751094445586205,-0.020751094445586205,human
MOXD1,-0.02069747820496559,-0.02069747820496559,-0.02069747820496559,-0.02069747820496559,human
NXN,-0.020658286288380623,-0.020658286288380623,-0.020658286288380623,-0.020658286288380623,human
MTHFD2,-0.02062339149415493,-0.02062339149415493,-0.02062339149415493,-0.02062339149415493,human
TPD52L2,-0.02051539532840252,-0.02051539532840252,-0.02051539532840252,-0.02051539532840252,human
NSMCE1,-0.020487556234002113,-0.020487556234002113,-0.020487556234002113,-0.020487556234002113,human
CCL22,-0.02045157365500927,-0.02045157365500927,-0.02045157365500927,-0.02045157365500927,human
ATP6AP1,-0.020396152511239052,-0.020396152511239052,-0.020396152511239052,-0.020396152511239052,human
NQO1,-0.02031121961772442,-0.02031121961772442,-0.02031121961772442,-0.02031121961772442,human
LDLR,-0.02011113427579403,-0.02011113427579403,-0.02011113427579403,-0.02011113427579403,human
TNFRSF12A,-0.020094286650419235,-0.020094286650419235,-0.020094286650419235,-0.020094286650419235,human
TPTE2,-0.020022079348564148,-0.020022079348564148,-0.020022079348564148,-0.020022079348564148,human
CST2,-0.0199104193598032,-0.0199104193598032,-0.0199104193598032,-0.0199104193598032,human
LOC101928446,-0.019908033311367035,-0.019908033311367035,-0.019908033311367035,-0.019908033311367035,human
COMMD6,-0.019814420491456985,-0.019814420491456985,-0.019814420491456985,-0.019814420491456985,human
MXRA8,-0.019792258739471436,-0.019792258739471436,-0.019792258739471436,-0.019792258739471436,human
FKBP11,-0.01979174092411995,-0.01979174092411995,-0.01979174092411995,-0.01979174092411995,human
KRTAP1-5,-0.019762439653277397,-0.019762439653277397,-0.019762439653277397,-0.019762439653277397,human
RPL3,-0.019758526235818863,-0.019758526235818863,-0.019758526235818863,-0.019758526235818863,human
VIMP,-0.019580431282520294,-0.019580431282520294,-0.019580431282520294,-0.019580431282520294,human
RPL34,-0.019243238493800163,-0.019243238493800163,-0.019243238493800163,-0.019243238493800163,human
LOC151121,-0.019010482355952263,-0.019010482355952263,-0.019010482355952263,-0.019010482355952263,human
IFITM3,-0.018926097080111504,-0.018926097080111504,-0.018926097080111504,-0.018926097080111504,human
SERPINH1,-0.018883032724261284,-0.018883032724261284,-0.018883032724261284,-0.018883032724261284,human
VPS4B,-0.018829412758350372,-0.018829412758350372,-0.018829412758350372,-0.018829412758350372,human
AEBP1,-0.018804429098963737,-0.018804429098963737,-0.018804429098963737,-0.018804429098963737,human
DPYD,-0.018773673102259636,-0.018773673102259636,-0.018773673102259636,-0.018773673102259636,human
COQ10B,-0.01874708943068981,-0.01874708943068981,-0.01874708943068981,-0.01874708943068981,human
DSTN,-0.01873783767223358,-0.01873783767223358,-0.01873783767223358,-0.01873783767223358,human
RANBP1,-0.018706759437918663,-0.018706759437918663,-0.018706759437918663,-0.018706759437918663,human
MYL12A,-0.018616221845149994,-0.018616221845149994,-0.018616221845149994,-0.018616221845149994,human
LINC01133,-0.018575843423604965,-0.018575843423604965,-0.018575843423604965,-0.018575843423604965,human
DDX50,-0.01856762170791626,-0.01856762170791626,-0.01856762170791626,-0.01856762170791626,human
RPS10,-0.018492983654141426,-0.018492983654141426,-0.018492983654141426,-0.018492983654141426,human
IARS,-0.01848996803164482,-0.01848996803164482,-0.01848996803164482,-0.01848996803164482,human
CCNL2,-0.018448326736688614,-0.018448326736688614,-0.018448326736688614,-0.018448326736688614,human
EEF2,-0.01829145848751068,-0.01829145848751068,-0.01829145848751068,-0.01829145848751068,human
LOC101928580,-0.018243860453367233,-0.018243860453367233,-0.018243860453367233,-0.018243860453367233,human
CASC4,-0.018236210569739342,-0.018236210569739342,-0.018236210569739342,-0.018236210569739342,human
GSTP1,-0.018207496032118797,-0.018207496032118797,-0.018207496032118797,-0.018207496032118797,human
ANAPC11,-0.018100904300808907,-0.018100904300808907,-0.018100904300808907,-0.018100904300808907,human
SHC1,-0.01808394305408001,-0.01808394305408001,-0.01808394305408001,-0.01808394305408001,human
IFI35,-0.018080400303006172,-0.018080400303006172,-0.018080400303006172,-0.018080400303006172,human
HSP90B1,-0.01794637180864811,-0.01794637180864811,-0.01794637180864811,-0.01794637180864811,human
TMEM203,-0.017869506031274796,-0.017869506031274796,-0.017869506031274796,-0.017869506031274796,human
AP2S1,-0.017791399732232094,-0.017791399732232094,-0.017791399732232094,-0.017791399732232094,human
MAMDC2,-0.017754128202795982,-0.017754128202795982,-0.017754128202795982,-0.017754128202795982,human
DHCR7,-0.01773887872695923,-0.01773887872695923,-0.01773887872695923,-0.01773887872695923,human
SNHG24,-0.01770906336605549,-0.01770906336605549,-0.01770906336605549,-0.01770906336605549,human
CTGF,-0.017598479986190796,-0.017598479986190796,-0.017598479986190796,-0.017598479986190796,human
PON2,-0.017552876845002174,-0.017552876845002174,-0.017552876845002174,-0.017552876845002174,human
PXK,-0.017541060224175453,-0.017541060224175453,-0.017541060224175453,-0.017541060224175453,human
SLC4A1AP,-0.017371656373143196,-0.017371656373143196,-0.017371656373143196,-0.017371656373143196,human
WDR1,-0.017353219911456108,-0.017353219911456108,-0.017353219911456108,-0.017353219911456108,human
CHPF2,-0.017300013452768326,-0.017300013452768326,-0.017300013452768326,-0.017300013452768326,human
TIMP2,-0.017278896644711494,-0.017278896644711494,-0.017278896644711494,-0.017278896644711494,human
DDT,-0.017248263582587242,-0.017248263582587242,-0.017248263582587242,-0.017248263582587242,human
FOXE1,-0.01720757596194744,-0.01720757596194744,-0.01720757596194744,-0.01720757596194744,human
KDELR2,-0.017168303951621056,-0.017168303951621056,-0.017168303951621056,-0.017168303951621056,human
PTTG1IP,-0.017107727006077766,-0.017107727006077766,-0.017107727006077766,-0.017107727006077766,human
PSAT1,-0.017105543985962868,-0.017105543985962868,-0.017105543985962868,-0.017105543985962868,human
RAB34,-0.017100932076573372,-0.017100932076573372,-0.017100932076573372,-0.017100932076573372,human
EGF,-0.017100628465414047,-0.017100628465414047,-0.017100628465414047,-0.017100628465414047,human
CBR3,-0.017080100253224373,-0.017080100253224373,-0.017080100253224373,-0.017080100253224373,human
SPTSSA,-0.017052559182047844,-0.017052559182047844,-0.017052559182047844,-0.017052559182047844,human
ETFB,-0.01701429858803749,-0.01701429858803749,-0.01701429858803749,-0.01701429858803749,human
RTN4,-0.016920652240514755,-0.016920652240514755,-0.016920652240514755,-0.016920652240514755,human
PCOLCE,-0.01688736490905285,-0.01688736490905285,-0.01688736490905285,-0.01688736490905285,human
MAGED1,-0.016834700480103493,-0.016834700480103493,-0.016834700480103493,-0.016834700480103493,human
CAPZB,-0.016830604523420334,-0.016830604523420334,-0.016830604523420334,-0.016830604523420334,human
EFEMP2,-0.016736911609768867,-0.016736911609768867,-0.016736911609768867,-0.016736911609768867,human
FAM186A,-0.016680799424648285,-0.016680799424648285,-0.016680799424648285,-0.016680799424648285,human
SOWAHA,-0.016677912324666977,-0.016677912324666977,-0.016677912324666977,-0.016677912324666977,human
PODXL,-0.016581406816840172,-0.016581406816840172,-0.016581406816840172,-0.016581406816840172,human
P4HA2,-0.01651548221707344,-0.01651548221707344,-0.01651548221707344,-0.01651548221707344,human
TIMM8B,-0.016507936641573906,-0.016507936641573906,-0.016507936641573906,-0.016507936641573906,human
SNX9,-0.016469113528728485,-0.016469113528728485,-0.016469113528728485,-0.016469113528728485,human
C11orf24,-0.0164384413510561,-0.0164384413510561,-0.0164384413510561,-0.0164384413510561,human
SOD3,-0.016373904421925545,-0.016373904421925545,-0.016373904421925545,-0.016373904421925545,human
NAA10,-0.01634826324880123,-0.01634826324880123,-0.01634826324880123,-0.01634826324880123,human
LINC01152,-0.016292456537485123,-0.016292456537485123,-0.016292456537485123,-0.016292456537485123,human
ATP5J2,-0.01629204861819744,-0.01629204861819744,-0.01629204861819744,-0.01629204861819744,human
MOK,-0.01624496839940548,-0.01624496839940548,-0.01624496839940548,-0.01624496839940548,human
IKBKG,-0.016232945024967194,-0.016232945024967194,-0.016232945024967194,-0.016232945024967194,human
KPNB1,-0.016222912818193436,-0.016222912818193436,-0.016222912818193436,-0.016222912818193436,human
DEFB118,-0.016037480905652046,-0.016037480905652046,-0.016037480905652046,-0.016037480905652046,human
ACOX2,-0.016031228005886078,-0.016031228005886078,-0.016031228005886078,-0.016031228005886078,human
C1orf123,-0.016006529331207275,-0.016006529331207275,-0.016006529331207275,-0.016006529331207275,human
SLC35E2B,-0.015990544110536575,-0.015990544110536575,-0.015990544110536575,-0.015990544110536575,human
EPRS,-0.015948515385389328,-0.015948515385389328,-0.015948515385389328,-0.015948515385389328,human
SERPINE2,-0.015873292461037636,-0.015873292461037636,-0.015873292461037636,-0.015873292461037636,human
LOC494150,-0.01577160693705082,-0.01577160693705082,-0.01577160693705082,-0.01577160693705082,human
RCAN2,-0.015770142897963524,-0.015770142897963524,-0.015770142897963524,-0.015770142897963524,human
PCDH7,-0.01576312631368637,-0.01576312631368637,-0.01576312631368637,-0.01576312631368637,human
CCDC85A,-0.015750819817185402,-0.015750819817185402,-0.015750819817185402,-0.015750819817185402,human
LINC00950,-0.015745047479867935,-0.015745047479867935,-0.015745047479867935,-0.015745047479867935,human
EIF4B,-0.01567457616329193,-0.01567457616329193,-0.01567457616329193,-0.01567457616329193,human
CCBE1,-0.015628114342689514,-0.015628114342689514,-0.015628114342689514,-0.015628114342689514,human
PRR13,-0.015532499179244041,-0.015532499179244041,-0.015532499179244041,-0.015532499179244041,human
PYCR1,-0.015479284338653088,-0.015479284338653088,-0.015479284338653088,-0.015479284338653088,human
PPIL4,-0.015410702675580978,-0.015410702675580978,-0.015410702675580978,-0.015410702675580978,human
CYB5R3,-0.015405726619064808,-0.015405726619064808,-0.015405726619064808,-0.015405726619064808,human
PNMA1,-0.015385500155389309,-0.015385500155389309,-0.015385500155389309,-0.015385500155389309,human
ATOX1,-0.01536954753100872,-0.01536954753100872,-0.01536954753100872,-0.01536954753100872,human
NDUFS7,-0.015361069701611996,-0.015361069701611996,-0.015361069701611996,-0.015361069701611996,human
ATP5D,-0.015342936851084232,-0.015342936851084232,-0.015342936851084232,-0.015342936851084232,human
LINC00491,-0.015234540216624737,-0.015234540216624737,-0.015234540216624737,-0.015234540216624737,human
SEC13,-0.015142779797315598,-0.015142779797315598,-0.015142779797315598,-0.015142779797315598,human
GPX1,-0.015124959871172905,-0.015124959871172905,-0.015124959871172905,-0.015124959871172905,human
COPB1,-0.015051878057420254,-0.015051878057420254,-0.015051878057420254,-0.015051878057420254,human
RPLP2,-0.015018953010439873,-0.015018953010439873,-0.015018953010439873,-0.015018953010439873,human
HINT1,-0.015010438859462738,-0.015010438859462738,-0.015010438859462738,-0.015010438859462738,human
KIAA0101,-0.015001446940004826,-0.015001446940004826,-0.015001446940004826,-0.015001446940004826,human
THBS2,-0.014985673129558563,-0.014985673129558563,-0.014985673129558563,-0.014985673129558563,human
CDH18,-0.014976597391068935,-0.014976597391068935,-0.014976597391068935,-0.014976597391068935,human
HOXC9,-0.014930862002074718,-0.014930862002074718,-0.014930862002074718,-0.014930862002074718,human
ALCAM,-0.014902803115546703,-0.014902803115546703,-0.014902803115546703,-0.014902803115546703,human
PLEKHO1,-0.01489352434873581,-0.01489352434873581,-0.01489352434873581,-0.01489352434873581,human
EMX2,-0.014834360219538212,-0.014834360219538212,-0.014834360219538212,-0.014834360219538212,human
TUBB4B,-0.014825185760855675,-0.014825185760855675,-0.014825185760855675,-0.014825185760855675,human
DBN1,-0.014794304966926575,-0.014794304966926575,-0.014794304966926575,-0.014794304966926575,human
TENM2,-0.014748710207641125,-0.014748710207641125,-0.014748710207641125,-0.014748710207641125,human
PDLIM4,-0.014712617732584476,-0.014712617732584476,-0.014712617732584476,-0.014712617732584476,human
SPAG7,-0.014700339175760746,-0.014700339175760746,-0.014700339175760746,-0.014700339175760746,human
RDX,-0.014543378725647926,-0.014543378725647926,-0.014543378725647926,-0.014543378725647926,human
GLUL,-0.01454018335789442,-0.01454018335789442,-0.01454018335789442,-0.01454018335789442,human
ACTC1,-0.014537550508975983,-0.014537550508975983,-0.014537550508975983,-0.014537550508975983,human
CTDSP2,-0.01451293844729662,-0.01451293844729662,-0.01451293844729662,-0.01451293844729662,human
SMIM19,-0.014486853033304214,-0.014486853033304214,-0.014486853033304214,-0.014486853033304214,human
ICMT,-0.014486106112599373,-0.014486106112599373,-0.014486106112599373,-0.014486106112599373,human
LHCGR,-0.014430816285312176,-0.014430816285312176,-0.014430816285312176,-0.014430816285312176,human
RAB11A,-0.014426267705857754,-0.014426267705857754,-0.014426267705857754,-0.014426267705857754,human
ECT2,-0.01439729519188404,-0.01439729519188404,-0.01439729519188404,-0.01439729519188404,human
NEK3,-0.01439066044986248,-0.01439066044986248,-0.01439066044986248,-0.01439066044986248,human
HLA-G,-0.014367014169692993,-0.014367014169692993,-0.014367014169692993,-0.014367014169692993,human
UGDH,-0.014298737049102783,-0.014298737049102783,-0.014298737049102783,-0.014298737049102783,human
LRP10,-0.01424760278314352,-0.01424760278314352,-0.01424760278314352,-0.01424760278314352,human
SNRNP70,-0.01413469947874546,-0.01413469947874546,-0.01413469947874546,-0.01413469947874546,human
FKBP10,-0.014099148102104664,-0.014099148102104664,-0.014099148102104664,-0.014099148102104664,human
EXOC7,-0.014098405838012695,-0.014098405838012695,-0.014098405838012695,-0.014098405838012695,human
NMT2,-0.014095712453126907,-0.014095712453126907,-0.014095712453126907,-0.014095712453126907,human
VPS29,-0.014050610363483429,-0.014050610363483429,-0.014050610363483429,-0.014050610363483429,human
STOML2,-0.0140189528465271,-0.0140189528465271,-0.0140189528465271,-0.0140189528465271,human
PRSS23,-0.014011713676154613,-0.014011713676154613,-0.014011713676154613,-0.014011713676154613,human
PSMD1,-0.013997157104313374,-0.013997157104313374,-0.013997157104313374,-0.013997157104313374,human
DYNLRB1,-0.013958847150206566,-0.013958847150206566,-0.013958847150206566,-0.013958847150206566,human
ATP2C1,-0.013956169597804546,-0.013956169597804546,-0.013956169597804546,-0.013956169597804546,human
FOXF1,-0.013946980237960815,-0.013946980237960815,-0.013946980237960815,-0.013946980237960815,human
ENPP2,-0.013899551704525948,-0.013899551704525948,-0.013899551704525948,-0.013899551704525948,human
ACCS,-0.013882865197956562,-0.013882865197956562,-0.013882865197956562,-0.013882865197956562,human
SBDS,-0.01385691948235035,-0.01385691948235035,-0.01385691948235035,-0.01385691948235035,human
TDP2,-0.013850397430360317,-0.013850397430360317,-0.013850397430360317,-0.013850397430360317,human
LIMA1,-0.013803534209728241,-0.013803534209728241,-0.013803534209728241,-0.013803534209728241,human
VIT,-0.013800404965877533,-0.013800404965877533,-0.013800404965877533,-0.013800404965877533,human
IFI6,-0.013767547905445099,-0.013767547905445099,-0.013767547905445099,-0.013767547905445099,human
ZNF219,-0.013662399724125862,-0.013662399724125862,-0.013662399724125862,-0.013662399724125862,human
METTL9,-0.013629816472530365,-0.013629816472530365,-0.013629816472530365,-0.013629816472530365,human
BTG3,-0.013609101064503193,-0.013609101064503193,-0.013609101064503193,-0.013609101064503193,human
ABCE1,-0.013555432669818401,-0.013555432669818401,-0.013555432669818401,-0.013555432669818401,human
SCNM1,-0.013542184606194496,-0.013542184606194496,-0.013542184606194496,-0.013542184606194496,human
SPINT1,-0.013511217199265957,-0.013511217199265957,-0.013511217199265957,-0.013511217199265957,human
BLCAP,-0.013464264571666718,-0.013464264571666718,-0.013464264571666718,-0.013464264571666718,human
ZNHIT1,-0.013457302935421467,-0.013457302935421467,-0.013457302935421467,-0.013457302935421467,human
CPA4,-0.013430282473564148,-0.013430282473564148,-0.013430282473564148,-0.013430282473564148,human
HDGFL1,-0.013423707336187363,-0.013423707336187363,-0.013423707336187363,-0.013423707336187363,human
FDX1,-0.013391605578362942,-0.013391605578362942,-0.013391605578362942,-0.013391605578362942,human
ATP6V0E1,-0.013387327082455158,-0.013387327082455158,-0.013387327082455158,-0.013387327082455158,human
HEBP2,-0.013377142138779163,-0.013377142138779163,-0.013377142138779163,-0.013377142138779163,human
PLEKHO2,-0.013376406393945217,-0.013376406393945217,-0.013376406393945217,-0.013376406393945217,human
CAPZA1,-0.013282987289130688,-0.013282987289130688,-0.013282987289130688,-0.013282987289130688,human
RPL13,-0.013253754936158657,-0.013253754936158657,-0.013253754936158657,-0.013253754936158657,human
ULBP1,-0.013248846866190434,-0.013248846866190434,-0.013248846866190434,-0.013248846866190434,human
CSRP1,-0.013208955526351929,-0.013208955526351929,-0.013208955526351929,-0.013208955526351929,human
CITED2,-0.0131977628916502,-0.0131977628916502,-0.0131977628916502,-0.0131977628916502,human
OLIG3,-0.013195059262216091,-0.013195059262216091,-0.013195059262216091,-0.013195059262216091,human
F3,-0.013179301284253597,-0.013179301284253597,-0.013179301284253597,-0.013179301284253597,human
SLC25A5,-0.01317214872688055,-0.01317214872688055,-0.01317214872688055,-0.01317214872688055,human
RPS9,-0.013127993792295456,-0.013127993792295456,-0.013127993792295456,-0.013127993792295456,human
DAP,-0.013119838200509548,-0.013119838200509548,-0.013119838200509548,-0.013119838200509548,human
MIS12,-0.013046684674918652,-0.013046684674918652,-0.013046684674918652,-0.013046684674918652,human
HSBP1L1,-0.013042960315942764,-0.013042960315942764,-0.013042960315942764,-0.013042960315942764,human
RNASEH2C,-0.013025492429733276,-0.013025492429733276,-0.013025492429733276,-0.013025492429733276,human
TXNRD1,-0.013006908819079399,-0.013006908819079399,-0.013006908819079399,-0.013006908819079399,human
TP53I11,-0.013000198639929295,-0.013000198639929295,-0.013000198639929295,-0.013000198639929295,human
RNF187,-0.01292269118130207,-0.01292269118130207,-0.01292269118130207,-0.01292269118130207,human
