gene_symbol,logfc_dz:241,mean_logfc,median_logfc,common_experiment,organism
HBD,0.3946287930011749,0.3946287930011749,0.3946287930011749,0.3946287930011749,human
NFKBIA,0.18736238777637482,0.18736238777637482,0.18736238777637482,0.18736238777637482,human
MT2A,0.1680973768234253,0.1680973768234253,0.1680973768234253,0.1680973768234253,human
SLC36A2,0.1464938372373581,0.1464938372373581,0.1464938372373581,0.1464938372373581,human
PSAP,0.12143830209970474,0.12143830209970474,0.12143830209970474,0.12143830209970474,human
ALAS2,0.11482156068086624,0.11482156068086624,0.11482156068086624,0.11482156068086624,human
IFITM1,0.10313697904348373,0.10313697904348373,0.10313697904348373,0.10313697904348373,human
IL1B,0.09831590205430984,0.09831590205430984,0.09831590205430984,0.09831590205430984,human
CAP1,0.09013620018959045,0.09013620018959045,0.09013620018959045,0.09013620018959045,human
CLU,0.08918719738721848,0.08918719738721848,0.08918719738721848,0.08918719738721848,human
ZFP36,0.08912050724029541,0.08912050724029541,0.08912050724029541,0.08912050724029541,human
YWHAB,0.08906397968530655,0.08906397968530655,0.08906397968530655,0.08906397968530655,human
HBG2,0.08339307457208633,0.08339307457208633,0.08339307457208633,0.08339307457208633,human
CD14,0.08321940153837204,0.08321940153837204,0.08321940153837204,0.08321940153837204,human
FTL,0.08098376542329788,0.08098376542329788,0.08098376542329788,0.08098376542329788,human
EIF1,0.07996978610754013,0.07996978610754013,0.07996978610754013,0.07996978610754013,human
LGALS3,0.07950153201818466,0.07950153201818466,0.07950153201818466,0.07950153201818466,human
UBC,0.07700648158788681,0.07700648158788681,0.07700648158788681,0.07700648158788681,human
JUND,0.07647126913070679,0.07647126913070679,0.07647126913070679,0.07647126913070679,human
RPL27A,0.07603047043085098,0.07603047043085098,0.07603047043085098,0.07603047043085098,human
HLA-DRA,0.07524898648262024,0.07524898648262024,0.07524898648262024,0.07524898648262024,human
S100A12,0.07436562329530716,0.07436562329530716,0.07436562329530716,0.07436562329530716,human
VCAN,0.0728568285703659,0.0728568285703659,0.0728568285703659,0.0728568285703659,human
ATP1B3,0.0725804939866066,0.0725804939866066,0.0725804939866066,0.0725804939866066,human
RPS19,0.07225143909454346,0.07225143909454346,0.07225143909454346,0.07225143909454346,human
NPIPB5,0.07041195034980774,0.07041195034980774,0.07041195034980774,0.07041195034980774,human
IGK,0.06982502341270447,0.06982502341270447,0.06982502341270447,0.06982502341270447,human
PGAM1,0.06973981857299805,0.06973981857299805,0.06973981857299805,0.06973981857299805,human
GNAS,0.06972311437129974,0.06972311437129974,0.06972311437129974,0.06972311437129974,human
PTP4A2,0.0692465677857399,0.0692465677857399,0.0692465677857399,0.0692465677857399,human
ARPC2,0.0692177265882492,0.0692177265882492,0.0692177265882492,0.0692177265882492,human
RHOA,0.06846006214618683,0.06846006214618683,0.06846006214618683,0.06846006214618683,human
FTH1,0.06795928627252579,0.06795928627252579,0.06795928627252579,0.06795928627252579,human
CCL5,0.06531038880348206,0.06531038880348206,0.06531038880348206,0.06531038880348206,human
GRN,0.06427498161792755,0.06427498161792755,0.06427498161792755,0.06427498161792755,human
GPX1,0.06192144751548767,0.06192144751548767,0.06192144751548767,0.06192144751548767,human
GNLY,0.06142495572566986,0.06142495572566986,0.06142495572566986,0.06142495572566986,human
HLA-DPA1,0.06080828979611397,0.06080828979611397,0.06080828979611397,0.06080828979611397,human
IFI30,0.0604635588824749,0.0604635588824749,0.0604635588824749,0.0604635588824749,human
F13A1,0.06031833589076996,0.06031833589076996,0.06031833589076996,0.06031833589076996,human
RPL18A,0.05986372381448746,0.05986372381448746,0.05986372381448746,0.05986372381448746,human
CLIC1,0.05961884930729866,0.05961884930729866,0.05961884930729866,0.05961884930729866,human
PCBP2,0.05943100154399872,0.05943100154399872,0.05943100154399872,0.05943100154399872,human
IGLV1-44,0.05893377959728241,0.05893377959728241,0.05893377959728241,0.05893377959728241,human
CX3CR1,0.05853107571601868,0.05853107571601868,0.05853107571601868,0.05853107571601868,human
ALDOA,0.058001257479190826,0.058001257479190826,0.058001257479190826,0.058001257479190826,human
FGR,0.05649762600660324,0.05649762600660324,0.05649762600660324,0.05649762600660324,human
ARPC1B,0.0551028698682785,0.0551028698682785,0.0551028698682785,0.0551028698682785,human
DAZAP2,0.05502757802605629,0.05502757802605629,0.05502757802605629,0.05502757802605629,human
TNFRSF1B,0.054644785821437836,0.054644785821437836,0.054644785821437836,0.054644785821437836,human
ANXA11,0.05395808070898056,0.05395808070898056,0.05395808070898056,0.05395808070898056,human
IER2,0.05384979397058487,0.05384979397058487,0.05384979397058487,0.05384979397058487,human
VCL,0.0534953810274601,0.0534953810274601,0.0534953810274601,0.0534953810274601,human
RPS27AP16,0.053366903215646744,0.053366903215646744,0.053366903215646744,0.053366903215646744,human
CAPN2,0.053349483758211136,0.053349483758211136,0.053349483758211136,0.053349483758211136,human
HLA-A,0.05230242758989334,0.05230242758989334,0.05230242758989334,0.05230242758989334,human
PSMB9,0.0518973134458065,0.0518973134458065,0.0518973134458065,0.0518973134458065,human
COX8A,0.05150602012872696,0.05150602012872696,0.05150602012872696,0.05150602012872696,human
TKT,0.05149118974804878,0.05149118974804878,0.05149118974804878,0.05149118974804878,human
RPL23AP74,0.05147475749254227,0.05147475749254227,0.05147475749254227,0.05147475749254227,human
TUBA1A,0.05089324340224266,0.05089324340224266,0.05089324340224266,0.05089324340224266,human
CD53,0.05081993713974953,0.05081993713974953,0.05081993713974953,0.05081993713974953,human
YBX1,0.05022350698709488,0.05022350698709488,0.05022350698709488,0.05022350698709488,human
ZYX,0.05016942694783211,0.05016942694783211,0.05016942694783211,0.05016942694783211,human
GUK1,0.04964900016784668,0.04964900016784668,0.04964900016784668,0.04964900016784668,human
UCP2,0.049316827207803726,0.049316827207803726,0.049316827207803726,0.049316827207803726,human
ARF3,0.04912576451897621,0.04912576451897621,0.04912576451897621,0.04912576451897621,human
IGHM,0.04843006655573845,0.04843006655573845,0.04843006655573845,0.04843006655573845,human
IGHV4-31,0.047737713903188705,0.047737713903188705,0.047737713903188705,0.047737713903188705,human
PSME2,0.04768422991037369,0.04768422991037369,0.04768422991037369,0.04768422991037369,human
RHOG,0.047365471720695496,0.047365471720695496,0.047365471720695496,0.047365471720695496,human
RNF10,0.04716331511735916,0.04716331511735916,0.04716331511735916,0.04716331511735916,human
ITGB2,0.0468781404197216,0.0468781404197216,0.0468781404197216,0.0468781404197216,human
PABPC1,0.046125076711177826,0.046125076711177826,0.046125076711177826,0.046125076711177826,human
TPT1,0.04518532007932663,0.04518532007932663,0.04518532007932663,0.04518532007932663,human
TNIP1,0.045134663581848145,0.045134663581848145,0.045134663581848145,0.045134663581848145,human
CD81,0.044852543622255325,0.044852543622255325,0.044852543622255325,0.044852543622255325,human
FLNA,0.044304072856903076,0.044304072856903076,0.044304072856903076,0.044304072856903076,human
B2M,0.04270640388131142,0.04270640388131142,0.04270640388131142,0.04270640388131142,human
MARCKS,0.04243394359946251,0.04243394359946251,0.04243394359946251,0.04243394359946251,human
PPT1,0.04233812913298607,0.04233812913298607,0.04233812913298607,0.04233812913298607,human
SLC25A3,0.04181830212473869,0.04181830212473869,0.04181830212473869,0.04181830212473869,human
RPS3A,0.04140555113554001,0.04140555113554001,0.04140555113554001,0.04140555113554001,human
PSME1,0.04130890592932701,0.04130890592932701,0.04130890592932701,0.04130890592932701,human
UBA52,0.04039406031370163,0.04039406031370163,0.04039406031370163,0.04039406031370163,human
RAC1,0.04024495556950569,0.04024495556950569,0.04024495556950569,0.04024495556950569,human
KLF6,0.03983032703399658,0.03983032703399658,0.03983032703399658,0.03983032703399658,human
ENO1,0.03945215046405792,0.03945215046405792,0.03945215046405792,0.03945215046405792,human
CSK,0.039072878658771515,0.039072878658771515,0.039072878658771515,0.039072878658771515,human
NCF2,0.039030395448207855,0.039030395448207855,0.039030395448207855,0.039030395448207855,human
CSTB,0.038935985416173935,0.038935985416173935,0.038935985416173935,0.038935985416173935,human
LAPTM5,0.038332562893629074,0.038332562893629074,0.038332562893629074,0.038332562893629074,human
SLC25A5,0.03828458860516548,0.03828458860516548,0.03828458860516548,0.03828458860516548,human
PF4,0.03814754635095596,0.03814754635095596,0.03814754635095596,0.03814754635095596,human
HMGN2,0.0381312295794487,0.0381312295794487,0.0381312295794487,0.0381312295794487,human
MPP1,0.038089554756879807,0.038089554756879807,0.038089554756879807,0.038089554756879807,human
ARF1,0.03800971433520317,0.03800971433520317,0.03800971433520317,0.03800971433520317,human
PPIA,0.037884484976530075,0.037884484976530075,0.037884484976530075,0.037884484976530075,human
CXCR4,0.0370771586894989,0.0370771586894989,0.0370771586894989,0.0370771586894989,human
YWHAQ,0.03681383654475212,0.03681383654475212,0.03681383654475212,0.03681383654475212,human
IFNGR2,0.03636451065540314,0.03636451065540314,0.03636451065540314,0.03636451065540314,human
FCER1G,0.0359685905277729,0.0359685905277729,0.0359685905277729,0.0359685905277729,human
LDHB,0.035964176058769226,0.035964176058769226,0.035964176058769226,0.035964176058769226,human
CLEC2B,0.03581228852272034,0.03581228852272034,0.03581228852272034,0.03581228852272034,human
EIF4H,0.035344626754522324,0.035344626754522324,0.035344626754522324,0.035344626754522324,human
TMSB10,0.03534437716007233,0.03534437716007233,0.03534437716007233,0.03534437716007233,human
TSPO,0.035153575241565704,0.035153575241565704,0.035153575241565704,0.035153575241565704,human
DNAJC25-GNG10,0.034471526741981506,0.034471526741981506,0.034471526741981506,0.034471526741981506,human
HMGN1,0.03421667590737343,0.03421667590737343,0.03421667590737343,0.03421667590737343,human
ATF4,0.034195881336927414,0.034195881336927414,0.034195881336927414,0.034195881336927414,human
GZMH,0.034189242869615555,0.034189242869615555,0.034189242869615555,0.034189242869615555,human
GPSM3,0.034178201109170914,0.034178201109170914,0.034178201109170914,0.034178201109170914,human
FCGR3B,0.03395513817667961,0.03395513817667961,0.03395513817667961,0.03395513817667961,human
RPL7,0.03372013941407204,0.03372013941407204,0.03372013941407204,0.03372013941407204,human
CD97,0.033710408955812454,0.033710408955812454,0.033710408955812454,0.033710408955812454,human
FOS,0.0334213450551033,0.0334213450551033,0.0334213450551033,0.0334213450551033,human
IER3,0.03340146318078041,0.03340146318078041,0.03340146318078041,0.03340146318078041,human
MYH9,0.03319675847887993,0.03319675847887993,0.03319675847887993,0.03319675847887993,human
PSMB10,0.0331447571516037,0.0331447571516037,0.0331447571516037,0.0331447571516037,human
CAPG,0.03302941471338272,0.03302941471338272,0.03302941471338272,0.03302941471338272,human
SECTM1,0.03290551155805588,0.03290551155805588,0.03290551155805588,0.03290551155805588,human
MMP9,0.03285572677850723,0.03285572677850723,0.03285572677850723,0.03285572677850723,human
ZNF320,0.03280319646000862,0.03280319646000862,0.03280319646000862,0.03280319646000862,human
CEBPD,0.03256974369287491,0.03256974369287491,0.03256974369287491,0.03256974369287491,human
NKG7,0.03225550055503845,0.03225550055503845,0.03225550055503845,0.03225550055503845,human
BCL2A1,0.032235510647296906,0.032235510647296906,0.032235510647296906,0.032235510647296906,human
ATP5A1,0.03195229917764664,0.03195229917764664,0.03195229917764664,0.03195229917764664,human
COX4I1,0.031584370881319046,0.031584370881319046,0.031584370881319046,0.031584370881319046,human
FGL2,0.03156650438904762,0.03156650438904762,0.03156650438904762,0.03156650438904762,human
HINT1,0.031200723722577095,0.031200723722577095,0.031200723722577095,0.031200723722577095,human
IL32,0.030964504927396774,0.030964504927396774,0.030964504927396774,0.030964504927396774,human
SERPINB1,0.030830688774585724,0.030830688774585724,0.030830688774585724,0.030830688774585724,human
RPS7,0.03008969873189926,0.03008969873189926,0.03008969873189926,0.03008969873189926,human
SEPT5,0.029743917286396027,0.029743917286396027,0.029743917286396027,0.029743917286396027,human
PTMA,0.0296512208878994,0.0296512208878994,0.0296512208878994,0.0296512208878994,human
EIF3E,0.029578806832432747,0.029578806832432747,0.029578806832432747,0.029578806832432747,human
ODC1,0.029567740857601166,0.029567740857601166,0.029567740857601166,0.029567740857601166,human
IL2RB,0.029533712193369865,0.029533712193369865,0.029533712193369865,0.029533712193369865,human
LOC100133773,0.029396453872323036,0.029396453872323036,0.029396453872323036,0.029396453872323036,human
NRGN,0.02931833267211914,0.02931833267211914,0.02931833267211914,0.02931833267211914,human
COX7A2,0.02929082326591015,0.02929082326591015,0.02929082326591015,0.02929082326591015,human
LY6E,0.02911958657205105,0.02911958657205105,0.02911958657205105,0.02911958657205105,human
RGS2,0.029032226651906967,0.029032226651906967,0.029032226651906967,0.029032226651906967,human
ISCU,0.028836268931627274,0.028836268931627274,0.028836268931627274,0.028836268931627274,human
PKM,0.028748350217938423,0.028748350217938423,0.028748350217938423,0.028748350217938423,human
RNPEP,0.028735293075442314,0.028735293075442314,0.028735293075442314,0.028735293075442314,human
S100A10,0.02844366431236267,0.02844366431236267,0.02844366431236267,0.02844366431236267,human
TGFBI,0.02841099351644516,0.02841099351644516,0.02841099351644516,0.02841099351644516,human
RPL36A,0.02837660349905491,0.02837660349905491,0.02837660349905491,0.02837660349905491,human
COX6C,0.02821381203830242,0.02821381203830242,0.02821381203830242,0.02821381203830242,human
C5AR1,0.028103550896048546,0.028103550896048546,0.028103550896048546,0.028103550896048546,human
S100A11,0.028077522292733192,0.028077522292733192,0.028077522292733192,0.028077522292733192,human
MX1,0.02805614098906517,0.02805614098906517,0.02805614098906517,0.02805614098906517,human
UQCRFS1,0.02793273515999317,0.02793273515999317,0.02793273515999317,0.02793273515999317,human
EEF1B2,0.02792043797671795,0.02792043797671795,0.02792043797671795,0.02792043797671795,human
PSMB8,0.027915939688682556,0.027915939688682556,0.027915939688682556,0.027915939688682556,human
GSTO1,0.02759728953242302,0.02759728953242302,0.02759728953242302,0.02759728953242302,human
NDUFA4,0.027456767857074738,0.027456767857074738,0.027456767857074738,0.027456767857074738,human
COX5A,0.02736678533256054,0.02736678533256054,0.02736678533256054,0.02736678533256054,human
CST3,0.027248583734035492,0.027248583734035492,0.027248583734035492,0.027248583734035492,human
CD63,0.027097217738628387,0.027097217738628387,0.027097217738628387,0.027097217738628387,human
HCK,0.02696988731622696,0.02696988731622696,0.02696988731622696,0.02696988731622696,human
NCF1C,0.02695385180413723,0.02695385180413723,0.02695385180413723,0.02695385180413723,human
LGALS1,0.026743916794657707,0.026743916794657707,0.026743916794657707,0.026743916794657707,human
HIST2H2AA4,0.026612460613250732,0.026612460613250732,0.026612460613250732,0.026612460613250732,human
PLCB2,0.026606420055031776,0.026606420055031776,0.026606420055031776,0.026606420055031776,human
ATP6V0C,0.026410281658172607,0.026410281658172607,0.026410281658172607,0.026410281658172607,human
LOC100130308,0.026055993512272835,0.026055993512272835,0.026055993512272835,0.026055993512272835,human
YWHAH,0.025916360318660736,0.025916360318660736,0.025916360318660736,0.025916360318660736,human
IRF1,0.025800561532378197,0.025800561532378197,0.025800561532378197,0.025800561532378197,human
MDH1,0.02572626806795597,0.02572626806795597,0.02572626806795597,0.02572626806795597,human
RPL17,0.02571050636470318,0.02571050636470318,0.02571050636470318,0.02571050636470318,human
YBX3,0.025074949488043785,0.025074949488043785,0.025074949488043785,0.025074949488043785,human
RPL35A,0.02485549822449684,0.02485549822449684,0.02485549822449684,0.02485549822449684,human
FCN1,0.024616500362753868,0.024616500362753868,0.024616500362753868,0.024616500362753868,human
LOC100130553,0.024576468393206596,0.024576468393206596,0.024576468393206596,0.024576468393206596,human
ITGAM,0.024541592225432396,0.024541592225432396,0.024541592225432396,0.024541592225432396,human
PDLIM1,0.024518588557839394,0.024518588557839394,0.024518588557839394,0.024518588557839394,human
CLC,0.024331793189048767,0.024331793189048767,0.024331793189048767,0.024331793189048767,human
CIB1,0.02409769594669342,0.02409769594669342,0.02409769594669342,0.02409769594669342,human
SORL1,0.024068893864750862,0.024068893864750862,0.024068893864750862,0.024068893864750862,human
XRCC5,0.023826824501156807,0.023826824501156807,0.023826824501156807,0.023826824501156807,human
CPNE1,0.023767022415995598,0.023767022415995598,0.023767022415995598,0.023767022415995598,human
FBP1,0.023750755935907364,0.023750755935907364,0.023750755935907364,0.023750755935907364,human
G0S2,0.02373947575688362,0.02373947575688362,0.02373947575688362,0.02373947575688362,human
TNFAIP3,0.023479245603084564,0.023479245603084564,0.023479245603084564,0.023479245603084564,human
PTDSS1,0.02340742014348507,0.02340742014348507,0.02340742014348507,0.02340742014348507,human
ZNF91,0.02338135428726673,0.02338135428726673,0.02338135428726673,0.02338135428726673,human
TNFSF10,0.023250360041856766,0.023250360041856766,0.023250360041856766,0.023250360041856766,human
G6PD,0.023241741582751274,0.023241741582751274,0.023241741582751274,0.023241741582751274,human
BTG1,0.02323339134454727,0.02323339134454727,0.02323339134454727,0.02323339134454727,human
MYD88,0.023216404020786285,0.023216404020786285,0.023216404020786285,0.023216404020786285,human
SOD1,0.02320115640759468,0.02320115640759468,0.02320115640759468,0.02320115640759468,human
TCIRG1,0.023195983842015266,0.023195983842015266,0.023195983842015266,0.023195983842015266,human
YWHAZ,0.022822031751275063,0.022822031751275063,0.022822031751275063,0.022822031751275063,human
RUNX3,0.022821292281150818,0.022821292281150818,0.022821292281150818,0.022821292281150818,human
CASP4,0.022808738052845,0.022808738052845,0.022808738052845,0.022808738052845,human
CTDSP2,0.022619381546974182,0.022619381546974182,0.022619381546974182,0.022619381546974182,human
MSN,0.02249702624976635,0.02249702624976635,0.02249702624976635,0.02249702624976635,human
EIF3F,0.022480444982647896,0.022480444982647896,0.022480444982647896,0.022480444982647896,human
GYPC,0.022430190816521645,0.022430190816521645,0.022430190816521645,0.022430190816521645,human
KHDRBS1,0.022385641932487488,0.022385641932487488,0.022385641932487488,0.022385641932487488,human
ID2B,0.022359082475304604,0.022359082475304604,0.022359082475304604,0.022359082475304604,human
ARHGAP1,0.022283509373664856,0.022283509373664856,0.022283509373664856,0.022283509373664856,human
COX6A1,0.0221911258995533,0.0221911258995533,0.0221911258995533,0.0221911258995533,human
COX5B,0.022059742361307144,0.022059742361307144,0.022059742361307144,0.022059742361307144,human
RPL8,0.021974720060825348,0.021974720060825348,0.021974720060825348,0.021974720060825348,human
CDKN2D,0.02188120223581791,0.02188120223581791,0.02188120223581791,0.02188120223581791,human
MAP2K3,0.021873876452445984,0.021873876452445984,0.021873876452445984,0.021873876452445984,human
BLVRA,0.02187207341194153,0.02187207341194153,0.02187207341194153,0.02187207341194153,human
ACSL1,0.021815432235598564,0.021815432235598564,0.021815432235598564,0.021815432235598564,human
LST1,0.02176603674888611,0.02176603674888611,0.02176603674888611,0.02176603674888611,human
DUSP2,0.021719029173254967,0.021719029173254967,0.021719029173254967,0.021719029173254967,human
RPL6,0.02168557047843933,0.02168557047843933,0.02168557047843933,0.02168557047843933,human
PTTG1IP,0.021430840715765953,0.021430840715765953,0.021430840715765953,0.021430840715765953,human
CTBP1,0.02117021381855011,0.02117021381855011,0.02117021381855011,0.02117021381855011,human
MAPKAPK3,0.021118011325597763,0.021118011325597763,0.021118011325597763,0.021118011325597763,human
NAP1L4,0.020889071747660637,0.020889071747660637,0.020889071747660637,0.020889071747660637,human
CTSD,0.020889027044177055,0.020889027044177055,0.020889027044177055,0.020889027044177055,human
FHL1,0.02080237865447998,0.02080237865447998,0.02080237865447998,0.02080237865447998,human
DDX5,0.02079513855278492,0.02079513855278492,0.02079513855278492,0.02079513855278492,human
MYL9,0.020676637068390846,0.020676637068390846,0.020676637068390846,0.020676637068390846,human
XRCC6,0.020562926307320595,0.020562926307320595,0.020562926307320595,0.020562926307320595,human
NACA,0.0205607321113348,0.0205607321113348,0.0205607321113348,0.0205607321113348,human
IL1R2,0.020417552441358566,0.020417552441358566,0.020417552441358566,0.020417552441358566,human
CTSA,0.020408544689416885,0.020408544689416885,0.020408544689416885,0.020408544689416885,human
TNFAIP2,0.0203505028039217,0.0203505028039217,0.0203505028039217,0.0203505028039217,human
H1FX,0.020097780972719193,0.020097780972719193,0.020097780972719193,0.020097780972719193,human
PSMB4,0.01993120089173317,0.01993120089173317,0.01993120089173317,0.01993120089173317,human
MYO1F,0.019835609942674637,0.019835609942674637,0.019835609942674637,0.019835609942674637,human
ATP6AP1,0.019707821309566498,0.019707821309566498,0.019707821309566498,0.019707821309566498,human
UBE2D3,0.019656222313642502,0.019656222313642502,0.019656222313642502,0.019656222313642502,human
H2AFZ,0.01964515447616577,0.01964515447616577,0.01964515447616577,0.01964515447616577,human
TCEB1,0.019541995599865913,0.019541995599865913,0.019541995599865913,0.019541995599865913,human
IL10RA,0.019518515095114708,0.019518515095114708,0.019518515095114708,0.019518515095114708,human
UBE2L3,0.0194053053855896,0.0194053053855896,0.0194053053855896,0.0194053053855896,human
DSTN,0.019402936100959778,0.019402936100959778,0.019402936100959778,0.019402936100959778,human
TXN,0.019155461341142654,0.019155461341142654,0.019155461341142654,0.019155461341142654,human
XBP1,0.019113602116703987,0.019113602116703987,0.019113602116703987,0.019113602116703987,human
TAF10,0.019063211977481842,0.019063211977481842,0.019063211977481842,0.019063211977481842,human
AP2M1,0.019010715186595917,0.019010715186595917,0.019010715186595917,0.019010715186595917,human
HMOX1,0.018951354548335075,0.018951354548335075,0.018951354548335075,0.018951354548335075,human
CAPZA1,0.01886112056672573,0.01886112056672573,0.01886112056672573,0.01886112056672573,human
PARK7,0.018839256837964058,0.018839256837964058,0.018839256837964058,0.018839256837964058,human
AP3S1,0.018815921619534492,0.018815921619534492,0.018815921619534492,0.018815921619534492,human
RNH1,0.01873399131000042,0.01873399131000042,0.01873399131000042,0.01873399131000042,human
GLUL,0.018722034990787506,0.018722034990787506,0.018722034990787506,0.018722034990787506,human
MVP,0.018704302608966827,0.018704302608966827,0.018704302608966827,0.018704302608966827,human
MT1H,0.018696365877985954,0.018696365877985954,0.018696365877985954,0.018696365877985954,human
HK3,0.018677968531847,0.018677968531847,0.018677968531847,0.018677968531847,human
PRKAR2B,0.018602067604660988,0.018602067604660988,0.018602067604660988,0.018602067604660988,human
STAT1,0.018425969406962395,0.018425969406962395,0.018425969406962395,0.018425969406962395,human
PSMB1,0.01842290349304676,0.01842290349304676,0.01842290349304676,0.01842290349304676,human
FKBP8,0.018378935754299164,0.018378935754299164,0.018378935754299164,0.018378935754299164,human
EEF1D,0.018264327198266983,0.018264327198266983,0.018264327198266983,0.018264327198266983,human
MIF-AS1,0.018174879252910614,0.018174879252910614,0.018174879252910614,0.018174879252910614,human
GPX4,0.01813555136322975,0.01813555136322975,0.01813555136322975,0.01813555136322975,human
ATP5G3,0.018118398264050484,0.018118398264050484,0.018118398264050484,0.018118398264050484,human
ANXA1,0.018086519092321396,0.018086519092321396,0.018086519092321396,0.018086519092321396,human
RPL36AL,0.01805983856320381,0.01805983856320381,0.01805983856320381,0.01805983856320381,human
FUS,0.017764756456017494,0.017764756456017494,0.017764756456017494,0.017764756456017494,human
TIMP2,0.01772216521203518,0.01772216521203518,0.01772216521203518,0.01772216521203518,human
S100P,0.017618639394640923,0.017618639394640923,0.017618639394640923,0.017618639394640923,human
POLR2G,0.017532510682940483,0.017532510682940483,0.017532510682940483,0.017532510682940483,human
PRDX1,0.0171811580657959,0.0171811580657959,0.0171811580657959,0.0171811580657959,human
ANP32B,0.017115863040089607,0.017115863040089607,0.017115863040089607,0.017115863040089607,human
PTPN12,0.01703028380870819,0.01703028380870819,0.01703028380870819,0.01703028380870819,human
CD151,0.016936276108026505,0.016936276108026505,0.016936276108026505,0.016936276108026505,human
NCOA1,0.01687975972890854,0.01687975972890854,0.01687975972890854,0.01687975972890854,human
CD99,0.016812967136502266,0.016812967136502266,0.016812967136502266,0.016812967136502266,human
BTN3A1,0.016724031418561935,0.016724031418561935,0.016724031418561935,0.016724031418561935,human
PPP2R5A,0.016678716987371445,0.016678716987371445,0.016678716987371445,0.016678716987371445,human
HEXB,0.01666802167892456,0.01666802167892456,0.01666802167892456,0.01666802167892456,human
PRKCD,0.016661429777741432,0.016661429777741432,0.016661429777741432,0.016661429777741432,human
ATP6V1B2,0.016562459990382195,0.016562459990382195,0.016562459990382195,0.016562459990382195,human
SNURF,0.01656242273747921,0.01656242273747921,0.01656242273747921,0.01656242273747921,human
VASP,0.016508473083376884,0.016508473083376884,0.016508473083376884,0.016508473083376884,human
IRAK1,0.016463404521346092,0.016463404521346092,0.016463404521346092,0.016463404521346092,human
POLR2E,0.016323130577802658,0.016323130577802658,0.016323130577802658,0.016323130577802658,human
SLC2A3,0.016185682266950607,0.016185682266950607,0.016185682266950607,0.016185682266950607,human
EMP3,0.016134636476635933,0.016134636476635933,0.016134636476635933,0.016134636476635933,human
TTLL3,0.01612863875925541,0.01612863875925541,0.01612863875925541,0.01612863875925541,human
SRSF9,0.016096124425530434,0.016096124425530434,0.016096124425530434,0.016096124425530434,human
SRP9P1,0.01606411673128605,0.01606411673128605,0.01606411673128605,0.01606411673128605,human
MAL,0.015952641144394875,0.015952641144394875,0.015952641144394875,0.015952641144394875,human
DPYSL2,0.01581699401140213,0.01581699401140213,0.01581699401140213,0.01581699401140213,human
KLRD1,0.015596305951476097,0.015596305951476097,0.015596305951476097,0.015596305951476097,human
RPL13A,0.015575411729514599,0.015575411729514599,0.015575411729514599,0.015575411729514599,human
CALM3,0.015545851550996304,0.015545851550996304,0.015545851550996304,0.015545851550996304,human
BECN1,0.015485217794775963,0.015485217794775963,0.015485217794775963,0.015485217794775963,human
PHC2,0.0153379300609231,0.0153379300609231,0.0153379300609231,0.0153379300609231,human
CORO1A,0.015305123291909695,0.015305123291909695,0.015305123291909695,0.015305123291909695,human
RFTN1,0.01529786642640829,0.01529786642640829,0.01529786642640829,0.01529786642640829,human
MOB1A,0.015235619619488716,0.015235619619488716,0.015235619619488716,0.015235619619488716,human
NOMO3,0.015227789990603924,0.015227789990603924,0.015227789990603924,0.015227789990603924,human
IRF7,0.01513586100190878,0.01513586100190878,0.01513586100190878,0.01513586100190878,human
NCKAP1L,0.01510348916053772,0.01510348916053772,0.01510348916053772,0.01510348916053772,human
LRPAP1,0.015019875019788742,0.015019875019788742,0.015019875019788742,0.015019875019788742,human
BLVRB,0.014937072061002254,0.014937072061002254,0.014937072061002254,0.014937072061002254,human
PIM1,0.014857589267194271,0.014857589267194271,0.014857589267194271,0.014857589267194271,human
LGALS9,0.014737313613295555,0.014737313613295555,0.014737313613295555,0.014737313613295555,human
IMPDH1,0.014733517542481422,0.014733517542481422,0.014733517542481422,0.014733517542481422,human
LOC100132620,0.014719433151185513,0.014719433151185513,0.014719433151185513,0.014719433151185513,human
RPS3,0.014568877406418324,0.014568877406418324,0.014568877406418324,0.014568877406418324,human
EIF2S2,0.014564412645995617,0.014564412645995617,0.014564412645995617,0.014564412645995617,human
RASSF2,0.014526206068694592,0.014526206068694592,0.014526206068694592,0.014526206068694592,human
PPP1R11,0.014495976269245148,0.014495976269245148,0.014495976269245148,0.014495976269245148,human
AIF1,0.014460529200732708,0.014460529200732708,0.014460529200732708,0.014460529200732708,human
MFSD10,0.014449444599449635,0.014449444599449635,0.014449444599449635,0.014449444599449635,human
SSR4,0.01439963560551405,0.01439963560551405,0.01439963560551405,0.01439963560551405,human
ISG15,0.014397731050848961,0.014397731050848961,0.014397731050848961,0.014397731050848961,human
TAF15,0.014375166967511177,0.014375166967511177,0.014375166967511177,0.014375166967511177,human
RAB31,0.014298955909907818,0.014298955909907818,0.014298955909907818,0.014298955909907818,human
FCGR1A,0.014276803471148014,0.014276803471148014,0.014276803471148014,0.014276803471148014,human
PSMD9,0.014162473380565643,0.014162473380565643,0.014162473380565643,0.014162473380565643,human
HNRNPM,0.014134271070361137,0.014134271070361137,0.014134271070361137,0.014134271070361137,human
CNN2,0.014126880094408989,0.014126880094408989,0.014126880094408989,0.014126880094408989,human
CFD,0.014092558063566685,0.014092558063566685,0.014092558063566685,0.014092558063566685,human
CCND3,0.014091073535382748,0.014091073535382748,0.014091073535382748,0.014091073535382748,human
GAPDH,0.014087260700762272,0.014087260700762272,0.014087260700762272,0.014087260700762272,human
NINJ1,0.014064289629459381,0.014064289629459381,0.014064289629459381,0.014064289629459381,human
SEPT2,0.014048277400434017,0.014048277400434017,0.014048277400434017,0.014048277400434017,human
ACO2,0.01400119811296463,0.01400119811296463,0.01400119811296463,0.01400119811296463,human
CDC25B,0.013773409649729729,0.013773409649729729,0.013773409649729729,0.013773409649729729,human
IFI44,0.013745330274105072,0.013745330274105072,0.013745330274105072,0.013745330274105072,human
CD3D,0.013615114614367485,0.013615114614367485,0.013615114614367485,0.013615114614367485,human
INPP5D,0.013609763234853745,0.013609763234853745,0.013609763234853745,0.013609763234853745,human
ARF4,0.013590008020401001,0.013590008020401001,0.013590008020401001,0.013590008020401001,human
NDUFA9,0.01358465850353241,0.01358465850353241,0.01358465850353241,0.01358465850353241,human
SRP14,0.01355706062167883,0.01355706062167883,0.01355706062167883,0.01355706062167883,human
FLII,0.01354734692722559,0.01354734692722559,0.01354734692722559,0.01354734692722559,human
IFNGR1,0.013545975089073181,0.013545975089073181,0.013545975089073181,0.013545975089073181,human
LTBR,0.013535858131945133,0.013535858131945133,0.013535858131945133,0.013535858131945133,human
FAM120A,0.01350161898881197,0.01350161898881197,0.01350161898881197,0.01350161898881197,human
HSD17B10,0.01346224918961525,0.01346224918961525,0.01346224918961525,0.01346224918961525,human
LTB,0.013446157798171043,0.013446157798171043,0.013446157798171043,0.013446157798171043,human
CFP,0.01339782401919365,0.01339782401919365,0.01339782401919365,0.01339782401919365,human
PSMA5,0.01339683122932911,0.01339683122932911,0.01339683122932911,0.01339683122932911,human
CYB5R3,0.013391435146331787,0.013391435146331787,0.013391435146331787,0.013391435146331787,human
ADCY7,0.013375542126595974,0.013375542126595974,0.013375542126595974,0.013375542126595974,human
CD74,0.01337363664060831,0.01337363664060831,0.01337363664060831,0.01337363664060831,human
PLEC,0.013352680020034313,0.013352680020034313,0.013352680020034313,0.013352680020034313,human
IRF9,0.013351473957300186,0.013351473957300186,0.013351473957300186,0.013351473957300186,human
PI4KA,0.013337815180420876,0.013337815180420876,0.013337815180420876,0.013337815180420876,human
TRADD,0.013314246200025082,0.013314246200025082,0.013314246200025082,0.013314246200025082,human
TCEA1,0.013313270173966885,0.013313270173966885,0.013313270173966885,0.013313270173966885,human
FCGRT,0.013283775188028812,0.013283775188028812,0.013283775188028812,0.013283775188028812,human
LPIN2,0.013171380385756493,0.013171380385756493,0.013171380385756493,0.013171380385756493,human
CIRBP,0.013156662695109844,0.013156662695109844,0.013156662695109844,0.013156662695109844,human
RPN2,0.01295912079513073,0.01295912079513073,0.01295912079513073,0.01295912079513073,human
ALOX5,0.01285643596202135,0.01285643596202135,0.01285643596202135,0.01285643596202135,human
SNCA,0.012848395854234695,0.012848395854234695,0.012848395854234695,0.012848395854234695,human
EIF3B,0.012820510193705559,0.012820510193705559,0.012820510193705559,0.012820510193705559,human
UBE2I,0.012776242569088936,0.012776242569088936,0.012776242569088936,0.012776242569088936,human
SPCS2P4,0.012773297727108002,0.012773297727108002,0.012773297727108002,0.012773297727108002,human
RAP1A,0.012741593644022942,0.012741593644022942,0.012741593644022942,0.012741593644022942,human
MAP4K1,0.012700527906417847,0.012700527906417847,0.012700527906417847,0.012700527906417847,human
ITGB7,0.012698167935013771,0.012698167935013771,0.012698167935013771,0.012698167935013771,human
ATP5B,0.012592891231179237,0.012592891231179237,0.012592891231179237,0.012592891231179237,human
NFIL3,0.012565039098262787,0.012565039098262787,0.012565039098262787,0.012565039098262787,human
DDX21,0.012545734643936157,0.012545734643936157,0.012545734643936157,0.012545734643936157,human
RALBP1,0.01253996416926384,0.01253996416926384,0.01253996416926384,0.01253996416926384,human
ANXA2,0.012506265193223953,0.012506265193223953,0.012506265193223953,0.012506265193223953,human
SEMA4D,0.012476221658289433,0.012476221658289433,0.012476221658289433,0.012476221658289433,human
NDUFV2,0.012418112717568874,0.012418112717568874,0.012418112717568874,0.012418112717568874,human
CLPP,0.01236656866967678,0.01236656866967678,0.01236656866967678,0.01236656866967678,human
GNB2,0.012336804531514645,0.012336804531514645,0.012336804531514645,0.012336804531514645,human
ATP5D,0.012309551239013672,0.012309551239013672,0.012309551239013672,0.012309551239013672,human
DCTN2,0.012302843853831291,0.012302843853831291,0.012302843853831291,0.012302843853831291,human
CHKB,0.012258248403668404,0.012258248403668404,0.012258248403668404,0.012258248403668404,human
DDX39A,0.012256729416549206,0.012256729416549206,0.012256729416549206,0.012256729416549206,human
HNRNPA2B1,0.012102128006517887,0.012102128006517887,0.012102128006517887,0.012102128006517887,human
NAP1L1,0.012080766260623932,0.012080766260623932,0.012080766260623932,0.012080766260623932,human
CD46,0.012072267942130566,0.012072267942130566,0.012072267942130566,0.012072267942130566,human
GNA15,0.012069633230566978,0.012069633230566978,0.012069633230566978,0.012069633230566978,human
PTGS1,0.01205861009657383,0.01205861009657383,0.01205861009657383,0.01205861009657383,human
IFI27,0.01205818448215723,0.01205818448215723,0.01205818448215723,0.01205818448215723,human
AP2B1,0.01204111147671938,0.01204111147671938,0.01204111147671938,0.01204111147671938,human
IRF5,0.011983063071966171,0.011983063071966171,0.011983063071966171,0.011983063071966171,human
PLP2,0.01188113633543253,0.01188113633543253,0.01188113633543253,0.01188113633543253,human
SRSF5,0.011692797765135765,0.011692797765135765,0.011692797765135765,0.011692797765135765,human
HBZ,0.011687299236655235,0.011687299236655235,0.011687299236655235,0.011687299236655235,human
ADAM8,0.01164260134100914,0.01164260134100914,0.01164260134100914,0.01164260134100914,human
GZMA,0.011623889207839966,0.011623889207839966,0.011623889207839966,0.011623889207839966,human
ITPK1,0.011616547591984272,0.011616547591984272,0.011616547591984272,0.011616547591984272,human
RSU1,0.011599811725318432,0.011599811725318432,0.011599811725318432,0.011599811725318432,human
COMT,0.011538194492459297,0.011538194492459297,0.011538194492459297,0.011538194492459297,human
UBA1,0.011517221108078957,0.011517221108078957,0.011517221108078957,0.011517221108078957,human
KIAA0430,0.01150343008339405,0.01150343008339405,0.01150343008339405,0.01150343008339405,human
MGLL,0.01149622444063425,0.01149622444063425,0.01149622444063425,0.01149622444063425,human
SELPLG,0.01149335689842701,0.01149335689842701,0.01149335689842701,0.01149335689842701,human
MXI1,0.011491885408759117,0.011491885408759117,0.011491885408759117,0.011491885408759117,human
NFE2,0.011462172493338585,0.011462172493338585,0.011462172493338585,0.011462172493338585,human
PRKAR1A,0.011444825679063797,0.011444825679063797,0.011444825679063797,0.011444825679063797,human
FUCA1,0.011440745554864407,0.011440745554864407,0.011440745554864407,0.011440745554864407,human
PSMA3,0.011437289416790009,0.011437289416790009,0.011437289416790009,0.011437289416790009,human
RAB27A,0.011404529213905334,0.011404529213905334,0.011404529213905334,0.011404529213905334,human
SEPW1,0.011335939168930054,0.011335939168930054,0.011335939168930054,0.011335939168930054,human
LILRA2,0.011299939826130867,0.011299939826130867,0.011299939826130867,0.011299939826130867,human
YY1,0.011281201615929604,0.011281201615929604,0.011281201615929604,0.011281201615929604,human
HAGH,0.011278818361461163,0.011278818361461163,0.011278818361461163,0.011278818361461163,human
PUM2,0.011257730424404144,0.011257730424404144,0.011257730424404144,0.011257730424404144,human
NARS,0.011252865195274353,0.011252865195274353,0.011252865195274353,0.011252865195274353,human
ECH1,0.011184299364686012,0.011184299364686012,0.011184299364686012,0.011184299364686012,human
NAPA,0.011174481362104416,0.011174481362104416,0.011174481362104416,0.011174481362104416,human
PIM2,0.01113686989992857,0.01113686989992857,0.01113686989992857,0.01113686989992857,human
RRAGA,0.011085999198257923,0.011085999198257923,0.011085999198257923,0.011085999198257923,human
SF3B2,0.01103771198540926,0.01103771198540926,0.01103771198540926,0.01103771198540926,human
BAG1,0.011031879112124443,0.011031879112124443,0.011031879112124443,0.011031879112124443,human
HMHA1,0.010929975658655167,0.010929975658655167,0.010929975658655167,0.010929975658655167,human
SNRPC,0.010922909714281559,0.010922909714281559,0.010922909714281559,0.010922909714281559,human
PDHB,0.010894665494561195,0.010894665494561195,0.010894665494561195,0.010894665494561195,human
SEPT7,0.010889566503465176,0.010889566503465176,0.010889566503465176,0.010889566503465176,human
CALR,0.010850530117750168,0.010850530117750168,0.010850530117750168,0.010850530117750168,human
BCL2L1,0.010754294693470001,0.010754294693470001,0.010754294693470001,0.010754294693470001,human
AP2S1,0.010752054862678051,0.010752054862678051,0.010752054862678051,0.010752054862678051,human
ATXN2L,0.010727486573159695,0.010727486573159695,0.010727486573159695,0.010727486573159695,human
USP10,0.010726386681199074,0.010726386681199074,0.010726386681199074,0.010726386681199074,human
TSC2,0.010642378591001034,0.010642378591001034,0.010642378591001034,0.010642378591001034,human
LAGE3,0.010642013512551785,0.010642013512551785,0.010642013512551785,0.010642013512551785,human
EBP,0.010618542321026325,0.010618542321026325,0.010618542321026325,0.010618542321026325,human
NFKB1,0.01055099442601204,0.01055099442601204,0.01055099442601204,0.01055099442601204,human
ITGAX,0.010476643219590187,0.010476643219590187,0.010476643219590187,0.010476643219590187,human
PXN,0.010427326895296574,0.010427326895296574,0.010427326895296574,0.010427326895296574,human
S100A4,0.010420577600598335,0.010420577600598335,0.010420577600598335,0.010420577600598335,human
KLRK1,0.010384893976151943,0.010384893976151943,0.010384893976151943,0.010384893976151943,human
SLC6A8,0.010351503267884254,0.010351503267884254,0.010351503267884254,0.010351503267884254,human
ARPC1A,0.010325306095182896,0.010325306095182896,0.010325306095182896,0.010325306095182896,human
ATP5C1,0.01028346735984087,0.01028346735984087,0.01028346735984087,0.01028346735984087,human
QARS,0.01028170995414257,0.01028170995414257,0.01028170995414257,0.01028170995414257,human
RBM4,0.010224612429738045,0.010224612429738045,0.010224612429738045,0.010224612429738045,human
PPP2R5C,0.010189355351030827,0.010189355351030827,0.010189355351030827,0.010189355351030827,human
HERPUD1,0.01017798576503992,0.01017798576503992,0.01017798576503992,0.01017798576503992,human
PGD,0.010101876221597195,0.010101876221597195,0.010101876221597195,0.010101876221597195,human
ILK,0.010063311085104942,0.010063311085104942,0.010063311085104942,0.010063311085104942,human
UPP1,0.01006122212857008,0.01006122212857008,0.01006122212857008,0.01006122212857008,human
UFD1L,0.01001885998994112,0.01001885998994112,0.01001885998994112,0.01001885998994112,human
SRP72,0.010004510171711445,0.010004510171711445,0.010004510171711445,0.010004510171711445,human
MCL1,0.009971197694540024,0.009971197694540024,0.009971197694540024,0.009971197694540024,human
KRT10,0.00994693860411644,0.00994693860411644,0.00994693860411644,0.00994693860411644,human
IL10RB,0.009891362860798836,0.009891362860798836,0.009891362860798836,0.009891362860798836,human
GSN,0.009888642467558384,0.009888642467558384,0.009888642467558384,0.009888642467558384,human
TNFRSF1A,0.009886844083666801,0.009886844083666801,0.009886844083666801,0.009886844083666801,human
SDCBP,0.009880809113383293,0.009880809113383293,0.009880809113383293,0.009880809113383293,human
C3AR1,0.009643356315791607,0.009643356315791607,0.009643356315791607,0.009643356315791607,human
PSMD6,0.009623360820114613,0.009623360820114613,0.009623360820114613,0.009623360820114613,human
MBOAT7,0.00955915730446577,0.00955915730446577,0.00955915730446577,0.00955915730446577,human
CCL4,0.009550360962748528,0.009550360962748528,0.009550360962748528,0.009550360962748528,human
PFKP,0.00952296145260334,0.00952296145260334,0.00952296145260334,0.00952296145260334,human
SDHB,0.009515885263681412,0.009515885263681412,0.009515885263681412,0.009515885263681412,human
SELL,0.009508301503956318,0.009508301503956318,0.009508301503956318,0.009508301503956318,human
NIPA2,0.009481566958129406,0.009481566958129406,0.009481566958129406,0.009481566958129406,human
CDA,0.009415346197783947,0.009415346197783947,0.009415346197783947,0.009415346197783947,human
TMEM11,0.009409183636307716,0.009409183636307716,0.009409183636307716,0.009409183636307716,human
PABPC4,0.009379573166370392,0.009379573166370392,0.009379573166370392,0.009379573166370392,human
TSC22D1,0.00935621839016676,0.00935621839016676,0.00935621839016676,0.00935621839016676,human
IL2RG,0.009311062283813953,0.009311062283813953,0.009311062283813953,0.009311062283813953,human
TAX1BP1,0.009298267774283886,0.009298267774283886,0.009298267774283886,0.009298267774283886,human
KLC1,0.009274427779018879,0.009274427779018879,0.009274427779018879,0.009274427779018879,human
CSRP1,0.009213196113705635,0.009213196113705635,0.009213196113705635,0.009213196113705635,human
FSCN1,0.009201591834425926,0.009201591834425926,0.009201591834425926,0.009201591834425926,human
GARS,0.0092011084780097,0.0092011084780097,0.0092011084780097,0.0092011084780097,human
NMI,0.009197483770549297,0.009197483770549297,0.009197483770549297,0.009197483770549297,human
RAB32,0.009192908182740211,0.009192908182740211,0.009192908182740211,0.009192908182740211,human
PSMD2,0.00915415957570076,0.00915415957570076,0.00915415957570076,0.00915415957570076,human
CBFB,0.009142382070422173,0.009142382070422173,0.009142382070422173,0.009142382070422173,human
INPPL1,0.0091177299618721,0.0091177299618721,0.0091177299618721,0.0091177299618721,human
GSTM4,0.00907002855092287,0.00907002855092287,0.00907002855092287,0.00907002855092287,human
LOC100133951,0.009063065983355045,0.009063065983355045,0.009063065983355045,0.009063065983355045,human
PSMB2,0.009057175368070602,0.009057175368070602,0.009057175368070602,0.009057175368070602,human
KIAA0226,0.009053034707903862,0.009053034707903862,0.009053034707903862,0.009053034707903862,human
OAZ1,0.009032567963004112,0.009032567963004112,0.009032567963004112,0.009032567963004112,human
BCL3,0.00902644358575344,0.00902644358575344,0.00902644358575344,0.00902644358575344,human
PSMD4,0.009000036865472794,0.009000036865472794,0.009000036865472794,0.009000036865472794,human
SLC11A1,0.008998358622193336,0.008998358622193336,0.008998358622193336,0.008998358622193336,human
PSMC1,0.00899515114724636,0.00899515114724636,0.00899515114724636,0.00899515114724636,human
GSK3A,0.008992321789264679,0.008992321789264679,0.008992321789264679,0.008992321789264679,human
CD58,0.008988997898995876,0.008988997898995876,0.008988997898995876,0.008988997898995876,human
PDIA6,0.008974513970315456,0.008974513970315456,0.008974513970315456,0.008974513970315456,human
CAT,0.008970065042376518,0.008970065042376518,0.008970065042376518,0.008970065042376518,human
LMO2,0.008957107551395893,0.008957107551395893,0.008957107551395893,0.008957107551395893,human
PARP1,0.008942724205553532,0.008942724205553532,0.008942724205553532,0.008942724205553532,human
SHC1,0.008917029947042465,0.008917029947042465,0.008917029947042465,0.008917029947042465,human
SND1,0.00881921872496605,0.00881921872496605,0.00881921872496605,0.00881921872496605,human
LOC442497,0.008751016110181808,0.008751016110181808,0.008751016110181808,0.008751016110181808,human
SEC61B,0.008750783279538155,0.008750783279538155,0.008750783279538155,0.008750783279538155,human
SURF1,0.008735394105315208,0.008735394105315208,0.008735394105315208,0.008735394105315208,human
AIM1,0.00872108619660139,0.00872108619660139,0.00872108619660139,0.00872108619660139,human
ARHGEF6,0.008715127594769001,0.008715127594769001,0.008715127594769001,0.008715127594769001,human
BUD31,0.008664082735776901,0.008664082735776901,0.008664082735776901,0.008664082735776901,human
COX6B1,0.008660787716507912,0.008660787716507912,0.008660787716507912,0.008660787716507912,human
HLX,0.008638656698167324,0.008638656698167324,0.008638656698167324,0.008638656698167324,human
OAT,0.008615010417997837,0.008615010417997837,0.008615010417997837,0.008615010417997837,human
STAT5A,0.00857212021946907,0.00857212021946907,0.00857212021946907,0.00857212021946907,human
HIST1H2AC,0.008558371104300022,0.008558371104300022,0.008558371104300022,0.008558371104300022,human
CDKN1C,0.008557287976145744,0.008557287976145744,0.008557287976145744,0.008557287976145744,human
CD36,0.008493544533848763,0.008493544533848763,0.008493544533848763,0.008493544533848763,human
UBE2D2,0.008482438512146473,0.008482438512146473,0.008482438512146473,0.008482438512146473,human
BST2,0.00847007054835558,0.00847007054835558,0.00847007054835558,0.00847007054835558,human
PSMA1,0.008431692607700825,0.008431692607700825,0.008431692607700825,0.008431692607700825,human
RAB8A,0.008364682085812092,0.008364682085812092,0.008364682085812092,0.008364682085812092,human
SPINT2,0.008364054374396801,0.008364054374396801,0.008364054374396801,0.008364054374396801,human
CD55,0.008350211195647717,0.008350211195647717,0.008350211195647717,0.008350211195647717,human
ITK,0.008327353745698929,0.008327353745698929,0.008327353745698929,0.008327353745698929,human
ATP5J,0.008324803784489632,0.008324803784489632,0.008324803784489632,0.008324803784489632,human
TNF,0.008321013301610947,0.008321013301610947,0.008321013301610947,0.008321013301610947,human
EIF4G2,0.008297830820083618,0.008297830820083618,0.008297830820083618,0.008297830820083618,human
IL4R,0.008242987096309662,0.008242987096309662,0.008242987096309662,0.008242987096309662,human
DYNLL1,0.008228511549532413,0.008228511549532413,0.008228511549532413,0.008228511549532413,human
GTF2A2,0.008215329609811306,0.008215329609811306,0.008215329609811306,0.008215329609811306,human
TCTA,0.008172374218702316,0.008172374218702316,0.008172374218702316,0.008172374218702316,human
TCF7,0.008132237009704113,0.008132237009704113,0.008132237009704113,0.008132237009704113,human
RPS16,-0.1362694501876831,-0.1362694501876831,-0.1362694501876831,-0.1362694501876831,human
IL7R,-0.127075657248497,-0.127075657248497,-0.127075657248497,-0.127075657248497,human
RPS29,-0.125257670879364,-0.125257670879364,-0.125257670879364,-0.125257670879364,human
RPS5,-0.11956014484167099,-0.11956014484167099,-0.11956014484167099,-0.11956014484167099,human
RPL3,-0.11429271101951599,-0.11429271101951599,-0.11429271101951599,-0.11429271101951599,human
TXNIP,-0.1107543334364891,-0.1107543334364891,-0.1107543334364891,-0.1107543334364891,human
RPLP1,-0.10984965413808823,-0.10984965413808823,-0.10984965413808823,-0.10984965413808823,human
RPL4,-0.10721758008003235,-0.10721758008003235,-0.10721758008003235,-0.10721758008003235,human
TMSB4X,-0.1065429300069809,-0.1065429300069809,-0.1065429300069809,-0.1065429300069809,human
RPS17,-0.0980197861790657,-0.0980197861790657,-0.0980197861790657,-0.0980197861790657,human
DEFA1B,-0.08439143747091293,-0.08439143747091293,-0.08439143747091293,-0.08439143747091293,human
RPL14,-0.08418289572000504,-0.08418289572000504,-0.08418289572000504,-0.08418289572000504,human
RPS23,-0.07758253067731857,-0.07758253067731857,-0.07758253067731857,-0.07758253067731857,human
RPS28,-0.0763334333896637,-0.0763334333896637,-0.0763334333896637,-0.0763334333896637,human
TAGLN2,-0.06983662396669388,-0.06983662396669388,-0.06983662396669388,-0.06983662396669388,human
RPL39,-0.06848014891147614,-0.06848014891147614,-0.06848014891147614,-0.06848014891147614,human
EEF1A1,-0.06810866296291351,-0.06810866296291351,-0.06810866296291351,-0.06810866296291351,human
RPS25,-0.0669909417629242,-0.0669909417629242,-0.0669909417629242,-0.0669909417629242,human
EIF4B,-0.06320778280496597,-0.06320778280496597,-0.06320778280496597,-0.06320778280496597,human
RPS6,-0.06274604797363281,-0.06274604797363281,-0.06274604797363281,-0.06274604797363281,human
RPL34,-0.05988753214478493,-0.05988753214478493,-0.05988753214478493,-0.05988753214478493,human
RPL37A,-0.052321042865514755,-0.052321042865514755,-0.052321042865514755,-0.052321042865514755,human
GNB2L1,-0.049789391458034515,-0.049789391458034515,-0.049789391458034515,-0.049789391458034515,human
RPSAP19,-0.04628501459956169,-0.04628501459956169,-0.04628501459956169,-0.04628501459956169,human
RPS21,-0.046142321079969406,-0.046142321079969406,-0.046142321079969406,-0.046142321079969406,human
LYZ,-0.04433634877204895,-0.04433634877204895,-0.04433634877204895,-0.04433634877204895,human
RPS10,-0.044169507920742035,-0.044169507920742035,-0.044169507920742035,-0.044169507920742035,human
MYOM2,-0.039985835552215576,-0.039985835552215576,-0.039985835552215576,-0.039985835552215576,human
RPL32,-0.039839208126068115,-0.039839208126068115,-0.039839208126068115,-0.039839208126068115,human
RPS2,-0.038726769387722015,-0.038726769387722015,-0.038726769387722015,-0.038726769387722015,human
RPLP0,-0.038628578186035156,-0.038628578186035156,-0.038628578186035156,-0.038628578186035156,human
RPL28,-0.03844528645277023,-0.03844528645277023,-0.03844528645277023,-0.03844528645277023,human
RPL18,-0.038325779139995575,-0.038325779139995575,-0.038325779139995575,-0.038325779139995575,human
LGALS2,-0.037933140993118286,-0.037933140993118286,-0.037933140993118286,-0.037933140993118286,human
CCR7,-0.03697348013520241,-0.03697348013520241,-0.03697348013520241,-0.03697348013520241,human
EEF1G,-0.03687632828950882,-0.03687632828950882,-0.03687632828950882,-0.03687632828950882,human
RPS9,-0.035167645663022995,-0.035167645663022995,-0.035167645663022995,-0.035167645663022995,human
ATP5G2,-0.03461117669939995,-0.03461117669939995,-0.03461117669939995,-0.03461117669939995,human
HSP90AB1,-0.03269366919994354,-0.03269366919994354,-0.03269366919994354,-0.03269366919994354,human
GDI2,-0.029761239886283875,-0.029761239886283875,-0.029761239886283875,-0.029761239886283875,human
RPL29P11,-0.028583398088812828,-0.028583398088812828,-0.028583398088812828,-0.028583398088812828,human
PFDN5,-0.026199325919151306,-0.026199325919151306,-0.026199325919151306,-0.026199325919151306,human
PIK3IP1,-0.024670781567692757,-0.024670781567692757,-0.024670781567692757,-0.024670781567692757,human
LOC100133662,-0.024337055161595345,-0.024337055161595345,-0.024337055161595345,-0.024337055161595345,human
RPL11,-0.023257123306393623,-0.023257123306393623,-0.023257123306393623,-0.023257123306393623,human
RPL19,-0.022406218573451042,-0.022406218573451042,-0.022406218573451042,-0.022406218573451042,human
RPL12,-0.02213161624968052,-0.02213161624968052,-0.02213161624968052,-0.02213161624968052,human
RPL27,-0.021459268406033516,-0.021459268406033516,-0.021459268406033516,-0.021459268406033516,human
PFN1,-0.020209167152643204,-0.020209167152643204,-0.020209167152643204,-0.020209167152643204,human
TRAC,-0.020065123215317726,-0.020065123215317726,-0.020065123215317726,-0.020065123215317726,human
CYBA,-0.019793326035141945,-0.019793326035141945,-0.019793326035141945,-0.019793326035141945,human
RPS11,-0.019334785640239716,-0.019334785640239716,-0.019334785640239716,-0.019334785640239716,human
PPIB,-0.01813977025449276,-0.01813977025449276,-0.01813977025449276,-0.01813977025449276,human
CCND2,-0.018033506348729134,-0.018033506348729134,-0.018033506348729134,-0.018033506348729134,human
EIF3CL,-0.017818531021475792,-0.017818531021475792,-0.017818531021475792,-0.017818531021475792,human
SPOCK2,-0.0163570549339056,-0.0163570549339056,-0.0163570549339056,-0.0163570549339056,human
DDOST,-0.016082603484392166,-0.016082603484392166,-0.016082603484392166,-0.016082603484392166,human
RNF4,-0.015480617061257362,-0.015480617061257362,-0.015480617061257362,-0.015480617061257362,human
FBL,-0.015218405053019524,-0.015218405053019524,-0.015218405053019524,-0.015218405053019524,human
STIP1,-0.015072537586092949,-0.015072537586092949,-0.015072537586092949,-0.015072537586092949,human
RPL35,-0.014669174328446388,-0.014669174328446388,-0.014669174328446388,-0.014669174328446388,human
RPL10A,-0.014343393966555595,-0.014343393966555595,-0.014343393966555595,-0.014343393966555595,human
SPARC,-0.014288858510553837,-0.014288858510553837,-0.014288858510553837,-0.014288858510553837,human
ABLIM1,-0.013038634322583675,-0.013038634322583675,-0.013038634322583675,-0.013038634322583675,human
CD37,-0.012937843799591064,-0.012937843799591064,-0.012937843799591064,-0.012937843799591064,human
SRSF3,-0.012836412526667118,-0.012836412526667118,-0.012836412526667118,-0.012836412526667118,human
RPL23,-0.012758200988173485,-0.012758200988173485,-0.012758200988173485,-0.012758200988173485,human
RER1,-0.012690930627286434,-0.012690930627286434,-0.012690930627286434,-0.012690930627286434,human
IMPDH2,-0.012655392289161682,-0.012655392289161682,-0.012655392289161682,-0.012655392289161682,human
GRK6,-0.012618369422852993,-0.012618369422852993,-0.012618369422852993,-0.012618369422852993,human
ETS1,-0.012368399649858475,-0.012368399649858475,-0.012368399649858475,-0.012368399649858475,human
SERINC3,-0.012254261411726475,-0.012254261411726475,-0.012254261411726475,-0.012254261411726475,human
M6PR,-0.012236489914357662,-0.012236489914357662,-0.012236489914357662,-0.012236489914357662,human
LEPROT,-0.011862950399518013,-0.011862950399518013,-0.011862950399518013,-0.011862950399518013,human
ATP6V0B,-0.011165213771164417,-0.011165213771164417,-0.011165213771164417,-0.011165213771164417,human
CD48,-0.011150926351547241,-0.011150926351547241,-0.011150926351547241,-0.011150926351547241,human
ACAP1,-0.010833881795406342,-0.010833881795406342,-0.010833881795406342,-0.010833881795406342,human
ZNF33B,-0.010756990872323513,-0.010756990872323513,-0.010756990872323513,-0.010756990872323513,human
RPLP2,-0.010597801767289639,-0.010597801767289639,-0.010597801767289639,-0.010597801767289639,human
SNRPD2,-0.010512559674680233,-0.010512559674680233,-0.010512559674680233,-0.010512559674680233,human
CD7,-0.01050642877817154,-0.01050642877817154,-0.01050642877817154,-0.01050642877817154,human
CD27,-0.010351172648370266,-0.010351172648370266,-0.010351172648370266,-0.010351172648370266,human
MLH3,-0.01014526654034853,-0.01014526654034853,-0.01014526654034853,-0.01014526654034853,human
TCP1,-0.009952874854207039,-0.009952874854207039,-0.009952874854207039,-0.009952874854207039,human
PRF1,-0.00958021730184555,-0.00958021730184555,-0.00958021730184555,-0.00958021730184555,human
PRKACB,-0.009517950005829334,-0.009517950005829334,-0.009517950005829334,-0.009517950005829334,human
FKBP4,-0.008739592507481575,-0.008739592507481575,-0.008739592507481575,-0.008739592507481575,human
USP11,-0.008336290717124939,-0.008336290717124939,-0.008336290717124939,-0.008336290717124939,human
