gene_symbol,logfc_dz:349,mean_logfc,median_logfc,common_experiment,organism,signature_type
SERPINA3,0.0846544057130813,0.0846544057130813,0.0846544057130813,0.0846544057130813,human,UP
CCL20,0.0770655423402786,0.0770655423402786,0.0770655423402786,0.0770655423402786,human,UP
REG3A,0.0694504082202911,0.0694504082202911,0.0694504082202911,0.0694504082202911,human,UP
S100A9,0.0606266111135482,0.0606266111135482,0.0606266111135482,0.0606266111135482,human,UP
LCN2,0.0575483366847038,0.0575483366847038,0.0575483366847038,0.0575483366847038,human,UP
SOCS3,0.0574089139699935,0.0574089139699935,0.0574089139699935,0.0574089139699935,human,UP
CA12,0.0559671483933925,0.0559671483933925,0.0559671483933925,0.0559671483933925,human,UP
S100A8,0.0553360134363174,0.0553360134363174,0.0553360134363174,0.0553360134363174,human,UP
OLFM4,0.054855078458786,0.054855078458786,0.054855078458786,0.054855078458786,human,UP
APOD,0.0546919219195842,0.0546919219195842,0.0546919219195842,0.0546919219195842,human,UP
MT1M,0.0538535118103027,0.0538535118103027,0.0538535118103027,0.0538535118103027,human,UP
FOLR1,0.0487735345959663,0.0487735345959663,0.0487735345959663,0.0487735345959663,human,UP
CFB,0.044471051543951,0.044471051543951,0.044471051543951,0.044471051543951,human,UP
GJA4,0.0435182638466358,0.0435182638466358,0.0435182638466358,0.0435182638466358,human,UP
REG1B,0.0417791120707988,0.0417791120707988,0.0417791120707988,0.0417791120707988,human,UP
CXCL9,0.0407798998057842,0.0407798998057842,0.0407798998057842,0.0407798998057842,human,UP
DMBT1,0.0405205748975276,0.0405205748975276,0.0405205748975276,0.0405205748975276,human,UP
MMP2,0.039511427283287,0.039511427283287,0.039511427283287,0.039511427283287,human,UP
CXCL1,0.0392249412834644,0.0392249412834644,0.0392249412834644,0.0392249412834644,human,UP
PSME3,0.037254512310028,0.037254512310028,0.037254512310028,0.037254512310028,human,UP
LTBR,0.0371306836605072,0.0371306836605072,0.0371306836605072,0.0371306836605072,human,UP
CCL25,0.0371014401316642,0.0371014401316642,0.0371014401316642,0.0371014401316642,human,UP
GP2,0.0369528196752071,0.0369528196752071,0.0369528196752071,0.0369528196752071,human,UP
TFF2,0.0367395505309104,0.0367395505309104,0.0367395505309104,0.0367395505309104,human,UP
KLF10,0.0362481102347373,0.0362481102347373,0.0362481102347373,0.0362481102347373,human,UP
MYC,0.0362092033028602,0.0362092033028602,0.0362092033028602,0.0362092033028602,human,UP
VCAN,0.0360861532390117,0.0360861532390117,0.0360861532390117,0.0360861532390117,human,UP
TCN1,0.0360207892954349,0.0360207892954349,0.0360207892954349,0.0360207892954349,human,UP
GOLM1,0.0355885960161685,0.0355885960161685,0.0355885960161685,0.0355885960161685,human,UP
CTSS,0.0355716831982135,0.0355716831982135,0.0355716831982135,0.0355716831982135,human,UP
PER3,0.0354643128812313,0.0354643128812313,0.0354643128812313,0.0354643128812313,human,UP
TFF1,0.0352101922035217,0.0352101922035217,0.0352101922035217,0.0352101922035217,human,UP
JUNB,0.0347177684307098,0.0347177684307098,0.0347177684307098,0.0347177684307098,human,UP
ALDH2,0.0346831455826759,0.0346831455826759,0.0346831455826759,0.0346831455826759,human,UP
DACT1,0.0346206948161125,0.0346206948161125,0.0346206948161125,0.0346206948161125,human,UP
RGS1,0.0342723689973354,0.0342723689973354,0.0342723689973354,0.0342723689973354,human,UP
GPX2,0.0339417532086372,0.0339417532086372,0.0339417532086372,0.0339417532086372,human,UP
RNASE1,0.033610139042139,0.033610139042139,0.033610139042139,0.033610139042139,human,UP
CAPN9,0.0332107320427894,0.0332107320427894,0.0332107320427894,0.0332107320427894,human,UP
CA2,0.0331349074840545,0.0331349074840545,0.0331349074840545,0.0331349074840545,human,UP
MYOC,0.0328165031969547,0.0328165031969547,0.0328165031969547,0.0328165031969547,human,UP
C1QB,0.0326328091323375,0.0326328091323375,0.0326328091323375,0.0326328091323375,human,UP
PDE4B,0.0325519107282161,0.0325519107282161,0.0325519107282161,0.0325519107282161,human,UP
TYROBP,0.0322512984275817,0.0322512984275817,0.0322512984275817,0.0322512984275817,human,UP
SLC2A3,0.0318836718797683,0.0318836718797683,0.0318836718797683,0.0318836718797683,human,UP
CSF3R,0.0317814983427524,0.0317814983427524,0.0317814983427524,0.0317814983427524,human,UP
BAP1,0.0316880010068416,0.0316880010068416,0.0316880010068416,0.0316880010068416,human,UP
THBS4,0.0315961427986621,0.0315961427986621,0.0315961427986621,0.0315961427986621,human,UP
AADAC,0.0314814411103725,0.0314814411103725,0.0314814411103725,0.0314814411103725,human,UP
POSTN,0.0313176810741424,0.0313176810741424,0.0313176810741424,0.0313176810741424,human,UP
FAM8A1,0.0310575570911169,0.0310575570911169,0.0310575570911169,0.0310575570911169,human,UP
NID1,0.0309201870113611,0.0309201870113611,0.0309201870113611,0.0309201870113611,human,UP
PLA2G2A,0.0307672135531902,0.0307672135531902,0.0307672135531902,0.0307672135531902,human,UP
IFI6,0.0306154247373342,0.0306154247373342,0.0306154247373342,0.0306154247373342,human,UP
ID2,0.030432853847742,0.030432853847742,0.030432853847742,0.030432853847742,human,UP
LGALS9,0.0300200171768665,0.0300200171768665,0.0300200171768665,0.0300200171768665,human,UP
B2M,0.0298818554729223,0.0298818554729223,0.0298818554729223,0.0298818554729223,human,UP
GJC1,0.0297714788466691,0.0297714788466691,0.0297714788466691,0.0297714788466691,human,UP
FCER1G,0.0293950457125902,0.0293950457125902,0.0293950457125902,0.0293950457125902,human,UP
PTGS2,0.0287382155656814,0.0287382155656814,0.0287382155656814,0.0287382155656814,human,UP
SULT1C2,0.0283737070858478,0.0283737070858478,0.0283737070858478,0.0283737070858478,human,UP
TRIM32,0.0282156784087419,0.0282156784087419,0.0282156784087419,0.0282156784087419,human,UP
KLF4,0.0280520692467689,0.0280520692467689,0.0280520692467689,0.0280520692467689,human,UP
SCN8A,0.0279844067990779,0.0279844067990779,0.0279844067990779,0.0279844067990779,human,UP
FUT1,0.0279128942638635,0.0279128942638635,0.0279128942638635,0.0279128942638635,human,UP
MTMR11,0.0277577154338359,0.0277577154338359,0.0277577154338359,0.0277577154338359,human,UP
ALDH3A1,0.0271582771092653,0.0271582771092653,0.0271582771092653,0.0271582771092653,human,UP
PLAT,0.0270495042204856,0.0270495042204856,0.0270495042204856,0.0270495042204856,human,UP
FHL2,0.0270185526460409,0.0270185526460409,0.0270185526460409,0.0270185526460409,human,UP
PLEK2,0.0269475486129522,0.0269475486129522,0.0269475486129522,0.0269475486129522,human,UP
PLK2,0.0267565753310918,0.0267565753310918,0.0267565753310918,0.0267565753310918,human,UP
HIRA,0.0266601871699094,0.0266601871699094,0.0266601871699094,0.0266601871699094,human,UP
MNDA,0.0266166795045137,0.0266166795045137,0.0266166795045137,0.0266166795045137,human,UP
PCYOX1,0.0265310034155845,0.0265310034155845,0.0265310034155845,0.0265310034155845,human,UP
PAK2,0.0264106001704931,0.0264106001704931,0.0264106001704931,0.0264106001704931,human,UP
MARCKSL1,0.0264001749455928,0.0264001749455928,0.0264001749455928,0.0264001749455928,human,UP
CSTA,0.0262939240783453,0.0262939240783453,0.0262939240783453,0.0262939240783453,human,UP
IL1B,0.0262809414416551,0.0262809414416551,0.0262809414416551,0.0262809414416551,human,UP
CLCA1,0.0262387599796056,0.0262387599796056,0.0262387599796056,0.0262387599796056,human,UP
MGST3,0.0261322744190692,0.0261322744190692,0.0261322744190692,0.0261322744190692,human,UP
ZDHHC17,0.0260548219084739,0.0260548219084739,0.0260548219084739,0.0260548219084739,human,UP
MAN1A2,0.025932852178812,0.025932852178812,0.025932852178812,0.025932852178812,human,UP
ANXA4,0.0257968679070472,0.0257968679070472,0.0257968679070472,0.0257968679070472,human,UP
KRT20,0.0257877353578805,0.0257877353578805,0.0257877353578805,0.0257877353578805,human,UP
ETS2,0.0257421527057886,0.0257421527057886,0.0257421527057886,0.0257421527057886,human,UP
RELB,0.0256907381117343,0.0256907381117343,0.0256907381117343,0.0256907381117343,human,UP
EIF5A,0.0254397895187139,0.0254397895187139,0.0254397895187139,0.0254397895187139,human,UP
GCNT1,0.0253935549408197,0.0253935549408197,0.0253935549408197,0.0253935549408197,human,UP
PRRX1,0.0252311155200004,0.0252311155200004,0.0252311155200004,0.0252311155200004,human,UP
MEIS1,0.0252210050821304,0.0252210050821304,0.0252210050821304,0.0252210050821304,human,UP
B3GALT4,0.0251562278717756,0.0251562278717756,0.0251562278717756,0.0251562278717756,human,UP
STK24,0.0250946842133998,0.0250946842133998,0.0250946842133998,0.0250946842133998,human,UP
LGALS4,0.0249770022928714,0.0249770022928714,0.0249770022928714,0.0249770022928714,human,UP
KIF3A,0.0249668434262275,0.0249668434262275,0.0249668434262275,0.0249668434262275,human,UP
IMPA2,0.0249621998518705,0.0249621998518705,0.0249621998518705,0.0249621998518705,human,UP
ZBTB6,0.024954006075859,0.024954006075859,0.024954006075859,0.024954006075859,human,UP
LIMA1,0.0246492698788642,0.0246492698788642,0.0246492698788642,0.0246492698788642,human,UP
ACAA2,0.024630844593048,0.024630844593048,0.024630844593048,0.024630844593048,human,UP
LDB3,0.0245916862040758,0.0245916862040758,0.0245916862040758,0.0245916862040758,human,UP
RBM19,0.02447653375566,0.02447653375566,0.02447653375566,0.02447653375566,human,UP
DSC2,0.0242845863103866,0.0242845863103866,0.0242845863103866,0.0242845863103866,human,UP
TAGLN2,0.0242693051695823,0.0242693051695823,0.0242693051695823,0.0242693051695823,human,UP
CA11,0.0241850595921278,0.0241850595921278,0.0241850595921278,0.0241850595921278,human,UP
CHI3L1,0.024072540923953,0.024072540923953,0.024072540923953,0.024072540923953,human,UP
UBD,0.0240001007914543,0.0240001007914543,0.0240001007914543,0.0240001007914543,human,UP
BLVRA,0.0237552653998136,0.0237552653998136,0.0237552653998136,0.0237552653998136,human,UP
SLPI,0.0236419532448053,0.0236419532448053,0.0236419532448053,0.0236419532448053,human,UP
AIF1,0.0235644783824682,0.0235644783824682,0.0235644783824682,0.0235644783824682,human,UP
CASP1,0.023492082953453,0.023492082953453,0.023492082953453,0.023492082953453,human,UP
CACNA1H,0.0234912876039743,0.0234912876039743,0.0234912876039743,0.0234912876039743,human,UP
THBD,0.0234498120844364,0.0234498120844364,0.0234498120844364,0.0234498120844364,human,UP
FRZB,0.0233870632946491,0.0233870632946491,0.0233870632946491,0.0233870632946491,human,UP
HLA-F,0.0232864748686552,0.0232864748686552,0.0232864748686552,0.0232864748686552,human,UP
REG1A,0.0232720952481031,0.0232720952481031,0.0232720952481031,0.0232720952481031,human,UP
CXCL14,0.0229827612638473,0.0229827612638473,0.0229827612638473,0.0229827612638473,human,UP
COQ2,0.0229697935283184,0.0229697935283184,0.0229697935283184,0.0229697935283184,human,UP
LPIN1,0.0229325462132692,0.0229325462132692,0.0229325462132692,0.0229325462132692,human,UP
SLC16A1,0.0229034088551998,0.0229034088551998,0.0229034088551998,0.0229034088551998,human,UP
ICAM1,0.0226390324532985,0.0226390324532985,0.0226390324532985,0.0226390324532985,human,UP
TAC1,0.0225933995097875,0.0225933995097875,0.0225933995097875,0.0225933995097875,human,UP
MYCNOS,0.0224487707018852,0.0224487707018852,0.0224487707018852,0.0224487707018852,human,UP
LDHA,0.0224025771021842,0.0224025771021842,0.0224025771021842,0.0224025771021842,human,UP
FGF7,0.0223554726690053,0.0223554726690053,0.0223554726690053,0.0223554726690053,human,UP
YWHAH,0.0223544668406248,0.0223544668406248,0.0223544668406248,0.0223544668406248,human,UP
ATP1A1,0.0222743395715951,0.0222743395715951,0.0222743395715951,0.0222743395715951,human,UP
MFAP4,0.0220774095505476,0.0220774095505476,0.0220774095505476,0.0220774095505476,human,UP
TTC19,0.0220693089067935,0.0220693089067935,0.0220693089067935,0.0220693089067935,human,UP
TTR,0.0220590848475694,0.0220590848475694,0.0220590848475694,0.0220590848475694,human,UP
ACSL5,0.0219193901866674,0.0219193901866674,0.0219193901866674,0.0219193901866674,human,UP
PCSK7,0.0219026412814855,0.0219026412814855,0.0219026412814855,0.0219026412814855,human,UP
RASSF8,0.0217570513486862,0.0217570513486862,0.0217570513486862,0.0217570513486862,human,UP
B4GALT1,0.021738214418292,0.021738214418292,0.021738214418292,0.021738214418292,human,UP
CASP5,0.0216450206935405,0.0216450206935405,0.0216450206935405,0.0216450206935405,human,UP
RUNX1,0.0215593669563531,0.0215593669563531,0.0215593669563531,0.0215593669563531,human,UP
RHOC,0.0215335320681333,0.0215335320681333,0.0215335320681333,0.0215335320681333,human,UP
IDH2,0.0215154681354761,0.0215154681354761,0.0215154681354761,0.0215154681354761,human,UP
HSD11B2,0.0214405003935098,0.0214405003935098,0.0214405003935098,0.0214405003935098,human,UP
RAB8B,0.0214150045067071,0.0214150045067071,0.0214150045067071,0.0214150045067071,human,UP
TSPAN1,0.0213259290903806,0.0213259290903806,0.0213259290903806,0.0213259290903806,human,UP
SERTAD2,0.0212715063244104,0.0212715063244104,0.0212715063244104,0.0212715063244104,human,UP
HS3ST1,0.0212675966322422,0.0212675966322422,0.0212675966322422,0.0212675966322422,human,UP
TTLL4,0.0211795698851346,0.0211795698851346,0.0211795698851346,0.0211795698851346,human,UP
DPEP1,0.0211597755551338,0.0211597755551338,0.0211597755551338,0.0211597755551338,human,UP
AVPR1A,0.0211321748793125,0.0211321748793125,0.0211321748793125,0.0211321748793125,human,UP
CD5,0.0210619885474443,0.0210619885474443,0.0210619885474443,0.0210619885474443,human,UP
NGFR,0.0210597198456525,0.0210597198456525,0.0210597198456525,0.0210597198456525,human,UP
NR4A1,0.0210520569235086,0.0210520569235086,0.0210520569235086,0.0210520569235086,human,UP
ACTR2,0.0210274569690227,0.0210274569690227,0.0210274569690227,0.0210274569690227,human,UP
PTK2,0.0208702385425567,0.0208702385425567,0.0208702385425567,0.0208702385425567,human,UP
LGALS3,0.0208195969462394,0.0208195969462394,0.0208195969462394,0.0208195969462394,human,UP
OLFML2A,0.020807696506381,0.020807696506381,0.020807696506381,0.020807696506381,human,UP
CLDN15,0.0206300392746925,0.0206300392746925,0.0206300392746925,0.0206300392746925,human,UP
HPGD,0.0206270962953567,0.0206270962953567,0.0206270962953567,0.0206270962953567,human,UP
DKK3,0.0206079743802547,0.0206079743802547,0.0206079743802547,0.0206079743802547,human,UP
ARSD,0.0205597151070833,0.0205597151070833,0.0205597151070833,0.0205597151070833,human,UP
CABIN1,0.0205395594239234,0.0205395594239234,0.0205395594239234,0.0205395594239234,human,UP
NR1I2,0.0205237623304128,0.0205237623304128,0.0205237623304128,0.0205237623304128,human,UP
IVD,0.0205212999135255,0.0205212999135255,0.0205212999135255,0.0205212999135255,human,UP
MGLL,0.0204584468156099,0.0204584468156099,0.0204584468156099,0.0204584468156099,human,UP
B4GALT4,0.0204387437552213,0.0204387437552213,0.0204387437552213,0.0204387437552213,human,UP
GTSE1,0.0204056128859519,0.0204056128859519,0.0204056128859519,0.0204056128859519,human,UP
NKG7,0.0203919801861047,0.0203919801861047,0.0203919801861047,0.0203919801861047,human,UP
MSRA,0.0203236285597085,0.0203236285597085,0.0203236285597085,0.0203236285597085,human,UP
VILL,0.0202099047601223,0.0202099047601223,0.0202099047601223,0.0202099047601223,human,UP
WBP2,0.0201924722641706,0.0201924722641706,0.0201924722641706,0.0201924722641706,human,UP
IGFBP7,0.0201800391077995,0.0201800391077995,0.0201800391077995,0.0201800391077995,human,UP
CEP57,0.0201545059680938,0.0201545059680938,0.0201545059680938,0.0201545059680938,human,UP
MALL,0.0201461669057607,0.0201461669057607,0.0201461669057607,0.0201461669057607,human,UP
MTAP,0.020062506198883,0.020062506198883,0.020062506198883,0.020062506198883,human,UP
PRSS3,0.0200289599597454,0.0200289599597454,0.0200289599597454,0.0200289599597454,human,UP
ITGB7,0.0200002323836088,0.0200002323836088,0.0200002323836088,0.0200002323836088,human,UP
SYPL1,-0.1193985566496849,-0.1193985566496849,-0.1193985566496849,-0.1193985566496849,human,DOWN
PDIA2,-0.1131871864199638,-0.1131871864199638,-0.1131871864199638,-0.1131871864199638,human,DOWN
MT1G,-0.0974732339382171,-0.0974732339382171,-0.0974732339382171,-0.0974732339382171,human,DOWN
TSC22D3,-0.0944997519254684,-0.0944997519254684,-0.0944997519254684,-0.0944997519254684,human,DOWN
ZNF43,-0.0904751345515251,-0.0904751345515251,-0.0904751345515251,-0.0904751345515251,human,DOWN
LIPF,-0.0771759152412414,-0.0771759152412414,-0.0771759152412414,-0.0771759152412414,human,DOWN
PI4KA,-0.0717655941843986,-0.0717655941843986,-0.0717655941843986,-0.0717655941843986,human,DOWN
CCL21,-0.0717475190758705,-0.0717475190758705,-0.0717475190758705,-0.0717475190758705,human,DOWN
SMARCD2,-0.0648376122117042,-0.0648376122117042,-0.0648376122117042,-0.0648376122117042,human,DOWN
ACSM3,-0.0617337301373481,-0.0617337301373481,-0.0617337301373481,-0.0617337301373481,human,DOWN
HERPUD1,-0.0610170699656009,-0.0610170699656009,-0.0610170699656009,-0.0610170699656009,human,DOWN
LTF,-0.0608581937849521,-0.0608581937849521,-0.0608581937849521,-0.0608581937849521,human,DOWN
AQP1,-0.0599170625209808,-0.0599170625209808,-0.0599170625209808,-0.0599170625209808,human,DOWN
PGC,-0.0589763969182968,-0.0589763969182968,-0.0589763969182968,-0.0589763969182968,human,DOWN
CPA2,-0.0573294721543788,-0.0573294721543788,-0.0573294721543788,-0.0573294721543788,human,DOWN
ANGEL1,-0.0520785376429557,-0.0520785376429557,-0.0520785376429557,-0.0520785376429557,human,DOWN
PGF,-0.0511152185499668,-0.0511152185499668,-0.0511152185499668,-0.0511152185499668,human,DOWN
CLK1,-0.0508587881922721,-0.0508587881922721,-0.0508587881922721,-0.0508587881922721,human,DOWN
GUCA2B,-0.0501145645976066,-0.0501145645976066,-0.0501145645976066,-0.0501145645976066,human,DOWN
TM7SF2,-0.0498438514769077,-0.0498438514769077,-0.0498438514769077,-0.0498438514769077,human,DOWN
MGP,-0.0496456585824489,-0.0496456585824489,-0.0496456585824489,-0.0496456585824489,human,DOWN
CDKN1C,-0.0495870411396026,-0.0495870411396026,-0.0495870411396026,-0.0495870411396026,human,DOWN
HSD17B2,-0.0494777075946331,-0.0494777075946331,-0.0494777075946331,-0.0494777075946331,human,DOWN
KLK11,-0.049440324306488,-0.049440324306488,-0.049440324306488,-0.049440324306488,human,DOWN
KIF23,-0.0472425483167171,-0.0472425483167171,-0.0472425483167171,-0.0472425483167171,human,DOWN
ADA,-0.0459683015942573,-0.0459683015942573,-0.0459683015942573,-0.0459683015942573,human,DOWN
CYFIP2,-0.0458086095750331,-0.0458086095750331,-0.0458086095750331,-0.0458086095750331,human,DOWN
POU2AF1,-0.0457210093736648,-0.0457210093736648,-0.0457210093736648,-0.0457210093736648,human,DOWN
PHF1,-0.0456775203347206,-0.0456775203347206,-0.0456775203347206,-0.0456775203347206,human,DOWN
ACAT1,-0.0451941899955272,-0.0451941899955272,-0.0451941899955272,-0.0451941899955272,human,DOWN
HSPH1,-0.0441296696662902,-0.0441296696662902,-0.0441296696662902,-0.0441296696662902,human,DOWN
GSTM3,-0.0439651571214199,-0.0439651571214199,-0.0439651571214199,-0.0439651571214199,human,DOWN
MT1H,-0.0438886880874633,-0.0438886880874633,-0.0438886880874633,-0.0438886880874633,human,DOWN
SEC61B,-0.0435291677713394,-0.0435291677713394,-0.0435291677713394,-0.0435291677713394,human,DOWN
GC,-0.0427302718162536,-0.0427302718162536,-0.0427302718162536,-0.0427302718162536,human,DOWN
RRM2,-0.0426332093775272,-0.0426332093775272,-0.0426332093775272,-0.0426332093775272,human,DOWN
CA9,-0.0424434579908847,-0.0424434579908847,-0.0424434579908847,-0.0424434579908847,human,DOWN
GABARAPL1,-0.0422263406217098,-0.0422263406217098,-0.0422263406217098,-0.0422263406217098,human,DOWN
PDE9A,-0.0419656969606876,-0.0419656969606876,-0.0419656969606876,-0.0419656969606876,human,DOWN
BCAT2,-0.0417589917778968,-0.0417589917778968,-0.0417589917778968,-0.0417589917778968,human,DOWN
SH3GL2,-0.0413977243006229,-0.0413977243006229,-0.0413977243006229,-0.0413977243006229,human,DOWN
PSCA,-0.0411733090877532,-0.0411733090877532,-0.0411733090877532,-0.0411733090877532,human,DOWN
N4BP1,-0.0404870994389057,-0.0404870994389057,-0.0404870994389057,-0.0404870994389057,human,DOWN
GIMAP5,-0.0404106155037879,-0.0404106155037879,-0.0404106155037879,-0.0404106155037879,human,DOWN
TCF25,-0.039923045784235,-0.039923045784235,-0.039923045784235,-0.039923045784235,human,DOWN
NR2F2,-0.0397605672478675,-0.0397605672478675,-0.0397605672478675,-0.0397605672478675,human,DOWN
FOXO3,-0.0397382006049156,-0.0397382006049156,-0.0397382006049156,-0.0397382006049156,human,DOWN
FBP2,-0.0396212339401245,-0.0396212339401245,-0.0396212339401245,-0.0396212339401245,human,DOWN
SLC4A2,-0.0395200923085212,-0.0395200923085212,-0.0395200923085212,-0.0395200923085212,human,DOWN
EIF3G,-0.0394483543932437,-0.0394483543932437,-0.0394483543932437,-0.0394483543932437,human,DOWN
SLC23A2,-0.0393866039812564,-0.0393866039812564,-0.0393866039812564,-0.0393866039812564,human,DOWN
FKBP4,-0.039232637733221,-0.039232637733221,-0.039232637733221,-0.039232637733221,human,DOWN
UGT2B17,-0.038739301264286,-0.038739301264286,-0.038739301264286,-0.038739301264286,human,DOWN
IFI44L,-0.0384866222739219,-0.0384866222739219,-0.0384866222739219,-0.0384866222739219,human,DOWN
LDHB,-0.0381584987044334,-0.0381584987044334,-0.0381584987044334,-0.0381584987044334,human,DOWN
DUSP1,-0.0379108674824237,-0.0379108674824237,-0.0379108674824237,-0.0379108674824237,human,DOWN
GPA33,-0.0378950983285903,-0.0378950983285903,-0.0378950983285903,-0.0378950983285903,human,DOWN
NAP1L1,-0.0371561050415039,-0.0371561050415039,-0.0371561050415039,-0.0371561050415039,human,DOWN
EPB41,-0.0371397882699966,-0.0371397882699966,-0.0371397882699966,-0.0371397882699966,human,DOWN
CLIP2,-0.0370564237236976,-0.0370564237236976,-0.0370564237236976,-0.0370564237236976,human,DOWN
EEF1D,-0.0369736663997173,-0.0369736663997173,-0.0369736663997173,-0.0369736663997173,human,DOWN
GMPR,-0.0369700081646442,-0.0369700081646442,-0.0369700081646442,-0.0369700081646442,human,DOWN
KPNB1,-0.0369658730924129,-0.0369658730924129,-0.0369658730924129,-0.0369658730924129,human,DOWN
BTG2,-0.036959171295166,-0.036959171295166,-0.036959171295166,-0.036959171295166,human,DOWN
FABP4,-0.0364260040223598,-0.0364260040223598,-0.0364260040223598,-0.0364260040223598,human,DOWN
BTG1,-0.0362563766539096,-0.0362563766539096,-0.0362563766539096,-0.0362563766539096,human,DOWN
SHMT2,-0.036137543618679,-0.036137543618679,-0.036137543618679,-0.036137543618679,human,DOWN
IL7R,-0.0360803231596946,-0.0360803231596946,-0.0360803231596946,-0.0360803231596946,human,DOWN
TCL1A,-0.0358907431364059,-0.0358907431364059,-0.0358907431364059,-0.0358907431364059,human,DOWN
PSPH,-0.035746119916439,-0.035746119916439,-0.035746119916439,-0.035746119916439,human,DOWN
SMOX,-0.0356488674879074,-0.0356488674879074,-0.0356488674879074,-0.0356488674879074,human,DOWN
SPINK1,-0.0352324210107326,-0.0352324210107326,-0.0352324210107326,-0.0352324210107326,human,DOWN
GSTA4,-0.0351759791374206,-0.0351759791374206,-0.0351759791374206,-0.0351759791374206,human,DOWN
GRB7,-0.0351717695593833,-0.0351717695593833,-0.0351717695593833,-0.0351717695593833,human,DOWN
SMTN,-0.0351172238588333,-0.0351172238588333,-0.0351172238588333,-0.0351172238588333,human,DOWN
ADAM19,-0.0348337180912494,-0.0348337180912494,-0.0348337180912494,-0.0348337180912494,human,DOWN
MBIP,-0.0348014570772647,-0.0348014570772647,-0.0348014570772647,-0.0348014570772647,human,DOWN
PDK4,-0.034678891301155,-0.034678891301155,-0.034678891301155,-0.034678891301155,human,DOWN
CIRBP,-0.0346140153706073,-0.0346140153706073,-0.0346140153706073,-0.0346140153706073,human,DOWN
SSR2,-0.0344086475670337,-0.0344086475670337,-0.0344086475670337,-0.0344086475670337,human,DOWN
TSPYL4,-0.0340879037976264,-0.0340879037976264,-0.0340879037976264,-0.0340879037976264,human,DOWN
PLA2R1,-0.0337804108858108,-0.0337804108858108,-0.0337804108858108,-0.0337804108858108,human,DOWN
ATF4,-0.0335335731506347,-0.0335335731506347,-0.0335335731506347,-0.0335335731506347,human,DOWN
CCT4,-0.0334535874426364,-0.0334535874426364,-0.0334535874426364,-0.0334535874426364,human,DOWN
ISG20,-0.0331818647682666,-0.0331818647682666,-0.0331818647682666,-0.0331818647682666,human,DOWN
LIFR,-0.0328139588236808,-0.0328139588236808,-0.0328139588236808,-0.0328139588236808,human,DOWN
HAX1,-0.0327062830328941,-0.0327062830328941,-0.0327062830328941,-0.0327062830328941,human,DOWN
ATM,-0.0326918475329875,-0.0326918475329875,-0.0326918475329875,-0.0326918475329875,human,DOWN
SLC38A2,-0.0325804837048053,-0.0325804837048053,-0.0325804837048053,-0.0325804837048053,human,DOWN
CASC3,-0.0325046479701995,-0.0325046479701995,-0.0325046479701995,-0.0325046479701995,human,DOWN
ID4,-0.0324032716453075,-0.0324032716453075,-0.0324032716453075,-0.0324032716453075,human,DOWN
MVK,-0.0322777852416038,-0.0322777852416038,-0.0322777852416038,-0.0322777852416038,human,DOWN
RPS4X,-0.032176773995161,-0.032176773995161,-0.032176773995161,-0.032176773995161,human,DOWN
CEBPB,-0.0320701524615287,-0.0320701524615287,-0.0320701524615287,-0.0320701524615287,human,DOWN
PRKAG1,-0.0319925881922245,-0.0319925881922245,-0.0319925881922245,-0.0319925881922245,human,DOWN
AREG,-0.0319007486104965,-0.0319007486104965,-0.0319007486104965,-0.0319007486104965,human,DOWN
RPS9,-0.0317357257008552,-0.0317357257008552,-0.0317357257008552,-0.0317357257008552,human,DOWN
MSRB2,-0.031517818570137,-0.031517818570137,-0.031517818570137,-0.031517818570137,human,DOWN
EFNB2,-0.0313583686947822,-0.0313583686947822,-0.0313583686947822,-0.0313583686947822,human,DOWN
ATP1A3,-0.0312315430492162,-0.0312315430492162,-0.0312315430492162,-0.0312315430492162,human,DOWN
PLEKHH3,-0.0312303621321916,-0.0312303621321916,-0.0312303621321916,-0.0312303621321916,human,DOWN
DDX11,-0.0310686752200126,-0.0310686752200126,-0.0310686752200126,-0.0310686752200126,human,DOWN
JAKMIP2,-0.0310491565614938,-0.0310491565614938,-0.0310491565614938,-0.0310491565614938,human,DOWN
RPS6KB2,-0.0308516714721918,-0.0308516714721918,-0.0308516714721918,-0.0308516714721918,human,DOWN
RFTN1,-0.0307615902274847,-0.0307615902274847,-0.0307615902274847,-0.0307615902274847,human,DOWN
SIM2,-0.030508667230606,-0.030508667230606,-0.030508667230606,-0.030508667230606,human,DOWN
DGKD,-0.0302664283663034,-0.0302664283663034,-0.0302664283663034,-0.0302664283663034,human,DOWN
SLC12A7,-0.0302602499723434,-0.0302602499723434,-0.0302602499723434,-0.0302602499723434,human,DOWN
NPHP4,-0.0301735810935497,-0.0301735810935497,-0.0301735810935497,-0.0301735810935497,human,DOWN
GOLGA8B,-0.0298516191542148,-0.0298516191542148,-0.0298516191542148,-0.0298516191542148,human,DOWN
UGP2,-0.0298506636172533,-0.0298506636172533,-0.0298506636172533,-0.0298506636172533,human,DOWN
ITSN2,-0.0297253970056772,-0.0297253970056772,-0.0297253970056772,-0.0297253970056772,human,DOWN
IL1R1,-0.0295919217169284,-0.0295919217169284,-0.0295919217169284,-0.0295919217169284,human,DOWN
ATP8A1,-0.0294541306793689,-0.0294541306793689,-0.0294541306793689,-0.0294541306793689,human,DOWN
UNC93A,-0.0293339267373085,-0.0293339267373085,-0.0293339267373085,-0.0293339267373085,human,DOWN
AUP1,-0.029137609526515,-0.029137609526515,-0.029137609526515,-0.029137609526515,human,DOWN
ANAPC5,-0.0291025005280971,-0.0291025005280971,-0.0291025005280971,-0.0291025005280971,human,DOWN
ARHGAP12,-0.0289696305990219,-0.0289696305990219,-0.0289696305990219,-0.0289696305990219,human,DOWN
MRPS18B,-0.0289600118994712,-0.0289600118994712,-0.0289600118994712,-0.0289600118994712,human,DOWN
CDH2,-0.0289566237479448,-0.0289566237479448,-0.0289566237479448,-0.0289566237479448,human,DOWN
CYP4F12,-0.0285956785082817,-0.0285956785082817,-0.0285956785082817,-0.0285956785082817,human,DOWN
NUMA1,-0.0285451188683509,-0.0285451188683509,-0.0285451188683509,-0.0285451188683509,human,DOWN
ECSIT,-0.0284827891737222,-0.0284827891737222,-0.0284827891737222,-0.0284827891737222,human,DOWN
NPAT,-0.0281522646546363,-0.0281522646546363,-0.0281522646546363,-0.0281522646546363,human,DOWN
ELL,-0.0281073115766048,-0.0281073115766048,-0.0281073115766048,-0.0281073115766048,human,DOWN
PRDX4,-0.0280955415219068,-0.0280955415219068,-0.0280955415219068,-0.0280955415219068,human,DOWN
DNASE1,-0.0278508756309747,-0.0278508756309747,-0.0278508756309747,-0.0278508756309747,human,DOWN
CELSR2,-0.0278330110013484,-0.0278330110013484,-0.0278330110013484,-0.0278330110013484,human,DOWN
GRHPR,-0.0277801491320133,-0.0277801491320133,-0.0277801491320133,-0.0277801491320133,human,DOWN
NFATC1,-0.0276649072766304,-0.0276649072766304,-0.0276649072766304,-0.0276649072766304,human,DOWN
AMACR,-0.0275912173092365,-0.0275912173092365,-0.0275912173092365,-0.0275912173092365,human,DOWN
SPEN,-0.0275690332055091,-0.0275690332055091,-0.0275690332055091,-0.0275690332055091,human,DOWN
RFC4,-0.0274583175778388,-0.0274583175778388,-0.0274583175778388,-0.0274583175778388,human,DOWN
PLTP,-0.027457496151328,-0.027457496151328,-0.027457496151328,-0.027457496151328,human,DOWN
ITIH4,-0.0274378880858421,-0.0274378880858421,-0.0274378880858421,-0.0274378880858421,human,DOWN
CCL18,-0.0273668467998504,-0.0273668467998504,-0.0273668467998504,-0.0273668467998504,human,DOWN
PUM2,-0.0273323152214288,-0.0273323152214288,-0.0273323152214288,-0.0273323152214288,human,DOWN
PPT1,-0.0272760391235351,-0.0272760391235351,-0.0272760391235351,-0.0272760391235351,human,DOWN
TMEM187,-0.027203295379877,-0.027203295379877,-0.027203295379877,-0.027203295379877,human,DOWN
RPS4Y1,-0.0268897898495197,-0.0268897898495197,-0.0268897898495197,-0.0268897898495197,human,DOWN
CITED2,-0.0268645230680704,-0.0268645230680704,-0.0268645230680704,-0.0268645230680704,human,DOWN
GLUL,-0.0267500951886177,-0.0267500951886177,-0.0267500951886177,-0.0267500951886177,human,DOWN
HPN,-0.026671215891838,-0.026671215891838,-0.026671215891838,-0.026671215891838,human,DOWN
SPRR3,-0.0266002621501684,-0.0266002621501684,-0.0266002621501684,-0.0266002621501684,human,DOWN
ULK1,-0.0265655256807804,-0.0265655256807804,-0.0265655256807804,-0.0265655256807804,human,DOWN
CREB5,-0.0265324525535106,-0.0265324525535106,-0.0265324525535106,-0.0265324525535106,human,DOWN
TSFM,-0.0265147667378187,-0.0265147667378187,-0.0265147667378187,-0.0265147667378187,human,DOWN
NCAPH,-0.0264362227171659,-0.0264362227171659,-0.0264362227171659,-0.0264362227171659,human,DOWN
ME3,-0.0264015533030033,-0.0264015533030033,-0.0264015533030033,-0.0264015533030033,human,DOWN
TK2,-0.026245791465044,-0.026245791465044,-0.026245791465044,-0.026245791465044,human,DOWN
HSPA1L,-0.0260955523699522,-0.0260955523699522,-0.0260955523699522,-0.0260955523699522,human,DOWN
TBPL1,-0.0260826312005519,-0.0260826312005519,-0.0260826312005519,-0.0260826312005519,human,DOWN
BUD31,-0.0260636210441589,-0.0260636210441589,-0.0260636210441589,-0.0260636210441589,human,DOWN
PNLIPRP2,-0.0259873513132333,-0.0259873513132333,-0.0259873513132333,-0.0259873513132333,human,DOWN
CHST3,-0.0258579719811677,-0.0258579719811677,-0.0258579719811677,-0.0258579719811677,human,DOWN
FMO5,-0.0256516262888908,-0.0256516262888908,-0.0256516262888908,-0.0256516262888908,human,DOWN
FYN,-0.0255732685327529,-0.0255732685327529,-0.0255732685327529,-0.0255732685327529,human,DOWN
LAMB2,-0.0255035124719142,-0.0255035124719142,-0.0255035124719142,-0.0255035124719142,human,DOWN
TSC22D1,-0.0254975538700819,-0.0254975538700819,-0.0254975538700819,-0.0254975538700819,human,DOWN
EMG1,-0.0254956856369972,-0.0254956856369972,-0.0254956856369972,-0.0254956856369972,human,DOWN
CD180,-0.0253323819488286,-0.0253323819488286,-0.0253323819488286,-0.0253323819488286,human,DOWN
MYL9,-0.0253160018473863,-0.0253160018473863,-0.0253160018473863,-0.0253160018473863,human,DOWN
EFS,-0.0252807661890983,-0.0252807661890983,-0.0252807661890983,-0.0252807661890983,human,DOWN
HMGN3,-0.0251168999820947,-0.0251168999820947,-0.0251168999820947,-0.0251168999820947,human,DOWN
COL2A1,-0.0250969417393207,-0.0250969417393207,-0.0250969417393207,-0.0250969417393207,human,DOWN
XBP1,-0.0249903202056884,-0.0249903202056884,-0.0249903202056884,-0.0249903202056884,human,DOWN
STUB1,-0.02497024461627,-0.02497024461627,-0.02497024461627,-0.02497024461627,human,DOWN
AZU1,-0.0248474460095167,-0.0248474460095167,-0.0248474460095167,-0.0248474460095167,human,DOWN
RHOH,-0.0247759539633989,-0.0247759539633989,-0.0247759539633989,-0.0247759539633989,human,DOWN
RPL35A,-0.0246928296983242,-0.0246928296983242,-0.0246928296983242,-0.0246928296983242,human,DOWN
MAPKAPK2,-0.0246056094765663,-0.0246056094765663,-0.0246056094765663,-0.0246056094765663,human,DOWN
PPFIBP2,-0.0245414804667234,-0.0245414804667234,-0.0245414804667234,-0.0245414804667234,human,DOWN
GCKR,-0.024495642632246,-0.024495642632246,-0.024495642632246,-0.024495642632246,human,DOWN
KIF11,-0.0243597589433193,-0.0243597589433193,-0.0243597589433193,-0.0243597589433193,human,DOWN
RGS11,-0.0242690257728099,-0.0242690257728099,-0.0242690257728099,-0.0242690257728099,human,DOWN
FXR2,-0.0241148862987756,-0.0241148862987756,-0.0241148862987756,-0.0241148862987756,human,DOWN
MAN2A2,-0.0241065081208944,-0.0241065081208944,-0.0241065081208944,-0.0241065081208944,human,DOWN
SSR4,-0.0240259114652872,-0.0240259114652872,-0.0240259114652872,-0.0240259114652872,human,DOWN
IKBKB,-0.0238668341189622,-0.0238668341189622,-0.0238668341189622,-0.0238668341189622,human,DOWN
RPS6KC1,-0.0238564144819974,-0.0238564144819974,-0.0238564144819974,-0.0238564144819974,human,DOWN
POLR2I,-0.0237655434757471,-0.0237655434757471,-0.0237655434757471,-0.0237655434757471,human,DOWN
DNAJB1,-0.0237480830401182,-0.0237480830401182,-0.0237480830401182,-0.0237480830401182,human,DOWN
LTB,-0.023746708407998,-0.023746708407998,-0.023746708407998,-0.023746708407998,human,DOWN
PXMP2,-0.0237084105610847,-0.0237084105610847,-0.0237084105610847,-0.0237084105610847,human,DOWN
LRRC17,-0.0236397683620452,-0.0236397683620452,-0.0236397683620452,-0.0236397683620452,human,DOWN
RGL2,-0.0235268305987119,-0.0235268305987119,-0.0235268305987119,-0.0235268305987119,human,DOWN
RBM42,-0.0234953369945287,-0.0234953369945287,-0.0234953369945287,-0.0234953369945287,human,DOWN
VAV3,-0.0234428308904171,-0.0234428308904171,-0.0234428308904171,-0.0234428308904171,human,DOWN
DOCK2,-0.0233772359788417,-0.0233772359788417,-0.0233772359788417,-0.0233772359788417,human,DOWN
CNPY2,-0.0233340617269277,-0.0233340617269277,-0.0233340617269277,-0.0233340617269277,human,DOWN
JUND,-0.023188704624772,-0.023188704624772,-0.023188704624772,-0.023188704624772,human,DOWN
ABHD5,-0.0231839474290609,-0.0231839474290609,-0.0231839474290609,-0.0231839474290609,human,DOWN
NOVA1,-0.0231804270297288,-0.0231804270297288,-0.0231804270297288,-0.0231804270297288,human,DOWN
NUP214,-0.023067757487297,-0.023067757487297,-0.023067757487297,-0.023067757487297,human,DOWN
PARK7,-0.0229659099131822,-0.0229659099131822,-0.0229659099131822,-0.0229659099131822,human,DOWN
PFKFB3,-0.0228725839406251,-0.0228725839406251,-0.0228725839406251,-0.0228725839406251,human,DOWN
PPME1,-0.0228695627301931,-0.0228695627301931,-0.0228695627301931,-0.0228695627301931,human,DOWN
GABBR1,-0.0228665061295032,-0.0228665061295032,-0.0228665061295032,-0.0228665061295032,human,DOWN
PTTG1,-0.0228189099580049,-0.0228189099580049,-0.0228189099580049,-0.0228189099580049,human,DOWN
PRPS1,-0.0228159725666046,-0.0228159725666046,-0.0228159725666046,-0.0228159725666046,human,DOWN
REEP5,-0.0227493830025196,-0.0227493830025196,-0.0227493830025196,-0.0227493830025196,human,DOWN
TARDBP,-0.02272136695683,-0.02272136695683,-0.02272136695683,-0.02272136695683,human,DOWN
GNB3,-0.0226475298404693,-0.0226475298404693,-0.0226475298404693,-0.0226475298404693,human,DOWN
TRIM22,-0.0225028209388256,-0.0225028209388256,-0.0225028209388256,-0.0225028209388256,human,DOWN
PRKACG,-0.0223920755088329,-0.0223920755088329,-0.0223920755088329,-0.0223920755088329,human,DOWN
CBFB,-0.0223662573844194,-0.0223662573844194,-0.0223662573844194,-0.0223662573844194,human,DOWN
TMEM147,-0.0223424192517995,-0.0223424192517995,-0.0223424192517995,-0.0223424192517995,human,DOWN
NUDC,-0.0222005620598793,-0.0222005620598793,-0.0222005620598793,-0.0222005620598793,human,DOWN
SEMA4D,-0.0221770443022251,-0.0221770443022251,-0.0221770443022251,-0.0221770443022251,human,DOWN
RNASE6,-0.0221668165177106,-0.0221668165177106,-0.0221668165177106,-0.0221668165177106,human,DOWN
CHD4,-0.0221661329269409,-0.0221661329269409,-0.0221661329269409,-0.0221661329269409,human,DOWN
WDR47,-0.0221590641885995,-0.0221590641885995,-0.0221590641885995,-0.0221590641885995,human,DOWN
EDN1,-0.0221583060920238,-0.0221583060920238,-0.0221583060920238,-0.0221583060920238,human,DOWN
KRIT1,-0.0221174731850624,-0.0221174731850624,-0.0221174731850624,-0.0221174731850624,human,DOWN
DHX38,-0.0220809299498796,-0.0220809299498796,-0.0220809299498796,-0.0220809299498796,human,DOWN
WDR3,-0.0220654401928186,-0.0220654401928186,-0.0220654401928186,-0.0220654401928186,human,DOWN
SLC43A1,-0.0219965502619743,-0.0219965502619743,-0.0219965502619743,-0.0219965502619743,human,DOWN
PRCP,-0.0219897329807281,-0.0219897329807281,-0.0219897329807281,-0.0219897329807281,human,DOWN
FBXW4,-0.0219784080982208,-0.0219784080982208,-0.0219784080982208,-0.0219784080982208,human,DOWN
PAF1,-0.021972207352519,-0.021972207352519,-0.021972207352519,-0.021972207352519,human,DOWN
PFDN5,-0.0219508949667215,-0.0219508949667215,-0.0219508949667215,-0.0219508949667215,human,DOWN
ANAPC13,-0.021938145160675,-0.021938145160675,-0.021938145160675,-0.021938145160675,human,DOWN
PSIP1,-0.0217488817870616,-0.0217488817870616,-0.0217488817870616,-0.0217488817870616,human,DOWN
ACSL1,-0.0217106994241476,-0.0217106994241476,-0.0217106994241476,-0.0217106994241476,human,DOWN
CREBL2,-0.0216628536581993,-0.0216628536581993,-0.0216628536581993,-0.0216628536581993,human,DOWN
KCNQ1,-0.0215241760015487,-0.0215241760015487,-0.0215241760015487,-0.0215241760015487,human,DOWN
CASQ1,-0.02149816788733,-0.02149816788733,-0.02149816788733,-0.02149816788733,human,DOWN
ABCB9,-0.0214933846145868,-0.0214933846145868,-0.0214933846145868,-0.0214933846145868,human,DOWN
FAS,-0.0213830154389143,-0.0213830154389143,-0.0213830154389143,-0.0213830154389143,human,DOWN
MTR,-0.0212737135589122,-0.0212737135589122,-0.0212737135589122,-0.0212737135589122,human,DOWN
TRIM37,-0.0212683621793985,-0.0212683621793985,-0.0212683621793985,-0.0212683621793985,human,DOWN
PFAS,-0.021226193755865,-0.021226193755865,-0.021226193755865,-0.021226193755865,human,DOWN
IFI27,-0.0212057679891586,-0.0212057679891586,-0.0212057679891586,-0.0212057679891586,human,DOWN
TTC1,-0.0212016645818948,-0.0212016645818948,-0.0212016645818948,-0.0212016645818948,human,DOWN
SH3BP5,-0.0211964286863803,-0.0211964286863803,-0.0211964286863803,-0.0211964286863803,human,DOWN
COPS6,-0.0211769398301839,-0.0211769398301839,-0.0211769398301839,-0.0211769398301839,human,DOWN
HCLS1,-0.0210652705281972,-0.0210652705281972,-0.0210652705281972,-0.0210652705281972,human,DOWN
DDX46,-0.0210607424378395,-0.0210607424378395,-0.0210607424378395,-0.0210607424378395,human,DOWN
SERINC3,-0.0210221633315086,-0.0210221633315086,-0.0210221633315086,-0.0210221633315086,human,DOWN
PSMC5,-0.0209825448691844,-0.0209825448691844,-0.0209825448691844,-0.0209825448691844,human,DOWN
PLN,-0.0208991095423698,-0.0208991095423698,-0.0208991095423698,-0.0208991095423698,human,DOWN
YEATS4,-0.0208825021982193,-0.0208825021982193,-0.0208825021982193,-0.0208825021982193,human,DOWN
PNN,-0.0208378098905086,-0.0208378098905086,-0.0208378098905086,-0.0208378098905086,human,DOWN
CHCHD2,-0.0208260975778102,-0.0208260975778102,-0.0208260975778102,-0.0208260975778102,human,DOWN
NPM1,-0.0207898244261741,-0.0207898244261741,-0.0207898244261741,-0.0207898244261741,human,DOWN
HSP90AB1,-0.0207893680781126,-0.0207893680781126,-0.0207893680781126,-0.0207893680781126,human,DOWN
GPR19,-0.0207656919956207,-0.0207656919956207,-0.0207656919956207,-0.0207656919956207,human,DOWN
TRIM28,-0.0206810887902975,-0.0206810887902975,-0.0206810887902975,-0.0206810887902975,human,DOWN
TLE3,-0.0206115208566188,-0.0206115208566188,-0.0206115208566188,-0.0206115208566188,human,DOWN
ARMCX3,-0.0205618310719728,-0.0205618310719728,-0.0205618310719728,-0.0205618310719728,human,DOWN
OGT,-0.0204713344573974,-0.0204713344573974,-0.0204713344573974,-0.0204713344573974,human,DOWN
EIF2S2,-0.0204324834048748,-0.0204324834048748,-0.0204324834048748,-0.0204324834048748,human,DOWN
LAMB1,-0.0204123388975858,-0.0204123388975858,-0.0204123388975858,-0.0204123388975858,human,DOWN
CCR7,-0.0203919522464275,-0.0203919522464275,-0.0203919522464275,-0.0203919522464275,human,DOWN
TBCA,-0.0203431397676467,-0.0203431397676467,-0.0203431397676467,-0.0203431397676467,human,DOWN
SNRPA,-0.0203024540096521,-0.0203024540096521,-0.0203024540096521,-0.0203024540096521,human,DOWN
RRN3,-0.0201963149011135,-0.0201963149011135,-0.0201963149011135,-0.0201963149011135,human,DOWN
PNRC1,-0.0201876685023307,-0.0201876685023307,-0.0201876685023307,-0.0201876685023307,human,DOWN
MXD4,-0.020127298310399,-0.020127298310399,-0.020127298310399,-0.020127298310399,human,DOWN
ITGA7,-0.0201152302324771,-0.0201152302324771,-0.0201152302324771,-0.0201152302324771,human,DOWN
APRT,-0.0201140884310007,-0.0201140884310007,-0.0201140884310007,-0.0201140884310007,human,DOWN
CREB3L2,-0.0200778823345899,-0.0200778823345899,-0.0200778823345899,-0.0200778823345899,human,DOWN
RAD23A,-0.0200775656849145,-0.0200775656849145,-0.0200775656849145,-0.0200775656849145,human,DOWN
MPDU1,-0.0200590826570987,-0.0200590826570987,-0.0200590826570987,-0.0200590826570987,human,DOWN
PML,-0.0200387183576822,-0.0200387183576822,-0.0200387183576822,-0.0200387183576822,human,DOWN
