gene_symbol,logfc_dz:925,logfc_dz:927,logfc_dz:926,logfc_dz:928,mean_logfc,median_logfc,common_experiment,organism,signature_type
CCL19,0.0411630570888519,0.1861685365438461,,0.2261663526296615,0.1511659820874532,0.1861685365438461,,human,UP
S100A7,0.1875903606414795,0.1254681646823883,-0.0137046361342072,0.1237946897745132,0.1057871447410434,0.1246314272284507,-0.0137046361342072,human,UP
LGALS7B,0.116342656314373,0.0152067430317401,0.2342242300510406,0.0522400140762329,0.1045034108683466,0.0842913351953029,0.2342242300510406,human,UP
RPS11,0.1452095210552215,0.047040868550539,0.1351626515388488,0.0762732475996017,0.1009215721860528,0.1057179495692253,0.1351626515388488,human,UP
RPL23A,0.1823741495609283,0.0276570003479719,0.1407839059829712,0.0512086376547813,0.1005059233866632,0.0959962718188762,0.1407839059829712,human,UP
RPL38,0.1645256429910659,0.0141441235318779,0.135350689291954,0.0633712336421012,0.0943479223642498,0.0993609614670276,0.135350689291954,human,UP
TIMP1,,0.069003939628601,,0.0968892127275466,0.0829465761780738,0.0829465761780738,,human,UP
MT2A,0.0428880155086517,0.1209428161382675,0.0434452407062053,0.1230108812451362,0.0825717383995652,0.0821940284222364,0.0434452407062053,human,UP
S100A9,0.0840641185641288,0.1224411875009536,,0.0395265333354473,0.0820106131335099,0.0840641185641288,,human,UP
TMSB10,,0.1186986118555069,-0.0207312144339084,0.1399003714323043,0.0792892562846342,0.1186986118555069,-0.0207312144339084,human,UP
MT1X,0.0845343619585037,0.0703721344470977,0.0667689070105552,0.0851398855447769,0.0767038222402334,0.0774532482028007,0.0667689070105552,human,UP
ACTB,-0.0110968081280589,0.1123480945825576,0.032925684005022,0.1346327066421508,0.0672024192754179,0.0726368892937898,0.032925684005022,human,UP
C3,0.0536339357495307,0.1114109084010124,0.0270724855363369,0.0763135403394699,0.0671077175065875,0.0649737380445003,0.0270724855363369,human,UP
KRT14,-0.0561064779758453,,0.1347334384918213,0.1142454743385315,0.0642908116181691,0.1142454743385315,0.1347334384918213,human,UP
PLA2G2A,0.0303508341312408,0.0638164952397346,,0.0983660519123077,0.0641777937610944,0.0638164952397346,,human,UP
HLA-B,,0.0687931105494499,0.040658950805664,0.0750294029712677,0.0614938214421272,0.0687931105494499,0.040658950805664,human,UP
S100A8,0.0934430062770843,0.0722727328538894,0.0167506299912929,0.057893231511116,0.0600899001583457,0.0650829821825027,0.0167506299912929,human,UP
PTMA,0.0788635686039924,0.0258182305842638,0.0786819756031036,0.0376941710710525,0.0552644864656031,0.058188073337078,0.0786819756031036,human,UP
FAU,0.0691917464137077,0.0519230067729949,0.0620991140604019,0.0370492711663246,0.0550657846033573,0.0570110604166984,0.0620991140604019,human,UP
ADIRF,0.0550411157310009,0.0178737100213766,0.0909626632928848,,0.0546258296817541,0.0550411157310009,0.0909626632928848,human,UP
S100A4,0.0489488393068313,0.0300534088164567,0.0619960948824882,0.0687590017914772,0.0524393361993134,0.0554724670946598,0.0619960948824882,human,UP
S100A2,0.0278791151940822,0.0696264803409576,0.0409291423857212,0.0602959282696247,0.0496826665475964,0.0506125353276729,0.0409291423857212,human,UP
IFITM2,0.0196072701364755,0.0673932805657386,0.0376460738480091,0.0726194977760315,0.0493165305815637,0.0525196772068738,0.0376460738480091,human,UP
NNMT,0.0488590374588966,0.0435752905905246,0.0214091278612613,0.0826587826013565,0.0491255596280097,0.0462171640247106,0.0214091278612613,human,UP
PFN1,,0.0417469777166843,,0.053756833076477,0.0477519053965806,0.0477519053965806,,human,UP
RPL36AL,0.0464310087263584,,,,0.0464310087263584,0.0464310087263584,,human,UP
SFN,,0.0362461134791374,0.0579303689301013,0.042215883731842,0.0454641220470269,0.042215883731842,0.0579303689301013,human,UP
RAN,0.0416761264204978,0.041091863065958,0.0395407043397426,0.051721841096878,0.0435076337307691,0.0413839947432279,0.0395407043397426,human,UP
MMP12,0.0268591865897178,0.0417084358632564,,0.0582664757966995,0.0422780327498912,0.0417084358632564,,human,UP
IFITM3,,0.0531115569174289,0.0194075983017683,0.0542922355234622,0.0422704635808865,0.0531115569174289,0.0194075983017683,human,UP
HLA-DPB1,0.0867707431316375,,0.0201445389539003,0.0193800423294305,0.0420984414716561,0.0201445389539003,0.0201445389539003,human,UP
RPL14,0.0677244141697883,,0.035696517676115,0.0226645246148109,0.0420284854869047,0.035696517676115,0.035696517676115,human,UP
CSRP1,,,0.0409547463059425,,0.0409547463059425,0.0409547463059425,0.0409547463059425,human,UP
RPS25,0.0647817477583885,,0.0166131872683763,,0.0406974675133824,0.0406974675133824,0.0166131872683763,human,UP
RPL9,0.1319717466831207,-0.0608944371342659,0.0508395135402679,,0.0406389410297075,0.0508395135402679,0.0508395135402679,human,UP
MT1E,0.0171432886272668,0.0502594150602817,0.027469040825963,0.0662716999650001,0.0402858611196279,0.0388642279431223,0.027469040825963,human,UP
GAPDH,-0.0439433604478836,0.0982132330536842,0.0269390568137168,0.0787830650806427,0.03999799862504,0.0528610609471797,0.0269390568137168,human,UP
IFI30,0.0213290117681026,0.0354004725813865,,0.0630427300930023,0.0399240714808305,0.0354004725813865,,human,UP
HSPA8,,0.0648492500185966,0.0137457437813282,,0.0392974968999624,0.0392974968999624,0.0137457437813282,human,UP
PPIB,0.0312956348061561,0.0420258864760398,0.0478219911456108,0.034818273037672,0.0389904463663697,0.0384220797568559,0.0478219911456108,human,UP
RPS10,0.0411871336400508,0.0426366403698921,0.0261711683124303,0.0455521531403064,0.0388867738656699,0.0419118870049715,0.0261711683124303,human,UP
SUPT20H,,,0.0387823730707168,,0.0387823730707168,0.0387823730707168,0.0387823730707168,human,UP
HLA-DRB1,0.0397971533238887,0.0265754424035549,0.0359162874519825,0.0501144267618656,0.0381008274853229,0.0378567203879356,0.0359162874519825,human,UP
MIF,,0.0242998506873846,0.0469109117984771,0.0413471795618534,0.037519314015905,0.0413471795618534,0.0469109117984771,human,UP
NDRG1,0.0259146187454462,0.0496769659221172,0.0569698214530944,0.0156474243849515,0.0370522076264023,0.0377957923337817,0.0569698214530944,human,UP
TGFBI,0.034825149923563,,0.0294473674148321,0.0423426069319248,0.0355383747567733,0.034825149923563,0.0294473674148321,human,UP
RPS29,0.0926554054021835,-0.0231412407010793,,0.0361814573407173,0.0352318740139404,0.0361814573407173,,human,UP
RPL24,0.0934203118085861,-0.0233764089643955,,,0.0350219514220953,0.0350219514220953,,human,UP
TUBB4B,0.0293755140155553,0.0274366587400436,0.0469681471586227,0.0356822721660137,0.0348656480200588,0.0325288930907845,0.0469681471586227,human,UP
PSME2,0.0198236182332038,0.0371602326631546,,0.0447841621935367,0.033922671029965,0.0371602326631546,,human,UP
LDHA,0.0272863786667585,0.1011962071061134,-0.0951887890696525,0.0987269580364227,0.0330051886849105,0.0630066683515906,-0.0951887890696525,human,UP
NUPR1,0.0196747593581676,,0.0463023781776428,,0.0329885687679052,0.0329885687679052,0.0463023781776428,human,UP
UBA52,,0.0172118134796619,,0.0456766672432422,0.0314442403614521,0.0314442403614521,,human,UP
S100A10,,,,0.030988959595561,0.030988959595561,0.030988959595561,,human,UP
SERPINB4,0.0174680687487125,0.0443730466067791,,,0.0309205576777458,0.0309205576777458,,human,UP
COX8A,0.0154044581577181,0.0146881034597754,0.0573468878865242,0.0361826494336128,0.0309055247344076,0.0257935537956655,0.0573468878865242,human,UP
B2M,0.034745592623949,0.0223819687962532,0.0200894009321928,0.0462346188724041,0.0308628953061997,0.0285637807101011,0.0200894009321928,human,UP
IL7R,0.0114788953214883,0.0288379210978746,,0.0522301271557807,0.0308489811917146,0.0288379210978746,,human,UP
ADM,0.0305441860109567,,,,0.0305441860109567,0.0305441860109567,,human,UP
CLIC1,0.0319750905036926,0.0217349845916032,,0.0355566069483757,0.0297555606812238,0.0319750905036926,,human,UP
NDUFS6,0.0288064405322074,0.0222564898431301,0.0360977314412593,0.031355507671833,0.0296290423721075,0.0300809741020202,0.0360977314412593,human,UP
S100A14,0.0266068093478679,,0.0326200276613235,,0.0296134185045957,0.0296134185045957,0.0326200276613235,human,UP
KRT16,0.0091351205483078,0.0506780780851841,,0.0288114417344331,0.0295415467893083,0.0288114417344331,,human,UP
FOS,,,,0.0295142382383346,0.0295142382383346,0.0295142382383346,,human,UP
SELE,,0.0247022993862628,,0.0339357666671276,0.0293190330266952,0.0293190330266952,,human,UP
CD52,,0.013747320510447,,0.0431587025523185,0.0284530115313828,0.0284530115313828,,human,UP
PRDX1,0.0203557070344686,0.0358298644423484,0.0289284382015466,,0.0283713365594546,0.0289284382015466,0.0289284382015466,human,UP
LY6D,0.027887599542737,0.0136386202648282,0.0418140105903148,0.0278368610888719,0.027794272871688,0.0278622303158044,0.0418140105903148,human,UP
SLC25A6,,0.0130541156977415,0.0340731814503669,0.0360139571130275,0.0277137514203786,0.0340731814503669,0.0340731814503669,human,UP
PCP4,,,0.0275748763233423,,0.0275748763233423,0.0275748763233423,0.0275748763233423,human,UP
TALDO1,,0.0235566645860672,0.0341699346899986,0.0247611328959465,0.0274959107240041,0.0247611328959465,0.0341699346899986,human,UP
LGALS1,0.0217815861105918,0.0326473638415336,,,0.0272144749760627,0.0272144749760627,,human,UP
TMA7,0.0355683155357837,0.0156680680811405,0.0157359465956687,0.0414328314363956,0.0271012904122471,0.0256521310657262,0.0157359465956687,human,UP
SNRPD2,0.0383749604225158,0.0129184117540717,,0.0292184799909591,0.0268372840558489,0.0292184799909591,,human,UP
TXNDC5,0.011698693037033,0.0417478196322917,,,0.0267232563346624,0.0267232563346624,,human,UP
YBX1,0.0115838078781962,0.0322925262153148,,0.0362177230417728,0.0266980190450946,0.0322925262153148,,human,UP
HLA-DQA2,0.0195820163935422,,0.0256457980722188,0.0331228896975517,0.0261169013877709,0.0256457980722188,0.0256457980722188,human,UP
ARPC1B,0.0175662003457546,0.0274968743324279,0.0148896547034382,0.0440998636186122,0.0260131482500582,0.0225315373390913,0.0148896547034382,human,UP
RPN2,,0.0267566479742527,0.0193695519119501,0.0304341111332178,0.0255201036731402,0.0267566479742527,0.0193695519119501,human,UP
CEBPA,,,0.0254271309822797,,0.0254271309822797,0.0254271309822797,0.0254271309822797,human,UP
CD1C,,,,0.0253869779407978,0.0253869779407978,0.0253869779407978,,human,UP
SSR4,,0.0278880726546049,0.0234933979809284,0.0245138220489025,0.0252984308948119,0.0245138220489025,0.0234933979809284,human,UP
CTSG,0.0252547767013311,,,,0.0252547767013311,0.0252547767013311,,human,UP
RPS21,0.0239313021302223,,,0.0263947416096925,0.0251630218699574,0.0251630218699574,,human,UP
ELOVL1,,,0.0250242538750171,,0.0250242538750171,0.0250242538750171,0.0250242538750171,human,UP
PGAM1,0.0196358989924192,0.026233559474349,,0.0289186965674161,0.0249293850113948,0.026233559474349,,human,UP
TUBB6,0.0147149171680212,0.0244122073054313,0.0174681674689054,0.0419533997774124,0.0246371729299426,0.0209401873871684,0.0174681674689054,human,UP
ACADVL,,,0.0245141051709651,,0.0245141051709651,0.0245141051709651,0.0245141051709651,human,UP
IFITM1,,0.024153808131814,,0.0248400997370481,0.024496953934431,0.024496953934431,,human,UP
SNRPD3,0.0244454238563776,,,,0.0244454238563776,0.0244454238563776,,human,UP
HLA-C,0.0118006560951471,0.0318834409117698,,0.0294566843658685,0.0243802604575951,0.0294566843658685,,human,UP
EIF4A1,0.0157038085162639,0.031795535236597,0.0168029554188251,0.0330708511173725,0.0243432875722646,0.0242992453277111,0.0168029554188251,human,UP
MT1H,0.0172281824052333,0.0287193357944488,0.0151402289047837,0.0358358472585678,0.0242308985907584,0.0229737590998411,0.0151402289047837,human,UP
ADAR,0.0299948826432228,0.0179378073662519,,0.0244632549583911,0.0241319816559553,0.0244632549583911,,human,UP
NFKBIA,0.0098966341465711,0.0318666845560073,0.0275393947958946,0.0271084364503622,0.0241027874872088,0.0273239156231284,0.0275393947958946,human,UP
RPL35,0.0296775195747613,0.0266231372952461,,0.0153722707182168,0.0238909758627414,0.0266231372952461,,human,UP
RPL4,0.0183128248900175,,0.0292271245270967,,0.0237699747085571,0.0237699747085571,0.0292271245270967,human,UP
PFDN5,0.0335425324738025,0.0131833115592598,0.0243968516588211,,0.0237075652306278,0.0243968516588211,0.0243968516588211,human,UP
EEF1D,0.0260296557098627,,0.0212828833609819,,0.0236562695354223,0.0236562695354223,0.0212828833609819,human,UP
SH3BGRL3,,0.0178158450871706,,0.0294729210436344,0.0236443830654025,0.0236443830654025,,human,UP
ATF4,0.0267872940748929,0.0192150212824344,0.0333659425377845,0.0149417286738753,0.0235774966422468,0.0230011576786637,0.0333659425377845,human,UP
PLIN1,0.0132830683141946,0.0367428287863731,0.0204658340662717,,0.0234972437222798,0.0204658340662717,0.0204658340662717,human,UP
TUBB,,0.0237875431776046,0.017429431900382,0.0288948900997638,0.0233706217259168,0.0237875431776046,0.017429431900382,human,UP
TUBA4A,0.014768797904253,,0.0318367108702659,,0.0233027543872594,0.0233027543872594,0.0318367108702659,human,UP
CA2,,0.023284837603569,,,0.023284837603569,0.023284837603569,,human,UP
EDF1,0.0098986085504293,0.0226748511195182,0.0364790447056293,0.0239186696708202,0.0232427935115993,0.0232967603951692,0.0364790447056293,human,UP
CAP1,,0.015524766407907,,0.0307005140930414,0.0231126402504742,0.0231126402504742,,human,UP
CNN1,,,0.0230803526937961,,0.0230803526937961,0.0230803526937961,0.0230803526937961,human,UP
RPL37A,0.0230680350214242,,,,0.0230680350214242,0.0230680350214242,,human,UP
PPT1,,,,0.0230408683419227,0.0230408683419227,0.0230408683419227,,human,UP
PSMB3,0.0104088401421904,0.0284634381532669,0.0234785173088312,0.029391948133707,0.0229356859344989,0.025970977731049,0.0234785173088312,human,UP
ARPC2,0.0206419862806797,0.0118000721558928,,0.0350160114467144,0.0224860232944289,0.0206419862806797,,human,UP
SLC25A5,,0.0151474494487047,0.0272354874759912,0.0249090772122144,0.0224306713789701,0.0249090772122144,0.0272354874759912,human,UP
AACS,,,0.0224162340164184,,0.0224162340164184,0.0224162340164184,0.0224162340164184,human,UP
SOD1,0.0223435554653406,,,,0.0223435554653406,0.0223435554653406,,human,UP
TXN,0.0365042947232723,0.0116771636530756,0.0188702214509248,0.0214685760438442,0.0221300639677792,0.0201693987473845,0.0188702214509248,human,UP
EIF3G,0.0215644612908363,0.0192432962357997,0.0354340448975563,0.0119310617446899,0.0220432160422205,0.020403878763318,0.0354340448975563,human,UP
MSN,,0.0190834440290927,,0.0249545834958553,0.022019013762474,0.022019013762474,,human,UP
PSMB4,0.028952257707715,0.0102495616301894,0.0258293263614177,0.0224752277135849,0.0218765933532267,0.0241522770375013,0.0258293263614177,human,UP
HLA-DRA,0.0565165244042873,0.0209453348070383,-0.0158929005265235,0.0258164759725332,0.0218463586643338,0.0233809053897857,-0.0158929005265235,human,UP
CD14,0.0217312090098857,,,,0.0217312090098857,0.0217312090098857,,human,UP
CHCHD2,0.0221196170896291,0.024701477959752,0.0200234092772007,0.0198851898312568,0.0216824235394597,0.0210715131834149,0.0200234092772007,human,UP
COL15A1,,0.0172511450946331,,0.0260135177522897,0.0216323314234614,0.0216323314234614,,human,UP
LAP3,0.0113957356661558,0.021789189428091,,0.0315799824893474,0.0215883025278647,0.021789189428091,,human,UP
SCD,,0.0293900724500417,0.0137835890054702,,0.021586830727756,0.021586830727756,0.0137835890054702,human,UP
NHP2,0.0139543237164616,0.0166096594184637,0.0240747239440679,0.0311935264617204,0.0214580583851784,0.0203421916812658,0.0240747239440679,human,UP
NPC2,,,0.0214281752705574,,0.0214281752705574,0.0214281752705574,0.0214281752705574,human,UP
SNRPG,0.0257624890655279,0.0145747987553477,,0.0238137412816286,0.0213836763675014,0.0238137412816286,,human,UP
GLTP,0.0212606657296419,,,,0.0212606657296419,0.0212606657296419,,human,UP
LCP1,,0.0114312786608934,,0.0309871528297662,0.0212092157453298,0.0212092157453298,,human,UP
PMVK,,,0.0210557002574205,,0.0210557002574205,0.0210557002574205,0.0210557002574205,human,UP
G0S2,0.0147113529965281,0.0277542117983102,0.0204406026750803,,0.0209687224899729,0.0204406026750803,0.0204406026750803,human,UP
F13A1,0.0200648214668035,,,0.0218232199549675,0.0209440207108855,0.0209440207108855,,human,UP
APOC1,,,0.0208441969007253,,0.0208441969007253,0.0208441969007253,0.0208441969007253,human,UP
GPX1,0.0119597762823104,0.0277762450277805,0.0227566771209239,0.0208025705069303,0.0208238172344863,0.0217796238139271,0.0227566771209239,human,UP
COX6B1,0.0181600525975227,0.0110960900783538,0.0228207074105739,0.0312133003026247,0.0208225375972688,0.0204903800040483,0.0228207074105739,human,UP
EEF1A1,0.0206479132175445,,,,0.0206479132175445,0.0206479132175445,,human,UP
TUBB3,0.0159559082239866,0.014721100218594,0.0246670022606849,0.0269859377294778,0.0205824871081858,0.0203114552423357,0.0246670022606849,human,UP
VAMP8,,,0.0255657695233821,0.0155220068991184,0.0205438882112503,0.0205438882112503,0.0255657695233821,human,UP
HLA-E,0.0305021908134222,0.0104064419865608,,,0.0204543163999915,0.0204543163999915,,human,UP
ARPC3,0.0183456763625144,,,0.0222657732665538,0.0203057248145341,0.0203057248145341,,human,UP
NUAK1,,,0.02027771435678,,0.02027771435678,0.02027771435678,0.02027771435678,human,UP
MYCBP2,,,0.0232046786695718,0.0170345921069383,0.0201196353882551,0.0201196353882551,0.0232046786695718,human,UP
MT1M,,0.0179488603025674,,0.022203417494893,0.0200761388987302,0.0200761388987302,,human,UP
SSR2,0.0129743674769997,0.0191130843013525,0.0232506971806287,0.0246508214622735,0.0199972426053136,0.0211818907409906,0.0232506971806287,human,UP
ALDOA,,0.0233880411833524,0.0247331596910953,0.0116496523842215,0.0199236177528897,0.0233880411833524,0.0247331596910953,human,UP
UAP1,0.0102424714714288,0.0235541183501482,,0.0245367139577865,0.0194444345931212,0.0235541183501482,,human,UP
TUBA1C,-0.0225167777389287,0.0337281338870525,,0.0446994490921497,0.0186369350800911,0.0337281338870525,,human,UP
CFD,0.0441201031208038,0.0209975466132164,0.0617098025977611,-0.0595297031104564,0.0168244373053312,0.0325588248670101,0.0617098025977611,human,UP
IGFBP4,-0.0182577352970838,0.0268618389964103,,0.0272672940045595,0.011957132567962,0.0268618389964103,,human,UP
HLA-A,,0.03305559232831,-0.050894770771265,0.0373423099517822,0.0065010438362757,0.03305559232831,-0.050894770771265,human,UP
RPL36,-0.0357005111873149,0.02579802647233,,0.0221985578536987,0.0040986910462379,0.0221985578536987,,human,UP
KRT1,,-0.226516917347908,,-0.0431472994387149,-0.1348321083933115,-0.1348321083933115,,human,DOWN
DSC1,-0.0982559695839881,-0.1341272890567779,-0.0922372862696647,-0.1428503096103668,-0.1168677136301994,-0.116191629320383,-0.0922372862696647,human,DOWN
UBC,-0.1023332625627517,,-0.1788654625415802,-0.055477075278759,-0.1122252667943636,-0.1023332625627517,-0.1788654625415802,human,DOWN
FLG,,-0.1141530349850654,-0.0805826932191848,-0.1414235830307006,-0.1120531037449836,-0.1141530349850654,-0.0805826932191848,human,DOWN
CTSK,-0.1183150261640548,-0.0750062018632888,-0.1356083899736404,-0.1141356229782104,-0.1107663102447986,-0.1162253245711326,-0.1356083899736404,human,DOWN
KRT2,-0.1895634084939956,-0.1409369856119156,-0.0397378876805305,-0.0561707876622676,-0.1066022673621773,-0.0985538866370916,-0.0397378876805305,human,DOWN
DCAF6,-0.1942055225372314,-0.0465036556124687,-0.0858212709426879,-0.0779987946152687,-0.1011323109269142,-0.0819100327789783,-0.0858212709426879,human,DOWN
RPL30,-0.0618465431034565,-0.075606994330883,-0.1127619892358779,-0.0607854723930358,-0.0777502497658133,-0.0687267687171697,-0.1127619892358779,human,DOWN
SLC38A2,-0.0586625151336193,-0.0467426851391792,-0.0929222479462623,-0.0808421373367309,-0.0697923963889479,-0.0697523262351751,-0.0929222479462623,human,DOWN
RPL32,-0.1280191242694854,0.02636637724936,-0.1147047579288482,-0.059663001447916,-0.0690051265992224,-0.0871838796883821,-0.1147047579288482,human,DOWN
SLC25A3,-0.0644216015934944,,,,-0.0644216015934944,-0.0644216015934944,,human,DOWN
GJA1,,-0.0450072288513183,-0.0749002695083618,-0.0716380029916763,-0.0638485004504521,-0.0716380029916763,-0.0749002695083618,human,DOWN
RPL21,0.0151400100439786,-0.0456858985126018,-0.1537192314863205,-0.0525518059730529,-0.0592042314819991,-0.0491188522428274,-0.1537192314863205,human,DOWN
LUM,-0.0616785623133182,-0.0215247608721256,-0.0945749059319496,-0.0588268488645553,-0.0591512694954872,-0.0602527055889368,-0.0945749059319496,human,DOWN
RPL19,-0.1236579269170761,,-0.0740204602479934,0.0218580663204193,-0.0586067736148834,-0.0740204602479934,-0.0740204602479934,human,DOWN
ITM2B,-0.0396822392940521,-0.0547025091946125,-0.073950819671154,-0.0524924769997596,-0.0552070112898945,-0.053597493097186,-0.073950819671154,human,DOWN
PLS3,-0.0253552235662937,-0.0411312840878963,-0.0956291332840919,-0.0577899180352687,-0.0549763897433877,-0.0494606010615825,-0.0956291332840919,human,DOWN
COL1A2,-0.085137739777565,-0.0427622199058532,,-0.0301376897841691,-0.0526792164891958,-0.0427622199058532,,human,DOWN
EIF3E,-0.0383733548223972,-0.0403586104512214,-0.0751136764883995,-0.0529001057147979,-0.051686436869204,-0.0466293580830097,-0.0751136764883995,human,DOWN
RPS13,,-0.0476642735302448,-0.0595408640801906,-0.0422679185867309,-0.0498243520657221,-0.0476642735302448,-0.0595408640801906,human,DOWN
EEF1G,-0.0603613667190074,,-0.0566789843142032,-0.0319959260523319,-0.0496787590285142,-0.0566789843142032,-0.0566789843142032,human,DOWN
DEGS1,-0.0217589326202869,-0.0642870888113975,-0.0554996766149997,-0.0471117310225963,-0.0471643572673201,-0.051305703818798,-0.0554996766149997,human,DOWN
RPL41,,-0.0331570692360401,-0.0716584473848342,-0.0344366505742073,-0.0464173890650272,-0.0344366505742073,-0.0716584473848342,human,DOWN
SRP9,-0.0324243865907192,-0.0334886908531188,-0.0828888863325119,-0.0358422324061393,-0.0461610490456223,-0.0346654616296291,-0.0828888863325119,human,DOWN
TMEM45A,-0.0307922698557376,-0.0575063787400722,-0.0303182564675807,-0.0646290630102157,-0.0458114920184016,-0.0441493242979049,-0.0303182564675807,human,DOWN
SCGB2A2,-0.0242828205227851,-0.0244122352451086,-0.0701736211776733,-0.0618021823465824,-0.0451677148230373,-0.0431072087958455,-0.0701736211776733,human,DOWN
PIP,0.0156251341104507,-0.0432844273746013,-0.0685639232397079,-0.0747510716319084,-0.0427435720339417,-0.0559241753071546,-0.0685639232397079,human,DOWN
RPL29,-0.042211715131998,,-0.0642281472682952,-0.0189526658505201,-0.0417975094169378,-0.042211715131998,-0.0642281472682952,human,DOWN
DCN,-0.0136591549962759,-0.0421490035951137,-0.0580414831638336,-0.0462679453194141,-0.0400293967686593,-0.0442084744572639,-0.0580414831638336,human,DOWN
HMGN3,-0.0285830050706863,-0.0275687724351882,-0.0658015459775924,-0.0381214506924152,-0.0400186935439705,-0.0333522278815507,-0.0658015459775924,human,DOWN
DSP,0.0171275846660137,-0.1061120256781578,-0.0144150229170918,-0.0562606453895568,-0.0399150273296982,-0.0353378341533243,-0.0144150229170918,human,DOWN
HSPA1B,,,,-0.0389612577855587,-0.0389612577855587,-0.0389612577855587,,human,DOWN
CREG1,-0.0269710030406713,-0.0550091713666915,-0.0361918546259403,-0.0367865487933158,-0.0387396444566547,-0.0364892017096281,-0.0361918546259403,human,DOWN
HIF1A,-0.0224308725446462,,-0.0545407757163047,,-0.0384858241304755,-0.0384858241304755,-0.0545407757163047,human,DOWN
DSG1,-0.0220809895545244,-0.0582733564078807,-0.0163492653518915,-0.0565385334193706,-0.0383105361834168,-0.0393097614869475,-0.0163492653518915,human,DOWN
RAP1B,,,-0.037402618676424,,-0.037402618676424,-0.037402618676424,-0.037402618676424,human,DOWN
CILP,,,-0.0482898019254207,-0.0261765588074922,-0.0372331803664565,-0.0372331803664565,-0.0482898019254207,human,DOWN
MFAP5,,-0.0155448541045188,-0.0552184358239173,-0.0389766544103622,-0.0365799814462661,-0.0389766544103622,-0.0552184358239173,human,DOWN
NPTN,-0.0253061447292566,-0.0248055178672075,-0.0592824332416057,-0.0346037037670612,-0.0359994499012827,-0.0299549242481589,-0.0592824332416057,human,DOWN
ITGAV,-0.0211608950048685,-0.0247361920773983,-0.0611888132989406,-0.0363364219665527,-0.03585558058694,-0.0305363070219755,-0.0611888132989406,human,DOWN
OAT,-0.0118634747341275,-0.0269732698798179,-0.0649488866329193,-0.0386092662811279,-0.0355987243819981,-0.0327912680804729,-0.0649488866329193,human,DOWN
DBI,-0.0283097624778747,-0.0351084880530834,-0.0331150889396667,-0.0439166836440563,-0.0351125057786703,-0.034111788496375,-0.0331150889396667,human,DOWN
SPARCL1,-0.0148829976096749,-0.0249709635972976,-0.0528101287782192,-0.0433081798255443,-0.033993067452684,-0.034139571711421,-0.0528101287782192,human,DOWN
PAM,-0.0358144491910934,-0.0216169543564319,-0.0480226762592792,-0.0298899058252573,-0.0338359964080154,-0.0328521775081753,-0.0480226762592792,human,DOWN
KRT10,-0.013239094056189,-0.1522586494684219,0.0914511978626251,-0.0612758137285709,-0.0338305898476392,-0.03725745389238,0.0914511978626251,human,DOWN
GNG10,,,-0.032683003693819,,-0.032683003693819,-0.032683003693819,-0.032683003693819,human,DOWN
TSPAN8,-0.0427250079810619,-0.014851021580398,-0.0371908769011497,-0.034114520996809,-0.0322203568648546,-0.0356526989489793,-0.0371908769011497,human,DOWN
COL6A3,-0.0574611015617847,-0.013445483520627,-0.0346786715090274,-0.0220525600016117,-0.0319094541482627,-0.0283656157553195,-0.0346786715090274,human,DOWN
SERINC1,-0.0188362933695316,-0.0222944673150777,-0.0463242903351783,-0.0359937734901905,-0.0308622061274945,-0.0291441204026341,-0.0463242903351783,human,DOWN
THBS2,-0.0446786656975746,-0.0224834717810153,-0.0323039926588535,-0.0239179171621799,-0.0308460118249058,-0.0281109549105167,-0.0323039926588535,human,DOWN
GABARAP,-0.0358612425625324,,-0.0247023366391658,,-0.0302817896008491,-0.0302817896008491,-0.0247023366391658,human,DOWN
FBN1,,,-0.0296094790101051,,-0.0296094790101051,-0.0296094790101051,-0.0296094790101051,human,DOWN
HNRNPK,,,-0.0293778516352176,,-0.0293778516352176,-0.0293778516352176,-0.0293778516352176,human,DOWN
KRT15,-0.0168770626187324,-0.0278205629438161,,-0.0427435748279094,-0.0291470667968193,-0.0278205629438161,,human,DOWN
VCAN,,,-0.0289641544222831,,-0.0289641544222831,-0.0289641544222831,-0.0289641544222831,human,DOWN
AHR,-0.0266440249979496,-0.0180759634822607,-0.0397854000329971,-0.0311435107141733,-0.0289122248068451,-0.0288937678560614,-0.0397854000329971,human,DOWN
PTGDS,-0.0510212033987045,-0.012102210894227,-0.0220077820122241,,-0.0283770654350519,-0.0220077820122241,-0.0220077820122241,human,DOWN
RPL13A,-0.0435262285172939,,-0.0219600852578878,-0.0178591627627611,-0.0277818255126476,-0.0219600852578878,-0.0219600852578878,human,DOWN
HMGN2,,-0.0229777228087186,-0.0323411338031291,,-0.0276594283059239,-0.0276594283059239,-0.0323411338031291,human,DOWN
SPARC,,-0.0170695707201957,-0.0259788166731596,-0.0395981147885322,-0.0275488340606292,-0.0259788166731596,-0.0259788166731596,human,DOWN
RPL36A,-0.0230853874236345,-0.0183990597724914,-0.0569749996066093,-0.0115536544471979,-0.0275032753124833,-0.0207422235980629,-0.0569749996066093,human,DOWN
DYNLL1,,,-0.0203155968338251,-0.0345245786011219,-0.0274200877174735,-0.0274200877174735,-0.0203155968338251,human,DOWN
TMEM123,,,-0.0403908267617225,-0.0144361788406968,-0.0274135028012096,-0.0274135028012096,-0.0403908267617225,human,DOWN
CXCL9,,,-0.0288823544979095,-0.0258821472525596,-0.0273822508752346,-0.0273822508752346,-0.0288823544979095,human,DOWN
JUP,-0.0227361731231212,-0.0383103564381599,-0.0196467489004135,,-0.0268977594872315,-0.0227361731231212,-0.0196467489004135,human,DOWN
EEF1B2,,0.0096891866996884,-0.0634112209081649,,-0.0268610171042382,-0.0268610171042382,-0.0634112209081649,human,DOWN
TIMP2,-0.0285413824021816,-0.0198006704449653,-0.0281992219388484,-0.0299548897892236,-0.0266240411438047,-0.028370302170515,-0.0281992219388484,human,DOWN
C1S,-0.0167445316910743,,-0.0383289232850074,-0.0236846953630447,-0.0262527167797088,-0.0236846953630447,-0.0383289232850074,human,DOWN
CPA3,-0.0109137967228889,-0.0284322518855333,-0.0346666611731052,-0.0297926254570484,-0.0259513338096439,-0.0291124386712908,-0.0346666611731052,human,DOWN
COL1A1,-0.0259255617856979,,,,-0.0259255617856979,-0.0259255617856979,,human,DOWN
GPX3,,,-0.0250521376729011,-0.0263427626341581,-0.0256974501535296,-0.0256974501535296,-0.0250521376729011,human,DOWN
LCE2B,,-0.0312936753034591,,-0.0197040662169456,-0.0254988707602024,-0.0254988707602024,,human,DOWN
FSTL1,,-0.012932258658111,-0.027974184602499,-0.0345932319760322,-0.0251665584122141,-0.027974184602499,-0.027974184602499,human,DOWN
NSA2,-0.0234807506203651,-0.0185020118951797,-0.043931309133768,-0.0140199288725852,-0.0249835001304745,-0.0209913812577724,-0.043931309133768,human,DOWN
CSTA,0.0570337884128093,-0.0315102785825729,-0.0528970956802368,-0.0722205117344856,-0.0248985243961215,-0.0422036871314048,-0.0528970956802368,human,DOWN
SPINK5,0.0180968455970287,-0.0305163897573947,-0.0293031297624111,-0.0578164272010326,-0.0248847752809524,-0.0299097597599029,-0.0293031297624111,human,DOWN
DSC3,-0.0232114419341087,-0.0293403659015893,-0.0267135854810476,-0.0200959909707307,-0.0248403460718691,-0.0249625137075781,-0.0267135854810476,human,DOWN
SERPINF1,-0.0170849077403545,,-0.0270323101431131,-0.0303750578314065,-0.0248307585716247,-0.0270323101431131,-0.0270323101431131,human,DOWN
RPS24,,-0.0135383745655417,-0.0352125614881515,-0.0256079528480768,-0.02478629630059,-0.0256079528480768,-0.0352125614881515,human,DOWN
PPA1,-0.0245728567242622,,-0.0248554162681102,,-0.0247141364961862,-0.0247141364961862,-0.0248554162681102,human,DOWN
PCOLCE2,,,-0.0247037541121244,,-0.0247037541121244,-0.0247037541121244,-0.0247037541121244,human,DOWN
CD81,-0.0176161210983991,-0.014362534508109,-0.0396939478814601,-0.0255767591297626,-0.0243123406544327,-0.0215964401140809,-0.0396939478814601,human,DOWN
NEK7,,-0.0167528204619884,-0.0288255978375673,-0.026110814884305,-0.0238964110612869,-0.026110814884305,-0.0288255978375673,human,DOWN
CYBRD1,-0.0271096024662256,-0.0188573580235242,-0.0240260027348995,-0.0255605448037385,-0.023888377007097,-0.024793273769319,-0.0240260027348995,human,DOWN
KLF4,,-0.0317155346274375,-0.0133235016837716,-0.0263759270310401,-0.0238049877807497,-0.0263759270310401,-0.0133235016837716,human,DOWN
SCP2,-0.0220183916389942,-0.0218630116432905,-0.0319611728191375,-0.0188652370125055,-0.0236769532784819,-0.0219407016411423,-0.0319611728191375,human,DOWN
COMMD8,,,-0.0235805511474609,,-0.0235805511474609,-0.0235805511474609,-0.0235805511474609,human,DOWN
UBB,-0.0238907635211944,,-0.0227254964411258,,-0.0233081299811601,-0.0233081299811601,-0.0227254964411258,human,DOWN
MFAP4,,,-0.0293828342109918,-0.0169840268790721,-0.023183430545032,-0.023183430545032,-0.0293828342109918,human,DOWN
TUBB2A,,,-0.0231707729399204,,-0.0231707729399204,-0.0231707729399204,-0.0231707729399204,human,DOWN
RPL17,,,-0.0224161986261606,,-0.0224161986261606,-0.0224161986261606,-0.0224161986261606,human,DOWN
RPS20,,-0.055709283798933,,0.0115953320637345,-0.0220569758675992,-0.0220569758675992,,human,DOWN
PTGES3,,,,-0.0217598062008619,-0.0217598062008619,-0.0217598062008619,,human,DOWN
ITM2A,,,-0.0240577142685651,-0.0192763470113277,-0.0216670306399464,-0.0216670306399464,-0.0240577142685651,human,DOWN
YWHAZ,,,-0.0215317644178867,,-0.0215317644178867,-0.0215317644178867,-0.0215317644178867,human,DOWN
TXNIP,-0.026479011401534,-0.0233671180903911,0.019275639206171,-0.0554701350629329,-0.0215101563371717,-0.0249230647459626,0.019275639206171,human,DOWN
PKM,-0.0154040167108178,,-0.0275839995592832,,-0.0214940081350505,-0.0214940081350505,-0.0275839995592832,human,DOWN
COL3A1,-0.0222246255725622,,,-0.0206348411738872,-0.0214297333732247,-0.0214297333732247,,human,DOWN
TMBIM6,-0.0213856007903814,,,,-0.0213856007903814,-0.0213856007903814,,human,DOWN
TSPAN13,-0.0151591720059514,,-0.0272035114467144,,-0.0211813417263329,-0.0211813417263329,-0.0272035114467144,human,DOWN
GOLGA8B,,,-0.0208884458988904,,-0.0208884458988904,-0.0208884458988904,-0.0208884458988904,human,DOWN
NCOA4,,-0.0265001859515905,-0.0141474623233079,-0.0219335108995437,-0.0208603863914807,-0.0219335108995437,-0.0141474623233079,human,DOWN
LAPTM4A,0.0368273332715034,-0.0384387820959091,-0.0270206816494464,-0.0538178570568561,-0.020612496882677,-0.0327297318726778,-0.0270206816494464,human,DOWN
SDC1,,-0.0205010585486888,,,-0.0205010585486888,-0.0205010585486888,,human,DOWN
TUFT1,,-0.0234881658107042,,-0.0173097159713506,-0.0203989408910274,-0.0203989408910274,,human,DOWN
ACADM,-0.0308863259851932,-0.0097048310562968,,,-0.020295578520745,-0.020295578520745,,human,DOWN
ALDH2,,-0.0200886353850364,,,-0.0200886353850364,-0.0200886353850364,,human,DOWN
KTN1,-0.0150207448750734,,-0.0251273550093173,,-0.0200740499421954,-0.0200740499421954,-0.0251273550093173,human,DOWN
TMEM14B,,-0.0211992897093296,-0.0238212253898382,-0.0128968423232436,-0.0193057858074704,-0.0211992897093296,-0.0238212253898382,human,DOWN
RPL27,0.0167876631021499,-0.0239170156419277,-0.0403693206608295,,-0.0158328910668691,-0.0239170156419277,-0.0403693206608295,human,DOWN
RPS18,0.0480290874838829,-0.0478311628103256,-0.0441453009843826,-0.0158721394836902,-0.0149548789486289,-0.0300087202340364,-0.0441453009843826,human,DOWN
MSMO1,-0.0408093854784965,-0.0425968021154403,0.0483121909201145,,-0.0116979988912741,-0.0408093854784965,0.0483121909201145,human,DOWN
KRT5,-0.0301394909620285,-0.0405979938805103,,0.0365683734416961,-0.0113897038002808,-0.0301394909620285,,human,DOWN
RPS7,0.0344836749136447,-0.0468302965164184,-0.0207649488002061,,-0.0110371901343266,-0.0207649488002061,-0.0207649488002061,human,DOWN
