gene_symbol,logfc_dz:696,mean_logfc,median_logfc,common_experiment,organism
TMEM53,0.3435247540473938,0.3435247540473938,0.3435247540473938,0.3435247540473938,human
DEFA3,0.18949003517627716,0.18949003517627716,0.18949003517627716,0.18949003517627716,human
MNDA,0.18281038105487823,0.18281038105487823,0.18281038105487823,0.18281038105487823,human
AQP9,0.12856988608837128,0.12856988608837128,0.12856988608837128,0.12856988608837128,human
S100A8,0.09419705718755722,0.09419705718755722,0.09419705718755722,0.09419705718755722,human
NRROS,0.08345602452754974,0.08345602452754974,0.08345602452754974,0.08345602452754974,human
VNN2,0.05850833281874657,0.05850833281874657,0.05850833281874657,0.05850833281874657,human
RGS18,0.04847712069749832,0.04847712069749832,0.04847712069749832,0.04847712069749832,human
FCGR3A,0.042285557836294174,0.042285557836294174,0.042285557836294174,0.042285557836294174,human
PPBP,0.032207075506448746,0.032207075506448746,0.032207075506448746,0.032207075506448746,human
GPR65,0.030953045934438705,0.030953045934438705,0.030953045934438705,0.030953045934438705,human
BTNL8,0.029796460643410683,0.029796460643410683,0.029796460643410683,0.029796460643410683,human
LTB,0.029116202145814896,0.029116202145814896,0.029116202145814896,0.029116202145814896,human
DEFA4,0.028125176206231117,0.028125176206231117,0.028125176206231117,0.028125176206231117,human
CAMP,0.027898726984858513,0.027898726984858513,0.027898726984858513,0.027898726984858513,human
KIAA1257,0.02785346657037735,0.02785346657037735,0.02785346657037735,0.02785346657037735,human
S100A12,0.02513776533305645,0.02513776533305645,0.02513776533305645,0.02513776533305645,human
HBM,0.02417595498263836,0.02417595498263836,0.02417595498263836,0.02417595498263836,human
FPR1,0.023094048723578453,0.023094048723578453,0.023094048723578453,0.023094048723578453,human
CSTA,0.02245383895933628,0.02245383895933628,0.02245383895933628,0.02245383895933628,human
S100A9,0.021868564188480377,0.021868564188480377,0.021868564188480377,0.021868564188480377,human
CMTM2,0.019824163988232613,0.019824163988232613,0.019824163988232613,0.019824163988232613,human
GPR18,0.019474076107144356,0.019474076107144356,0.019474076107144356,0.019474076107144356,human
CEACAM4,0.019029468297958374,0.019029468297958374,0.019029468297958374,0.019029468297958374,human
OR52K3P,0.01875857077538967,0.01875857077538967,0.01875857077538967,0.01875857077538967,human
NCF1,0.018486008048057556,0.018486008048057556,0.018486008048057556,0.018486008048057556,human
BTLA,0.018394548445940018,0.018394548445940018,0.018394548445940018,0.018394548445940018,human
LRRC25,0.017930181697010994,0.017930181697010994,0.017930181697010994,0.017930181697010994,human
HBD,0.017878158017992973,0.017878158017992973,0.017878158017992973,0.017878158017992973,human
KLRB1,0.015544945374131203,0.015544945374131203,0.015544945374131203,0.015544945374131203,human
CXCR2P1,0.015387769788503647,0.015387769788503647,0.015387769788503647,0.015387769788503647,human
RNASE2,0.01474650390446186,0.01474650390446186,0.01474650390446186,0.01474650390446186,human
HBA2,0.01440478302538395,0.01440478302538395,0.01440478302538395,0.01440478302538395,human
S1PR4,0.013886239379644394,0.013886239379644394,0.013886239379644394,0.013886239379644394,human
CD79A,0.013845949433743954,0.013845949433743954,0.013845949433743954,0.013845949433743954,human
LYZ,0.01336776465177536,0.01336776465177536,0.01336776465177536,0.01336776465177536,human
CEACAM8,0.013021716848015785,0.013021716848015785,0.013021716848015785,0.013021716848015785,human
ZBTB32,0.012847193516790867,0.012847193516790867,0.012847193516790867,0.012847193516790867,human
GZMK,0.012497150339186192,0.012497150339186192,0.012497150339186192,0.012497150339186192,human
MARCH1,0.012283558025956154,0.012283558025956154,0.012283558025956154,0.012283558025956154,human
TLR10,0.01156782265752554,0.01156782265752554,0.01156782265752554,0.01156782265752554,human
TRGV7,0.011543506756424904,0.011543506756424904,0.011543506756424904,0.011543506756424904,human
LINC00892,0.011095092631876469,0.011095092631876469,0.011095092631876469,0.011095092631876469,human
ARHGAP9,0.010841003619134426,0.010841003619134426,0.010841003619134426,0.010841003619134426,human
RGS2,0.010800334624946117,0.010800334624946117,0.010800334624946117,0.010800334624946117,human
RNASE3,0.010464057326316833,0.010464057326316833,0.010464057326316833,0.010464057326316833,human
GPR34,0.010240959003567696,0.010240959003567696,0.010240959003567696,0.010240959003567696,human
MMP25,0.010109061375260353,0.010109061375260353,0.010109061375260353,0.010109061375260353,human
FCN1,0.009571288712322712,0.009571288712322712,0.009571288712322712,0.009571288712322712,human
CD52,0.009101629257202148,0.009101629257202148,0.009101629257202148,0.009101629257202148,human
LST1,0.008424965664744377,0.008424965664744377,0.008424965664744377,0.008424965664744377,human
GAPT,0.008373473770916462,0.008373473770916462,0.008373473770916462,0.008373473770916462,human
GPR183,0.008156359195709229,0.008156359195709229,0.008156359195709229,0.008156359195709229,human
CLEC12A,0.008048951625823975,0.008048951625823975,0.008048951625823975,0.008048951625823975,human
BTNL3,0.00796680711209774,0.00796680711209774,0.00796680711209774,0.00796680711209774,human
CLC,0.007498983293771744,0.007498983293771744,0.007498983293771744,0.007498983293771744,human
FGR,0.007373401429504156,0.007373401429504156,0.007373401429504156,0.007373401429504156,human
MKNK1,0.0071622333489358425,0.0071622333489358425,0.0071622333489358425,0.0071622333489358425,human
CSF1R,0.0071447743102908134,0.0071447743102908134,0.0071447743102908134,0.0071447743102908134,human
FCER1A,0.006695785094052553,0.006695785094052553,0.006695785094052553,0.006695785094052553,human
AMICA1,0.006578419357538223,0.006578419357538223,0.006578419357538223,0.006578419357538223,human
FCGR3B,0.006255768239498138,0.006255768239498138,0.006255768239498138,0.006255768239498138,human
LILRA1,0.006013123318552971,0.006013123318552971,0.006013123318552971,0.006013123318552971,human
CXCR1,0.005976240150630474,0.005976240150630474,0.005976240150630474,0.005976240150630474,human
HLA-DRB5,0.005938253831118345,0.005938253831118345,0.005938253831118345,0.005938253831118345,human
MS4A7,0.005935478024184704,0.005935478024184704,0.005935478024184704,0.005935478024184704,human
LINC00282,0.005808800924569368,0.005808800924569368,0.005808800924569368,0.005808800924569368,human
TREM1,0.005799856968224049,0.005799856968224049,0.005799856968224049,0.005799856968224049,human
PGLYRP1,0.005613211542367935,0.005613211542367935,0.005613211542367935,0.005613211542367935,human
LILRB3,0.005510380957275629,0.005510380957275629,0.005510380957275629,0.005510380957275629,human
CFP,0.005502610467374325,0.005502610467374325,0.005502610467374325,0.005502610467374325,human
TYROBP,0.0054773292504251,0.0054773292504251,0.0054773292504251,0.0054773292504251,human
CD40LG,0.005432983860373497,0.005432983860373497,0.005432983860373497,0.005432983860373497,human
HSPA6,0.005293024703860283,0.005293024703860283,0.005293024703860283,0.005293024703860283,human
EPB42,0.005171854514628649,0.005171854514628649,0.005171854514628649,0.005171854514628649,human
CLEC4A,0.005133338272571564,0.005133338272571564,0.005133338272571564,0.005133338272571564,human
CLECL1,0.0049470942467451096,0.0049470942467451096,0.0049470942467451096,0.0049470942467451096,human
CTSW,0.0048605455085635185,0.0048605455085635185,0.0048605455085635185,0.0048605455085635185,human
LILRA2,0.004833606071770191,0.004833606071770191,0.004833606071770191,0.004833606071770191,human
TNFAIP8L2,0.004796036519110203,0.004796036519110203,0.004796036519110203,0.004796036519110203,human
SORCS3,0.004777013789862394,0.004777013789862394,0.004777013789862394,0.004777013789862394,human
RPGRIP1,0.0047605084255337715,0.0047605084255337715,0.0047605084255337715,0.0047605084255337715,human
FLJ30679,0.004584459587931633,0.004584459587931633,0.004584459587931633,0.004584459587931633,human
CSF3R,0.004540200810879469,0.004540200810879469,0.004540200810879469,0.004540200810879469,human
CD160,0.004523482173681259,0.004523482173681259,0.004523482173681259,0.004523482173681259,human
SH2D1B,0.0045076459646224976,0.0045076459646224976,0.0045076459646224976,0.0045076459646224976,human
DPEP2,0.004488373175263405,0.004488373175263405,0.004488373175263405,0.004488373175263405,human
PTPLAD2,0.004448127932846546,0.004448127932846546,0.004448127932846546,0.004448127932846546,human
HLA-DRA,0.004447556100785732,0.004447556100785732,0.004447556100785732,0.004447556100785732,human
DPEP3,0.004293456673622131,0.004293456673622131,0.004293456673622131,0.004293456673622131,human
CSF2RA,0.004282992333173752,0.004282992333173752,0.004282992333173752,0.004282992333173752,human
IGHM,0.004269789904356003,0.004269789904356003,0.004269789904356003,0.004269789904356003,human
HBQ1,0.004215981811285019,0.004215981811285019,0.004215981811285019,0.004215981811285019,human
SLC46A2,0.004160607699304819,0.004160607699304819,0.004160607699304819,0.004160607699304819,human
TFEC,0.004146388731896877,0.004146388731896877,0.004146388731896877,0.004146388731896877,human
CD48,0.004143417812883854,0.004143417812883854,0.004143417812883854,0.004143417812883854,human
CD180,0.004140583332628012,0.004140583332628012,0.004140583332628012,0.004140583332628012,human
HLA-DRB1,0.004078751429915428,0.004078751429915428,0.004078751429915428,0.004078751429915428,human
PI3,0.003959674388170242,0.003959674388170242,0.003959674388170242,0.003959674388170242,human
LILRA3,0.003902774304151535,0.003902774304151535,0.003902774304151535,0.003902774304151535,human
NKG7,0.0038860414642840624,0.0038860414642840624,0.0038860414642840624,0.0038860414642840624,human
IL2RG,0.0037832914385944605,0.0037832914385944605,0.0037832914385944605,0.0037832914385944605,human
TMEM176B,0.003778422949835658,0.003778422949835658,0.003778422949835658,0.003778422949835658,human
LOC101928370,0.003735800040885806,0.003735800040885806,0.003735800040885806,0.003735800040885806,human
HCG27,0.0036922611761838198,0.0036922611761838198,0.0036922611761838198,0.0036922611761838198,human
FLJ40712,0.0036918497644364834,0.0036918497644364834,0.0036918497644364834,0.0036918497644364834,human
CCDC73,0.003678692737594247,0.003678692737594247,0.003678692737594247,0.003678692737594247,human
FCRL5,0.0036560744047164917,0.0036560744047164917,0.0036560744047164917,0.0036560744047164917,human
MPEG1,0.0036200727336108685,0.0036200727336108685,0.0036200727336108685,0.0036200727336108685,human
MS4A6A,0.0035435017198324203,0.0035435017198324203,0.0035435017198324203,0.0035435017198324203,human
KIR3DL2,0.003444499569013715,0.003444499569013715,0.003444499569013715,0.003444499569013715,human
LILRA5,0.0034217892680317163,0.0034217892680317163,0.0034217892680317163,0.0034217892680317163,human
FCRL3,0.0033847633749246597,0.0033847633749246597,0.0033847633749246597,0.0033847633749246597,human
LOC643802,0.0033791474997997284,0.0033791474997997284,0.0033791474997997284,0.0033791474997997284,human
GMFG,0.0033742168452590704,0.0033742168452590704,0.0033742168452590704,0.0033742168452590704,human
PRAM1,0.0033709597773849964,0.0033709597773849964,0.0033709597773849964,0.0033709597773849964,human
MS4A1,0.003364004660397768,0.003364004660397768,0.003364004660397768,0.003364004660397768,human
LINC01094,0.0033217882737517357,0.0033217882737517357,0.0033217882737517357,0.0033217882737517357,human
SLC45A4,0.003321268130093813,0.003321268130093813,0.003321268130093813,0.003321268130093813,human
HLA-DQB2,0.003313937224447727,0.003313937224447727,0.003313937224447727,0.003313937224447727,human
PTCHD2,0.003301513846963644,0.003301513846963644,0.003301513846963644,0.003301513846963644,human
FCGR2A,0.0032898583449423313,0.0032898583449423313,0.0032898583449423313,0.0032898583449423313,human
CLEC4D,0.003247348591685295,0.003247348591685295,0.003247348591685295,0.003247348591685295,human
DRC1,0.0031931777484714985,0.0031931777484714985,0.0031931777484714985,0.0031931777484714985,human
CD200R1,0.0031663302797824144,0.0031663302797824144,0.0031663302797824144,0.0031663302797824144,human
TNFRSF4,0.003164835972711444,0.003164835972711444,0.003164835972711444,0.003164835972711444,human
ECRP,0.0031057964079082012,0.0031057964079082012,0.0031057964079082012,0.0031057964079082012,human
ABTB1,0.0030968780629336834,0.0030968780629336834,0.0030968780629336834,0.0030968780629336834,human
LILRB2,0.0030859350226819515,0.0030859350226819515,0.0030859350226819515,0.0030859350226819515,human
SIGLEC9,0.003014730056747794,0.003014730056747794,0.003014730056747794,0.003014730056747794,human
HLA-DPA1,0.0029878662899136543,0.0029878662899136543,0.0029878662899136543,0.0029878662899136543,human
SIRPB2,0.002965455874800682,0.002965455874800682,0.002965455874800682,0.002965455874800682,human
TRAV12-2,0.0029423977248370647,0.0029423977248370647,0.0029423977248370647,0.0029423977248370647,human
HBA1,0.0028947785031050444,0.0028947785031050444,0.0028947785031050444,0.0028947785031050444,human
PDZK1IP1,0.002888810122385621,0.002888810122385621,0.002888810122385621,0.002888810122385621,human
ITGAX,0.0028688665479421616,0.0028688665479421616,0.0028688665479421616,0.0028688665479421616,human
SPI1,0.0028398591093719006,0.0028398591093719006,0.0028398591093719006,0.0028398591093719006,human
CCDC65,0.0028344043530523777,0.0028344043530523777,0.0028344043530523777,0.0028344043530523777,human
RPH3A,0.002826591720804572,0.002826591720804572,0.002826591720804572,0.002826591720804572,human
HCST,0.002795535372570157,0.002795535372570157,0.002795535372570157,0.002795535372570157,human
SIT1,0.002779054455459118,0.002779054455459118,0.002779054455459118,0.002779054455459118,human
ARRB2,0.0027588759548962116,0.0027588759548962116,0.0027588759548962116,0.0027588759548962116,human
SCML4,0.002664378844201565,0.002664378844201565,0.002664378844201565,0.002664378844201565,human
HLA-B,0.0026428773999214172,0.0026428773999214172,0.0026428773999214172,0.0026428773999214172,human
LCN2,0.002623668173328042,0.002623668173328042,0.002623668173328042,0.002623668173328042,human
GPR97,0.0026147356256842613,0.0026147356256842613,0.0026147356256842613,0.0026147356256842613,human
RBP7,0.002610407304018736,0.002610407304018736,0.002610407304018736,0.002610407304018736,human
HLA-C,0.0025790822692215443,0.0025790822692215443,0.0025790822692215443,0.0025790822692215443,human
ICOS,0.002578863175585866,0.002578863175585866,0.002578863175585866,0.002578863175585866,human
FCER2,0.0025747758336365223,0.0025747758336365223,0.0025747758336365223,0.0025747758336365223,human
EVI2B,0.002569339470937848,0.002569339470937848,0.002569339470937848,0.002569339470937848,human
FCRL2,0.0025305936578661203,0.0025305936578661203,0.0025305936578661203,0.0025305936578661203,human
AICDA,0.0025080807972699404,0.0025080807972699404,0.0025080807972699404,0.0025080807972699404,human
MYO1F,0.002506573684513569,0.002506573684513569,0.002506573684513569,0.002506573684513569,human
TREML4,0.002498461864888668,0.002498461864888668,0.002498461864888668,0.002498461864888668,human
CLEC10A,0.0024916469119489193,0.0024916469119489193,0.0024916469119489193,0.0024916469119489193,human
NLRP6,0.002434534952044487,0.002434534952044487,0.002434534952044487,0.002434534952044487,human
ABCA13,0.0024297209456562996,0.0024297209456562996,0.0024297209456562996,0.0024297209456562996,human
PTPRCAP,0.0024169431999325752,0.0024169431999325752,0.0024169431999325752,0.0024169431999325752,human
ALOX5AP,0.0023923844564706087,0.0023923844564706087,0.0023923844564706087,0.0023923844564706087,human
ATP8B4,0.002374057425186038,0.002374057425186038,0.002374057425186038,0.002374057425186038,human
GPBAR1,0.0023705274797976017,0.0023705274797976017,0.0023705274797976017,0.0023705274797976017,human
ZNF847P,0.0023549345787614584,0.0023549345787614584,0.0023549345787614584,0.0023549345787614584,human
TRIM55,0.0023162097204476595,0.0023162097204476595,0.0023162097204476595,0.0023162097204476595,human
FAM19A1,0.0023153217043727636,0.0023153217043727636,0.0023153217043727636,0.0023153217043727636,human
EPYC,0.0023025842383503914,0.0023025842383503914,0.0023025842383503914,0.0023025842383503914,human
FRAT1,0.0023008438292890787,0.0023008438292890787,0.0023008438292890787,0.0023008438292890787,human
NME8,0.002299453830346465,0.002299453830346465,0.002299453830346465,0.002299453830346465,human
DOK2,0.0022619084920734167,0.0022619084920734167,0.0022619084920734167,0.0022619084920734167,human
PF4,0.0022523747757077217,0.0022523747757077217,0.0022523747757077217,0.0022523747757077217,human
IL2RA,0.0022412429098039865,0.0022412429098039865,0.0022412429098039865,0.0022412429098039865,human
TEX13A,0.0022358663845807314,0.0022358663845807314,0.0022358663845807314,0.0022358663845807314,human
OPN1LW,0.0022267308086156845,0.0022267308086156845,0.0022267308086156845,0.0022267308086156845,human
ABCB11,0.0022084652446210384,0.0022084652446210384,0.0022084652446210384,0.0022084652446210384,human
CD72,0.0022059998009353876,0.0022059998009353876,0.0022059998009353876,0.0022059998009353876,human
IGSF11-AS1,0.0022002386394888163,0.0022002386394888163,0.0022002386394888163,0.0022002386394888163,human
CD1C,0.002200050512328744,0.002200050512328744,0.002200050512328744,0.002200050512328744,human
GLT1D1,0.0021776463836431503,0.0021776463836431503,0.0021776463836431503,0.0021776463836431503,human
FCAR,0.002172473119571805,0.002172473119571805,0.002172473119571805,0.002172473119571805,human
CPA3,0.002137337578460574,0.002137337578460574,0.002137337578460574,0.002137337578460574,human
PARVG,0.0020855397451668978,0.0020855397451668978,0.0020855397451668978,0.0020855397451668978,human
STAT4,0.002075225580483675,0.002075225580483675,0.002075225580483675,0.002075225580483675,human
EVI2A,0.00207343278452754,0.00207343278452754,0.00207343278452754,0.00207343278452754,human
CXCR6,0.0020677102729678154,0.0020677102729678154,0.0020677102729678154,0.0020677102729678154,human
CCR2,0.002060126280412078,0.002060126280412078,0.002060126280412078,0.002060126280412078,human
UCP2,0.0020403556991368532,0.0020403556991368532,0.0020403556991368532,0.0020403556991368532,human
GZMB,0.0020342394709587097,0.0020342394709587097,0.0020342394709587097,0.0020342394709587097,human
BTNL10,0.002032477641478181,0.002032477641478181,0.002032477641478181,0.002032477641478181,human
RNF144B,0.002022534841671586,0.002022534841671586,0.002022534841671586,0.002022534841671586,human
CD79B,0.002015880774706602,0.002015880774706602,0.002015880774706602,0.002015880774706602,human
HCK,0.0019772618543356657,0.0019772618543356657,0.0019772618543356657,0.0019772618543356657,human
TNFRSF10C,0.0019736839458346367,0.0019736839458346367,0.0019736839458346367,0.0019736839458346367,human
SRGN,0.001972472295165062,0.001972472295165062,0.001972472295165062,0.001972472295165062,human
ITLN1,0.0019633735064417124,0.0019633735064417124,0.0019633735064417124,0.0019633735064417124,human
VWC2,0.0019435527501627803,0.0019435527501627803,0.0019435527501627803,0.0019435527501627803,human
MARCH2,0.001937269582413137,0.001937269582413137,0.001937269582413137,0.001937269582413137,human
TMEM176A,0.001923870644532144,0.001923870644532144,0.001923870644532144,0.001923870644532144,human
DGKA,0.0019190965685993433,0.0019190965685993433,0.0019190965685993433,0.0019190965685993433,human
HLA-J,0.0019165275152772665,0.0019165275152772665,0.0019165275152772665,0.0019165275152772665,human
C10orf54,0.001916249399073422,0.001916249399073422,0.001916249399073422,0.001916249399073422,human
IGFL2,0.0018960624001920223,0.0018960624001920223,0.0018960624001920223,0.0018960624001920223,human
OR5AK2,0.0018716189078986645,0.0018716189078986645,0.0018716189078986645,0.0018716189078986645,human
P2RX1,0.0018713115714490414,0.0018713115714490414,0.0018713115714490414,0.0018713115714490414,human
LAPTM5,0.001869560219347477,0.001869560219347477,0.001869560219347477,0.001869560219347477,human
REM2,0.0018677061889320612,0.0018677061889320612,0.0018677061889320612,0.0018677061889320612,human
RASGRP3,0.0018578803865239024,0.0018578803865239024,0.0018578803865239024,0.0018578803865239024,human
WNT7A,0.0018574282294139266,0.0018574282294139266,0.0018574282294139266,0.0018574282294139266,human
HLA-H,0.0018547432264313102,0.0018547432264313102,0.0018547432264313102,0.0018547432264313102,human
MFSD6L,0.0018505756743252277,0.0018505756743252277,0.0018505756743252277,0.0018505756743252277,human
CASP12,0.0018187979003414512,0.0018187979003414512,0.0018187979003414512,0.0018187979003414512,human
ABCD2,0.0018158084712922573,0.0018158084712922573,0.0018158084712922573,0.0018158084712922573,human
PARP15,0.0018036796245723963,0.0018036796245723963,0.0018036796245723963,0.0018036796245723963,human
RGS1,0.0018029902130365372,0.0018029902130365372,0.0018029902130365372,0.0018029902130365372,human
LOC401098,0.001801459351554513,0.001801459351554513,0.001801459351554513,0.001801459351554513,human
SLC12A6,0.0017974779475480318,0.0017974779475480318,0.0017974779475480318,0.0017974779475480318,human
C9orf66,0.0017963983118534088,0.0017963983118534088,0.0017963983118534088,0.0017963983118534088,human
LY9,0.0017952501075342298,0.0017952501075342298,0.0017952501075342298,0.0017952501075342298,human
AIF1,0.0017934561474248767,0.0017934561474248767,0.0017934561474248767,0.0017934561474248767,human
CD300E,0.0017894392367452383,0.0017894392367452383,0.0017894392367452383,0.0017894392367452383,human
GNAI2,0.0017889944138005376,0.0017889944138005376,0.0017889944138005376,0.0017889944138005376,human
LIMD2,0.0017856541089713573,0.0017856541089713573,0.0017856541089713573,0.0017856541089713573,human
CASP1,0.0017671777168288827,0.0017671777168288827,0.0017671777168288827,0.0017671777168288827,human
HLA-DQA1,0.0017657338175922632,0.0017657338175922632,0.0017657338175922632,0.0017657338175922632,human
LILRA4,0.0017646143678575754,0.0017646143678575754,0.0017646143678575754,0.0017646143678575754,human
KANSL1-AS1,0.0017626592889428139,0.0017626592889428139,0.0017626592889428139,0.0017626592889428139,human
TSPAN32,0.0017566480673849583,0.0017566480673849583,0.0017566480673849583,0.0017566480673849583,human
OSM,0.0017467220313847065,0.0017467220313847065,0.0017467220313847065,0.0017467220313847065,human
MESTIT1,0.001745899091474712,0.001745899091474712,0.001745899091474712,0.001745899091474712,human
ZBTB18,0.001743366476148367,0.001743366476148367,0.001743366476148367,0.001743366476148367,human
CA6,0.001740702660754323,0.001740702660754323,0.001740702660754323,0.001740702660754323,human
GCA,0.0017362983198836446,0.0017362983198836446,0.0017362983198836446,0.0017362983198836446,human
ADCY4,0.001734236953780055,0.001734236953780055,0.001734236953780055,0.001734236953780055,human
PDRG1,-0.7118616104125977,-0.7118616104125977,-0.7118616104125977,-0.7118616104125977,human
PROK2,-0.3747532367706299,-0.3747532367706299,-0.3747532367706299,-0.3747532367706299,human
LINC00661,-0.1674230545759201,-0.1674230545759201,-0.1674230545759201,-0.1674230545759201,human
FPR2,-0.11077422648668289,-0.11077422648668289,-0.11077422648668289,-0.11077422648668289,human
TBX21,-0.10370858013629913,-0.10370858013629913,-0.10370858013629913,-0.10370858013629913,human
P2RY14,-0.09514971077442169,-0.09514971077442169,-0.09514971077442169,-0.09514971077442169,human
IL18RAP,-0.07571732997894287,-0.07571732997894287,-0.07571732997894287,-0.07571732997894287,human
ZNF831,-0.07118568569421768,-0.07118568569421768,-0.07118568569421768,-0.07118568569421768,human
CD163,-0.07081150263547897,-0.07081150263547897,-0.07081150263547897,-0.07081150263547897,human
SELL,-0.05044282600283623,-0.05044282600283623,-0.05044282600283623,-0.05044282600283623,human
EMR3,-0.048314452171325684,-0.048314452171325684,-0.048314452171325684,-0.048314452171325684,human
GBP5,-0.04701278731226921,-0.04701278731226921,-0.04701278731226921,-0.04701278731226921,human
RSAD2,-0.03430638834834099,-0.03430638834834099,-0.03430638834834099,-0.03430638834834099,human
TMEM154,-0.03338000923395157,-0.03338000923395157,-0.03338000923395157,-0.03338000923395157,human
KAAG1,-0.033326853066682816,-0.033326853066682816,-0.033326853066682816,-0.033326853066682816,human
TCL1A,-0.02968188002705574,-0.02968188002705574,-0.02968188002705574,-0.02968188002705574,human
ANKRD52,-0.029398566111922264,-0.029398566111922264,-0.029398566111922264,-0.029398566111922264,human
IFIT2,-0.028054269030690193,-0.028054269030690193,-0.028054269030690193,-0.028054269030690193,human
GZMA,-0.027142778038978577,-0.027142778038978577,-0.027142778038978577,-0.027142778038978577,human
APOBEC3A,-0.026677582412958145,-0.026677582412958145,-0.026677582412958145,-0.026677582412958145,human
CD2,-0.02639198862016201,-0.02639198862016201,-0.02639198862016201,-0.02639198862016201,human
HDC,-0.024900732561945915,-0.024900732561945915,-0.024900732561945915,-0.024900732561945915,human
XIST,-0.024331871420145035,-0.024331871420145035,-0.024331871420145035,-0.024331871420145035,human
IL7R,-0.023517433553934097,-0.023517433553934097,-0.023517433553934097,-0.023517433553934097,human
SAMD3,-0.023437995463609695,-0.023437995463609695,-0.023437995463609695,-0.023437995463609695,human
GZMH,-0.023212430998682976,-0.023212430998682976,-0.023212430998682976,-0.023212430998682976,human
FAM65B,-0.022808324545621872,-0.022808324545621872,-0.022808324545621872,-0.022808324545621872,human
LINC01127,-0.022756798192858696,-0.022756798192858696,-0.022756798192858696,-0.022756798192858696,human
ZNF483,-0.021311787888407707,-0.021311787888407707,-0.021311787888407707,-0.021311787888407707,human
TLR2,-0.02102244831621647,-0.02102244831621647,-0.02102244831621647,-0.02102244831621647,human
TLR8,-0.020387550815939903,-0.020387550815939903,-0.020387550815939903,-0.020387550815939903,human
GNLY,-0.019162267446517944,-0.019162267446517944,-0.019162267446517944,-0.019162267446517944,human
F13A1,-0.019147604703903198,-0.019147604703903198,-0.019147604703903198,-0.019147604703903198,human
MMP9,-0.01673431135714054,-0.01673431135714054,-0.01673431135714054,-0.01673431135714054,human
PF4V1,-0.01662903092801571,-0.01662903092801571,-0.01662903092801571,-0.01662903092801571,human
LILRB1,-0.01627231016755104,-0.01627231016755104,-0.01627231016755104,-0.01627231016755104,human
ZNF683,-0.01562361977994442,-0.01562361977994442,-0.01562361977994442,-0.01562361977994442,human
GIMAP4,-0.015519967302680016,-0.015519967302680016,-0.015519967302680016,-0.015519967302680016,human
EOMES,-0.015420094132423401,-0.015420094132423401,-0.015420094132423401,-0.015420094132423401,human
PLEK,-0.015159575268626213,-0.015159575268626213,-0.015159575268626213,-0.015159575268626213,human
ANKRD33,-0.014805043116211891,-0.014805043116211891,-0.014805043116211891,-0.014805043116211891,human
NLRC4,-0.014729843474924564,-0.014729843474924564,-0.014729843474924564,-0.014729843474924564,human
IL1R2,-0.014063569717109203,-0.014063569717109203,-0.014063569717109203,-0.014063569717109203,human
GABRP,-0.013573835603892803,-0.013573835603892803,-0.013573835603892803,-0.013573835603892803,human
GIMAP1,-0.01349454466253519,-0.01349454466253519,-0.01349454466253519,-0.01349454466253519,human
IFIT3,-0.013480267487466335,-0.013480267487466335,-0.013480267487466335,-0.013480267487466335,human
TMEM204,-0.013369537889957428,-0.013369537889957428,-0.013369537889957428,-0.013369537889957428,human
IL2RB,-0.013064060360193253,-0.013064060360193253,-0.013064060360193253,-0.013064060360193253,human
GPR171,-0.012440691702067852,-0.012440691702067852,-0.012440691702067852,-0.012440691702067852,human
CRTAM,-0.012228683568537235,-0.012228683568537235,-0.012228683568537235,-0.012228683568537235,human
CCL4,-0.011918225325644016,-0.011918225325644016,-0.011918225325644016,-0.011918225325644016,human
CA1,-0.0117806950584054,-0.0117806950584054,-0.0117806950584054,-0.0117806950584054,human
IFI44L,-0.011757977306842804,-0.011757977306842804,-0.011757977306842804,-0.011757977306842804,human
GIMAP8,-0.011318037286400795,-0.011318037286400795,-0.011318037286400795,-0.011318037286400795,human
NCR1,-0.011054039001464844,-0.011054039001464844,-0.011054039001464844,-0.011054039001464844,human
KCNQ3,-0.010724798776209354,-0.010724798776209354,-0.010724798776209354,-0.010724798776209354,human
FAM181A,-0.010504251345992088,-0.010504251345992088,-0.010504251345992088,-0.010504251345992088,human
NOD2,-0.010217423550784588,-0.010217423550784588,-0.010217423550784588,-0.010217423550784588,human
TLR1,-0.010088605806231499,-0.010088605806231499,-0.010088605806231499,-0.010088605806231499,human
KLRF1,-0.009735223837196827,-0.009735223837196827,-0.009735223837196827,-0.009735223837196827,human
CD8A,-0.009580067358911037,-0.009580067358911037,-0.009580067358911037,-0.009580067358911037,human
KLRD1,-0.008981031365692616,-0.008981031365692616,-0.008981031365692616,-0.008981031365692616,human
RGL4,-0.008975465781986713,-0.008975465781986713,-0.008975465781986713,-0.008975465781986713,human
TSPAN16,-0.008963385596871376,-0.008963385596871376,-0.008963385596871376,-0.008963385596871376,human
TRAF3IP3,-0.008816616609692574,-0.008816616609692574,-0.008816616609692574,-0.008816616609692574,human
ITGAM,-0.00833678338676691,-0.00833678338676691,-0.00833678338676691,-0.00833678338676691,human
GIMAP6,-0.008174479007720947,-0.008174479007720947,-0.008174479007720947,-0.008174479007720947,human
PRF1,-0.008012883365154266,-0.008012883365154266,-0.008012883365154266,-0.008012883365154266,human
LRRK2,-0.007983355782926083,-0.007983355782926083,-0.007983355782926083,-0.007983355782926083,human
ANKRD55,-0.007981513626873493,-0.007981513626873493,-0.007981513626873493,-0.007981513626873493,human
SLC35G3,-0.007870971225202084,-0.007870971225202084,-0.007870971225202084,-0.007870971225202084,human
C9,-0.007801809348165989,-0.007801809348165989,-0.007801809348165989,-0.007801809348165989,human
OASL,-0.007781336084008217,-0.007781336084008217,-0.007781336084008217,-0.007781336084008217,human
LINC00926,-0.00773588614538312,-0.00773588614538312,-0.00773588614538312,-0.00773588614538312,human
ST8SIA5,-0.007681514602154493,-0.007681514602154493,-0.007681514602154493,-0.007681514602154493,human
FGFBP2,-0.0076750763691961765,-0.0076750763691961765,-0.0076750763691961765,-0.0076750763691961765,human
NTNG2,-0.007644972763955593,-0.007644972763955593,-0.007644972763955593,-0.007644972763955593,human
CSRP3,-0.007312569301575422,-0.007312569301575422,-0.007312569301575422,-0.007312569301575422,human
FAM49A,-0.007117025088518858,-0.007117025088518858,-0.007117025088518858,-0.007117025088518858,human
NMUR1,-0.00707294000312686,-0.00707294000312686,-0.00707294000312686,-0.00707294000312686,human
IL22RA2,-0.006962500512599945,-0.006962500512599945,-0.006962500512599945,-0.006962500512599945,human
HCAR3,-0.00688521470874548,-0.00688521470874548,-0.00688521470874548,-0.00688521470874548,human
BANK1,-0.0068757254630327225,-0.0068757254630327225,-0.0068757254630327225,-0.0068757254630327225,human
C9orf62,-0.006579347420483828,-0.006579347420483828,-0.006579347420483828,-0.006579347420483828,human
MX1,-0.006560164969414473,-0.006560164969414473,-0.006560164969414473,-0.006560164969414473,human
NLRP3,-0.006504320073872805,-0.006504320073872805,-0.006504320073872805,-0.006504320073872805,human
POU3F3,-0.006499843206256628,-0.006499843206256628,-0.006499843206256628,-0.006499843206256628,human
DENND1C,-0.0063687595538794994,-0.0063687595538794994,-0.0063687595538794994,-0.0063687595538794994,human
MARCO,-0.006356408819556236,-0.006356408819556236,-0.006356408819556236,-0.006356408819556236,human
LAIR2,-0.006139946635812521,-0.006139946635812521,-0.006139946635812521,-0.006139946635812521,human
FYB,-0.006110113579779863,-0.006110113579779863,-0.006110113579779863,-0.006110113579779863,human
MRVI1,-0.0059907385148108006,-0.0059907385148108006,-0.0059907385148108006,-0.0059907385148108006,human
TNFAIP6,-0.005964261945337057,-0.005964261945337057,-0.005964261945337057,-0.005964261945337057,human
TXK,-0.005948842968791723,-0.005948842968791723,-0.005948842968791723,-0.005948842968791723,human
NHLH1,-0.005797137506306171,-0.005797137506306171,-0.005797137506306171,-0.005797137506306171,human
ANKRD22,-0.005763523280620575,-0.005763523280620575,-0.005763523280620575,-0.005763523280620575,human
XAF1,-0.005677620880305767,-0.005677620880305767,-0.005677620880305767,-0.005677620880305767,human
IFIT1,-0.005566215142607689,-0.005566215142607689,-0.005566215142607689,-0.005566215142607689,human
TKTL1,-0.005483119282871485,-0.005483119282871485,-0.005483119282871485,-0.005483119282871485,human
LOC100289090,-0.005448422394692898,-0.005448422394692898,-0.005448422394692898,-0.005448422394692898,human
TRIM22,-0.005425315350294113,-0.005425315350294113,-0.005425315350294113,-0.005425315350294113,human
IL1B,-0.005418067332357168,-0.005418067332357168,-0.005418067332357168,-0.005418067332357168,human
LOC100505622,-0.0053613511845469475,-0.0053613511845469475,-0.0053613511845469475,-0.0053613511845469475,human
LOC100507351,-0.005334701854735613,-0.005334701854735613,-0.005334701854735613,-0.005334701854735613,human
IL6R,-0.005249300040304661,-0.005249300040304661,-0.005249300040304661,-0.005249300040304661,human
KCNJ2,-0.005226207431405783,-0.005226207431405783,-0.005226207431405783,-0.005226207431405783,human
NKX1-2,-0.005177788902074099,-0.005177788902074099,-0.005177788902074099,-0.005177788902074099,human
SLC24A4,-0.005081092473119497,-0.005081092473119497,-0.005081092473119497,-0.005081092473119497,human
MICALCL,-0.004929409362375736,-0.004929409362375736,-0.004929409362375736,-0.004929409362375736,human
CD36,-0.004912073723971844,-0.004912073723971844,-0.004912073723971844,-0.004912073723971844,human
KRT1,-0.004866086877882481,-0.004866086877882481,-0.004866086877882481,-0.004866086877882481,human
CD244,-0.004862481262534857,-0.004862481262534857,-0.004862481262534857,-0.004862481262534857,human
FCGR2B,-0.00479850685223937,-0.00479850685223937,-0.00479850685223937,-0.00479850685223937,human
STEAP4,-0.00470246747136116,-0.00470246747136116,-0.00470246747136116,-0.00470246747136116,human
NEUROG3,-0.004698912613093853,-0.004698912613093853,-0.004698912613093853,-0.004698912613093853,human
SLC22A10,-0.0046937004663050175,-0.0046937004663050175,-0.0046937004663050175,-0.0046937004663050175,human
NPL,-0.004672826733440161,-0.004672826733440161,-0.004672826733440161,-0.004672826733440161,human
FAM131C,-0.004591612610965967,-0.004591612610965967,-0.004591612610965967,-0.004591612610965967,human
SSTR5-AS1,-0.004518670029938221,-0.004518670029938221,-0.004518670029938221,-0.004518670029938221,human
FRY,-0.004502240102738142,-0.004502240102738142,-0.004502240102738142,-0.004502240102738142,human
CLEC12B,-0.004470044746994972,-0.004470044746994972,-0.004470044746994972,-0.004470044746994972,human
PLCXD2,-0.004430531524121761,-0.004430531524121761,-0.004430531524121761,-0.004430531524121761,human
COX6A2,-0.004422423895448446,-0.004422423895448446,-0.004422423895448446,-0.004422423895448446,human
CD247,-0.004400002304464579,-0.004400002304464579,-0.004400002304464579,-0.004400002304464579,human
IFI27,-0.004396349191665649,-0.004396349191665649,-0.004396349191665649,-0.004396349191665649,human
EPSTI1,-0.004304621834307909,-0.004304621834307909,-0.004304621834307909,-0.004304621834307909,human
RASAL3,-0.0042379992082715034,-0.0042379992082715034,-0.0042379992082715034,-0.0042379992082715034,human
LOC100130152,-0.004236331209540367,-0.004236331209540367,-0.004236331209540367,-0.004236331209540367,human
CNTFR,-0.004213953390717506,-0.004213953390717506,-0.004213953390717506,-0.004213953390717506,human
IL18R1,-0.004179077688604593,-0.004179077688604593,-0.004179077688604593,-0.004179077688604593,human
ZFPM1,-0.004167906474322081,-0.004167906474322081,-0.004167906474322081,-0.004167906474322081,human
NKX2-8,-0.004132733214646578,-0.004132733214646578,-0.004132733214646578,-0.004132733214646578,human
GBP4,-0.0041157095693051815,-0.0041157095693051815,-0.0041157095693051815,-0.0041157095693051815,human
TIGIT,-0.0041135698556900024,-0.0041135698556900024,-0.0041135698556900024,-0.0041135698556900024,human
LOC440461,-0.004112673457711935,-0.004112673457711935,-0.004112673457711935,-0.004112673457711935,human
ISG15,-0.004104102961719036,-0.004104102961719036,-0.004104102961719036,-0.004104102961719036,human
PTCRA,-0.003990944009274244,-0.003990944009274244,-0.003990944009274244,-0.003990944009274244,human
XCL1,-0.003981851506978273,-0.003981851506978273,-0.003981851506978273,-0.003981851506978273,human
ABCC13,-0.0039624059572815895,-0.0039624059572815895,-0.0039624059572815895,-0.0039624059572815895,human
SIGLEC5,-0.003932383377104998,-0.003932383377104998,-0.003932383377104998,-0.003932383377104998,human
AMY1C,-0.003925283905118704,-0.003925283905118704,-0.003925283905118704,-0.003925283905118704,human
LOC100130920,-0.003924121614545584,-0.003924121614545584,-0.003924121614545584,-0.003924121614545584,human
CYTH4,-0.003914275206625462,-0.003914275206625462,-0.003914275206625462,-0.003914275206625462,human
SAMD9L,-0.003911180421710014,-0.003911180421710014,-0.003911180421710014,-0.003911180421710014,human
ARG1,-0.003908723127096891,-0.003908723127096891,-0.003908723127096891,-0.003908723127096891,human
SKAP1,-0.003908446989953518,-0.003908446989953518,-0.003908446989953518,-0.003908446989953518,human
CREBRF,-0.003843925194814801,-0.003843925194814801,-0.003843925194814801,-0.003843925194814801,human
GPR153,-0.0037957399617880583,-0.0037957399617880583,-0.0037957399617880583,-0.0037957399617880583,human
ITM2B,-0.0037751561030745506,-0.0037751561030745506,-0.0037751561030745506,-0.0037751561030745506,human
CX3CR1,-0.003771869232878089,-0.003771869232878089,-0.003771869232878089,-0.003771869232878089,human
ASPRV1,-0.003732400480657816,-0.003732400480657816,-0.003732400480657816,-0.003732400480657816,human
AOC2,-0.003696239786222577,-0.003696239786222577,-0.003696239786222577,-0.003696239786222577,human
DCAF4L2,-0.003692054422572255,-0.003692054422572255,-0.003692054422572255,-0.003692054422572255,human
SLAMF8,-0.003598304931074381,-0.003598304931074381,-0.003598304931074381,-0.003598304931074381,human
LOC101928505,-0.0035574142821133137,-0.0035574142821133137,-0.0035574142821133137,-0.0035574142821133137,human
DDX58,-0.0035566457081586123,-0.0035566457081586123,-0.0035566457081586123,-0.0035566457081586123,human
PREX1,-0.0035146076697856188,-0.0035146076697856188,-0.0035146076697856188,-0.0035146076697856188,human
KRTAP2-1,-0.0035052981693297625,-0.0035052981693297625,-0.0035052981693297625,-0.0035052981693297625,human
SLC4A1,-0.0034900542814284563,-0.0034900542814284563,-0.0034900542814284563,-0.0034900542814284563,human
IL21R,-0.0034862919710576534,-0.0034862919710576534,-0.0034862919710576534,-0.0034862919710576534,human
LOC101929680,-0.0034716157242655754,-0.0034716157242655754,-0.0034716157242655754,-0.0034716157242655754,human
FOXH1,-0.0034579914063215256,-0.0034579914063215256,-0.0034579914063215256,-0.0034579914063215256,human
HCG26,-0.0034346773754805326,-0.0034346773754805326,-0.0034346773754805326,-0.0034346773754805326,human
HLA-L,-0.0033887983299791813,-0.0033887983299791813,-0.0033887983299791813,-0.0033887983299791813,human
FLJ36000,-0.0033704659435898066,-0.0033704659435898066,-0.0033704659435898066,-0.0033704659435898066,human
ELFN1,-0.00334214442409575,-0.00334214442409575,-0.00334214442409575,-0.00334214442409575,human
MYBPH,-0.003341465489938855,-0.003341465489938855,-0.003341465489938855,-0.003341465489938855,human
COX7A1,-0.0033294805325567722,-0.0033294805325567722,-0.0033294805325567722,-0.0033294805325567722,human
TARP,-0.00331864133477211,-0.00331864133477211,-0.00331864133477211,-0.00331864133477211,human
LALBA,-0.003310451051220298,-0.003310451051220298,-0.003310451051220298,-0.003310451051220298,human
PTPRE,-0.0033012416679412127,-0.0033012416679412127,-0.0033012416679412127,-0.0033012416679412127,human
LOC101927502,-0.003273041918873787,-0.003273041918873787,-0.003273041918873787,-0.003273041918873787,human
OR10A4,-0.003248030785471201,-0.003248030785471201,-0.003248030785471201,-0.003248030785471201,human
SCRT2,-0.0032472985330969095,-0.0032472985330969095,-0.0032472985330969095,-0.0032472985330969095,human
IL17RA,-0.0032047508284449577,-0.0032047508284449577,-0.0032047508284449577,-0.0032047508284449577,human
GLIPR2,-0.003199431812390685,-0.003199431812390685,-0.003199431812390685,-0.003199431812390685,human
OLFM4,-0.0031732465140521526,-0.0031732465140521526,-0.0031732465140521526,-0.0031732465140521526,human
PPY2,-0.0031601078808307648,-0.0031601078808307648,-0.0031601078808307648,-0.0031601078808307648,human
APOBR,-0.0031412667594850063,-0.0031412667594850063,-0.0031412667594850063,-0.0031412667594850063,human
KIAA0125,-0.003132692538201809,-0.003132692538201809,-0.003132692538201809,-0.003132692538201809,human
RIPK3,-0.0031294459477066994,-0.0031294459477066994,-0.0031294459477066994,-0.0031294459477066994,human
ZSCAN10,-0.003126814030110836,-0.003126814030110836,-0.003126814030110836,-0.003126814030110836,human
DOCK8,-0.0031161049846559763,-0.0031161049846559763,-0.0031161049846559763,-0.0031161049846559763,human
S1PR5,-0.003114101244136691,-0.003114101244136691,-0.003114101244136691,-0.003114101244136691,human
LOC727820,-0.0031138244085013866,-0.0031138244085013866,-0.0031138244085013866,-0.0031138244085013866,human
CLEC1B,-0.003088596509769559,-0.003088596509769559,-0.003088596509769559,-0.003088596509769559,human
NYX,-0.0030403879936784506,-0.0030403879936784506,-0.0030403879936784506,-0.0030403879936784506,human
ATP6V1G2,-0.0030238160397857428,-0.0030238160397857428,-0.0030238160397857428,-0.0030238160397857428,human
SLC31A2,-0.003022710559889674,-0.003022710559889674,-0.003022710559889674,-0.003022710559889674,human
MLC1,-0.0030038098338991404,-0.0030038098338991404,-0.0030038098338991404,-0.0030038098338991404,human
CDC42EP5,-0.0029626074247062206,-0.0029626074247062206,-0.0029626074247062206,-0.0029626074247062206,human
C11orf21,-0.00294442824088037,-0.00294442824088037,-0.00294442824088037,-0.00294442824088037,human
UTS2R,-0.002943027066066861,-0.002943027066066861,-0.002943027066066861,-0.002943027066066861,human
LYN,-0.0029271121602505445,-0.0029271121602505445,-0.0029271121602505445,-0.0029271121602505445,human
CLEC4E,-0.00290413829497993,-0.00290413829497993,-0.00290413829497993,-0.00290413829497993,human
FLJ36848,-0.0028979151975363493,-0.0028979151975363493,-0.0028979151975363493,-0.0028979151975363493,human
KLHL32,-0.0028955508023500443,-0.0028955508023500443,-0.0028955508023500443,-0.0028955508023500443,human
ANGPTL7,-0.002893129363656044,-0.002893129363656044,-0.002893129363656044,-0.002893129363656044,human
RTP4,-0.002882451983168721,-0.002882451983168721,-0.002882451983168721,-0.002882451983168721,human
ADRB2,-0.002876323414966464,-0.002876323414966464,-0.002876323414966464,-0.002876323414966464,human
HERC5,-0.002863351022824645,-0.002863351022824645,-0.002863351022824645,-0.002863351022824645,human
HLA-DRB4,-0.0028603486716747284,-0.0028603486716747284,-0.0028603486716747284,-0.0028603486716747284,human
MPO,-0.002851359313353896,-0.002851359313353896,-0.002851359313353896,-0.002851359313353896,human
IGK,-0.002847241936251521,-0.002847241936251521,-0.002847241936251521,-0.002847241936251521,human
IGKV1-5,-0.0028400584124028683,-0.0028400584124028683,-0.0028400584124028683,-0.0028400584124028683,human
KCNE3,-0.0028348583728075027,-0.0028348583728075027,-0.0028348583728075027,-0.0028348583728075027,human
HPSE,-0.002815623302012682,-0.002815623302012682,-0.002815623302012682,-0.002815623302012682,human
MGAM,-0.002800851594656706,-0.002800851594656706,-0.002800851594656706,-0.002800851594656706,human
HMX2,-0.00279018166474998,-0.00279018166474998,-0.00279018166474998,-0.00279018166474998,human
MYOM2,-0.002781872171908617,-0.002781872171908617,-0.002781872171908617,-0.002781872171908617,human
SMR3A,-0.002741447649896145,-0.002741447649896145,-0.002741447649896145,-0.002741447649896145,human
TAGAP,-0.0026953641790896654,-0.0026953641790896654,-0.0026953641790896654,-0.0026953641790896654,human
SLAMF7,-0.0026889569126069546,-0.0026889569126069546,-0.0026889569126069546,-0.0026889569126069546,human
LOC101928205,-0.002684743842110038,-0.002684743842110038,-0.002684743842110038,-0.002684743842110038,human
ACER1,-0.002681403886526823,-0.002681403886526823,-0.002681403886526823,-0.002681403886526823,human
HMGB4,-0.0026733262930065393,-0.0026733262930065393,-0.0026733262930065393,-0.0026733262930065393,human
SYCE1L,-0.002648778259754181,-0.002648778259754181,-0.002648778259754181,-0.002648778259754181,human
TUBB1,-0.0026365425437688828,-0.0026365425437688828,-0.0026365425437688828,-0.0026365425437688828,human
BPGM,-0.002632951131090522,-0.002632951131090522,-0.002632951131090522,-0.002632951131090522,human
ITGB2,-0.002628560643643141,-0.002628560643643141,-0.002628560643643141,-0.002628560643643141,human
SYTL3,-0.0026214176323264837,-0.0026214176323264837,-0.0026214176323264837,-0.0026214176323264837,human
ANKRD44,-0.0026209524367004633,-0.0026209524367004633,-0.0026209524367004633,-0.0026209524367004633,human
MKRN7P,-0.0026187358889728785,-0.0026187358889728785,-0.0026187358889728785,-0.0026187358889728785,human
GIMAP7,-0.0026023322716355324,-0.0026023322716355324,-0.0026023322716355324,-0.0026023322716355324,human
NPCDR1,-0.0025903305504471064,-0.0025903305504471064,-0.0025903305504471064,-0.0025903305504471064,human
FAM9A,-0.0025704926811158657,-0.0025704926811158657,-0.0025704926811158657,-0.0025704926811158657,human
PLBD1,-0.0025605810806155205,-0.0025605810806155205,-0.0025605810806155205,-0.0025605810806155205,human
NKAPL,-0.0025378104764968157,-0.0025378104764968157,-0.0025378104764968157,-0.0025378104764968157,human
ETV7,-0.002526654629036784,-0.002526654629036784,-0.002526654629036784,-0.002526654629036784,human
PRSS30P,-0.0025251382030546665,-0.0025251382030546665,-0.0025251382030546665,-0.0025251382030546665,human
STOML3,-0.0025211339816451073,-0.0025211339816451073,-0.0025211339816451073,-0.0025211339816451073,human
FLJ22184,-0.002508420730009675,-0.002508420730009675,-0.002508420730009675,-0.002508420730009675,human
GJD4,-0.0024939298164099455,-0.0024939298164099455,-0.0024939298164099455,-0.0024939298164099455,human
BHLHE23,-0.002492910251021385,-0.002492910251021385,-0.002492910251021385,-0.002492910251021385,human
IFI44,-0.0024859656114131212,-0.0024859656114131212,-0.0024859656114131212,-0.0024859656114131212,human
FAM129A,-0.0024711331352591515,-0.0024711331352591515,-0.0024711331352591515,-0.0024711331352591515,human
TTC16,-0.002470039762556553,-0.002470039762556553,-0.002470039762556553,-0.002470039762556553,human
SORL1,-0.0024628255050629377,-0.0024628255050629377,-0.0024628255050629377,-0.0024628255050629377,human
SIGLEC10,-0.0024610927794128656,-0.0024610927794128656,-0.0024610927794128656,-0.0024610927794128656,human
APBB1IP,-0.002460949821397662,-0.002460949821397662,-0.002460949821397662,-0.002460949821397662,human
NAPSB,-0.0024582345504313707,-0.0024582345504313707,-0.0024582345504313707,-0.0024582345504313707,human
FCGR1B,-0.002446637488901615,-0.002446637488901615,-0.002446637488901615,-0.002446637488901615,human
TRIM58,-0.0024463648442178965,-0.0024463648442178965,-0.0024463648442178965,-0.0024463648442178965,human
LRIT1,-0.002445282880216837,-0.002445282880216837,-0.002445282880216837,-0.002445282880216837,human
LEF1-AS1,-0.0024438691325485706,-0.0024438691325485706,-0.0024438691325485706,-0.0024438691325485706,human
EMR2,-0.0024358327500522137,-0.0024358327500522137,-0.0024358327500522137,-0.0024358327500522137,human
LSMEM1,-0.0024325214326381683,-0.0024325214326381683,-0.0024325214326381683,-0.0024325214326381683,human
CHIAP2,-0.0024255423340946436,-0.0024255423340946436,-0.0024255423340946436,-0.0024255423340946436,human
MARCH8,-0.0023884896654635668,-0.0023884896654635668,-0.0023884896654635668,-0.0023884896654635668,human
LOC439951,-0.0023840649519115686,-0.0023840649519115686,-0.0023840649519115686,-0.0023840649519115686,human
PGF,-0.002370978007093072,-0.002370978007093072,-0.002370978007093072,-0.002370978007093072,human
NCF2,-0.002367916749790311,-0.002367916749790311,-0.002367916749790311,-0.002367916749790311,human
DGKG,-0.0023637020494788885,-0.0023637020494788885,-0.0023637020494788885,-0.0023637020494788885,human
PIK3AP1,-0.002338060410693288,-0.002338060410693288,-0.002338060410693288,-0.002338060410693288,human
CST7,-0.0023340729530900717,-0.0023340729530900717,-0.0023340729530900717,-0.0023340729530900717,human
TNFRSF25,-0.0023283623158931732,-0.0023283623158931732,-0.0023283623158931732,-0.0023283623158931732,human
RPL3L,-0.0023140732664614916,-0.0023140732664614916,-0.0023140732664614916,-0.0023140732664614916,human
LRRC4,-0.0023113086353987455,-0.0023113086353987455,-0.0023113086353987455,-0.0023113086353987455,human
LCE5A,-0.0022860111203044653,-0.0022860111203044653,-0.0022860111203044653,-0.0022860111203044653,human
OR2W3,-0.0022716426756232977,-0.0022716426756232977,-0.0022716426756232977,-0.0022716426756232977,human
B3GALT4,-0.002268807264044881,-0.002268807264044881,-0.002268807264044881,-0.002268807264044881,human
IFITM5,-0.002262925496324897,-0.002262925496324897,-0.002262925496324897,-0.002262925496324897,human
CD74,-0.0022595757618546486,-0.0022595757618546486,-0.0022595757618546486,-0.0022595757618546486,human
INPP5D,-0.002250479534268379,-0.002250479534268379,-0.002250479534268379,-0.002250479534268379,human
NCF4,-0.0022443539928644896,-0.0022443539928644896,-0.0022443539928644896,-0.0022443539928644896,human
ZNF784,-0.0022385490592569113,-0.0022385490592569113,-0.0022385490592569113,-0.0022385490592569113,human
TMEM202,-0.002234984887763858,-0.002234984887763858,-0.002234984887763858,-0.002234984887763858,human
PROP1,-0.0022337744012475014,-0.0022337744012475014,-0.0022337744012475014,-0.0022337744012475014,human
POM121L10P,-0.0022224492859095335,-0.0022224492859095335,-0.0022224492859095335,-0.0022224492859095335,human
OAS1,-0.0022183170076459646,-0.0022183170076459646,-0.0022183170076459646,-0.0022183170076459646,human
HEPACAM2,-0.002198817441239953,-0.002198817441239953,-0.002198817441239953,-0.002198817441239953,human
NOVA2,-0.0021978337317705154,-0.0021978337317705154,-0.0021978337317705154,-0.0021978337317705154,human
NELL2,-0.002187063917517662,-0.002187063917517662,-0.002187063917517662,-0.002187063917517662,human
SLC26A8,-0.0021782265976071358,-0.0021782265976071358,-0.0021782265976071358,-0.0021782265976071358,human
C18orf49,-0.0021687981206923723,-0.0021687981206923723,-0.0021687981206923723,-0.0021687981206923723,human
CEACAM21,-0.0021683608647435904,-0.0021683608647435904,-0.0021683608647435904,-0.0021683608647435904,human
FLT3,-0.0021644302178174257,-0.0021644302178174257,-0.0021644302178174257,-0.0021644302178174257,human
PYHIN1,-0.002163574332371354,-0.002163574332371354,-0.002163574332371354,-0.002163574332371354,human
PARP9,-0.0021604089997708797,-0.0021604089997708797,-0.0021604089997708797,-0.0021604089997708797,human
SIGLEC1,-0.002158042509108782,-0.002158042509108782,-0.002158042509108782,-0.002158042509108782,human
LOC100288069,-0.0021573244594037533,-0.0021573244594037533,-0.0021573244594037533,-0.0021573244594037533,human
C17orf96,-0.00214935839176178,-0.00214935839176178,-0.00214935839176178,-0.00214935839176178,human
LAT2,-0.002135216724127531,-0.002135216724127531,-0.002135216724127531,-0.002135216724127531,human
SLC36A3,-0.0020968473982065916,-0.0020968473982065916,-0.0020968473982065916,-0.0020968473982065916,human
CYP4F3,-0.0020947589073330164,-0.0020947589073330164,-0.0020947589073330164,-0.0020947589073330164,human
TPRG1-AS1,-0.0020822130609303713,-0.0020822130609303713,-0.0020822130609303713,-0.0020822130609303713,human
KLHL34,-0.0020814165472984314,-0.0020814165472984314,-0.0020814165472984314,-0.0020814165472984314,human
SOX15,-0.0020810835994780064,-0.0020810835994780064,-0.0020810835994780064,-0.0020810835994780064,human
KLRG1,-0.002075854456052184,-0.002075854456052184,-0.002075854456052184,-0.002075854456052184,human
MDS2,-0.002062567975372076,-0.002062567975372076,-0.002062567975372076,-0.002062567975372076,human
APOBEC3G,-0.0020566657185554504,-0.0020566657185554504,-0.0020566657185554504,-0.0020566657185554504,human
IFIT5,-0.002056300174444914,-0.002056300174444914,-0.002056300174444914,-0.002056300174444914,human
LRRN3,-0.002054557902738452,-0.002054557902738452,-0.002054557902738452,-0.002054557902738452,human
MS4A14,-0.0020523821003735065,-0.0020523821003735065,-0.0020523821003735065,-0.0020523821003735065,human
TNK2-AS1,-0.002051206771284342,-0.002051206771284342,-0.002051206771284342,-0.002051206771284342,human
ALOX15B,-0.0020505799911916256,-0.0020505799911916256,-0.0020505799911916256,-0.0020505799911916256,human
GPR150,-0.0020489078015089035,-0.0020489078015089035,-0.0020489078015089035,-0.0020489078015089035,human
C3orf49,-0.0020423633977770805,-0.0020423633977770805,-0.0020423633977770805,-0.0020423633977770805,human
FAM209A,-0.0020417633932083845,-0.0020417633932083845,-0.0020417633932083845,-0.0020417633932083845,human
CXorf65,-0.00203722738660872,-0.00203722738660872,-0.00203722738660872,-0.00203722738660872,human
HBG2,-0.0020362273789942265,-0.0020362273789942265,-0.0020362273789942265,-0.0020362273789942265,human
TBC1D10C,-0.0020305768121033907,-0.0020305768121033907,-0.0020305768121033907,-0.0020305768121033907,human
TMEM239,-0.002019984647631645,-0.002019984647631645,-0.002019984647631645,-0.002019984647631645,human
LINC00341,-0.0020167077891528606,-0.0020167077891528606,-0.0020167077891528606,-0.0020167077891528606,human
ACTA2-AS1,-0.0020033884793519974,-0.0020033884793519974,-0.0020033884793519974,-0.0020033884793519974,human
MXD1,-0.00199776329100132,-0.00199776329100132,-0.00199776329100132,-0.00199776329100132,human
DDX60L,-0.001995439175516367,-0.001995439175516367,-0.001995439175516367,-0.001995439175516367,human
DCAF12,-0.0019947290420532227,-0.0019947290420532227,-0.0019947290420532227,-0.0019947290420532227,human
CD300A,-0.0019915804732590914,-0.0019915804732590914,-0.0019915804732590914,-0.0019915804732590914,human
ASAP1-IT1,-0.0019795242697000504,-0.0019795242697000504,-0.0019795242697000504,-0.0019795242697000504,human
PTGDR,-0.001976896310225129,-0.001976896310225129,-0.001976896310225129,-0.001976896310225129,human
PCDHGB8P,-0.001960617722943425,-0.001960617722943425,-0.001960617722943425,-0.001960617722943425,human
MAP3K7CL,-0.001941199996508658,-0.001941199996508658,-0.001941199996508658,-0.001941199996508658,human
SYNGR4,-0.0019301780266687274,-0.0019301780266687274,-0.0019301780266687274,-0.0019301780266687274,human
PROKR1,-0.001922043738886714,-0.001922043738886714,-0.001922043738886714,-0.001922043738886714,human
FGL2,-0.0019218580564484,-0.0019218580564484,-0.0019218580564484,-0.0019218580564484,human
TREML2,-0.0019216713262721896,-0.0019216713262721896,-0.0019216713262721896,-0.0019216713262721896,human
POT1-AS1,-0.0019140731310471892,-0.0019140731310471892,-0.0019140731310471892,-0.0019140731310471892,human
AGAP2,-0.001906849443912506,-0.001906849443912506,-0.001906849443912506,-0.001906849443912506,human
ACSL6,-0.0019049602560698986,-0.0019049602560698986,-0.0019049602560698986,-0.0019049602560698986,human
P2RX2,-0.001895503606647253,-0.001895503606647253,-0.001895503606647253,-0.001895503606647253,human
XK,-0.0018945769406855106,-0.0018945769406855106,-0.0018945769406855106,-0.0018945769406855106,human
CD19,-0.0018851161003112793,-0.0018851161003112793,-0.0018851161003112793,-0.0018851161003112793,human
C21orf54,-0.001878999057225883,-0.001878999057225883,-0.001878999057225883,-0.001878999057225883,human
PSMB9,-0.0018762925174087286,-0.0018762925174087286,-0.0018762925174087286,-0.0018762925174087286,human
GPR142,-0.00187558529432863,-0.00187558529432863,-0.00187558529432863,-0.00187558529432863,human
SLCO1B3,-0.0018748408183455467,-0.0018748408183455467,-0.0018748408183455467,-0.0018748408183455467,human
SUSD3,-0.0018681141082197428,-0.0018681141082197428,-0.0018681141082197428,-0.0018681141082197428,human
RGPD4-AS1,-0.0018673022277653217,-0.0018673022277653217,-0.0018673022277653217,-0.0018673022277653217,human
S1PR1,-0.001866451115347445,-0.001866451115347445,-0.001866451115347445,-0.001866451115347445,human
OR2A25,-0.0018649238627403975,-0.0018649238627403975,-0.0018649238627403975,-0.0018649238627403975,human
MMP20,-0.00185960007365793,-0.00185960007365793,-0.00185960007365793,-0.00185960007365793,human
PLXDC2,-0.0018575801514089108,-0.0018575801514089108,-0.0018575801514089108,-0.0018575801514089108,human
PTH,-0.0018524881452322006,-0.0018524881452322006,-0.0018524881452322006,-0.0018524881452322006,human
PSKH2,-0.0018519648583605886,-0.0018519648583605886,-0.0018519648583605886,-0.0018519648583605886,human
FOXN2,-0.0018407008610665798,-0.0018407008610665798,-0.0018407008610665798,-0.0018407008610665798,human
NAPSA,-0.0018397376406937838,-0.0018397376406937838,-0.0018397376406937838,-0.0018397376406937838,human
KCNQ1,-0.0018389377510175109,-0.0018389377510175109,-0.0018389377510175109,-0.0018389377510175109,human
RNF149,-0.0018362643895670772,-0.0018362643895670772,-0.0018362643895670772,-0.0018362643895670772,human
RNF213,-0.0018213499570265412,-0.0018213499570265412,-0.0018213499570265412,-0.0018213499570265412,human
CPB1,-0.0018184329383075237,-0.0018184329383075237,-0.0018184329383075237,-0.0018184329383075237,human
ADH1B,-0.0018166713416576385,-0.0018166713416576385,-0.0018166713416576385,-0.0018166713416576385,human
CD300C,-0.0018124032067134976,-0.0018124032067134976,-0.0018124032067134976,-0.0018124032067134976,human
MMP13,-0.0018112373072654009,-0.0018112373072654009,-0.0018112373072654009,-0.0018112373072654009,human
MAP2K3,-0.0018060407601296902,-0.0018060407601296902,-0.0018060407601296902,-0.0018060407601296902,human
ROPN1L-AS1,-0.0018027834594249725,-0.0018027834594249725,-0.0018027834594249725,-0.0018027834594249725,human
FMNL1,-0.001796638360247016,-0.001796638360247016,-0.001796638360247016,-0.001796638360247016,human
LINC01278,-0.001794369425624609,-0.001794369425624609,-0.001794369425624609,-0.001794369425624609,human
OR1L3,-0.001786937122233212,-0.001786937122233212,-0.001786937122233212,-0.001786937122233212,human
IRF2BPL,-0.0017858812352642417,-0.0017858812352642417,-0.0017858812352642417,-0.0017858812352642417,human
NLRP10,-0.0017843557288870215,-0.0017843557288870215,-0.0017843557288870215,-0.0017843557288870215,human
TNFSF13B,-0.0017838202184066176,-0.0017838202184066176,-0.0017838202184066176,-0.0017838202184066176,human
ALS2CR12,-0.0017830260330811143,-0.0017830260330811143,-0.0017830260330811143,-0.0017830260330811143,human
FASLG,-0.0017829930875450373,-0.0017829930875450373,-0.0017829930875450373,-0.0017829930875450373,human
BATF2,-0.0017825884278863668,-0.0017825884278863668,-0.0017825884278863668,-0.0017825884278863668,human
PIP4K2A,-0.0017738624010235071,-0.0017738624010235071,-0.0017738624010235071,-0.0017738624010235071,human
OAS2,-0.0017730274703353643,-0.0017730274703353643,-0.0017730274703353643,-0.0017730274703353643,human
TTPA,-0.0017647636123001575,-0.0017647636123001575,-0.0017647636123001575,-0.0017647636123001575,human
TMEM140,-0.0017599104903638363,-0.0017599104903638363,-0.0017599104903638363,-0.0017599104903638363,human
SLED1,-0.001759472768753767,-0.001759472768753767,-0.001759472768753767,-0.001759472768753767,human
MPP1,-0.0017588583286851645,-0.0017588583286851645,-0.0017588583286851645,-0.0017588583286851645,human
WDR88,-0.0017577341059222817,-0.0017577341059222817,-0.0017577341059222817,-0.0017577341059222817,human
SESN3,-0.0017545889131724834,-0.0017545889131724834,-0.0017545889131724834,-0.0017545889131724834,human
TECPR2,-0.0017500909743830562,-0.0017500909743830562,-0.0017500909743830562,-0.0017500909743830562,human
ZBP1,-0.0017407566774636507,-0.0017407566774636507,-0.0017407566774636507,-0.0017407566774636507,human
OAS3,-0.001736121834255755,-0.001736121834255755,-0.001736121834255755,-0.001736121834255755,human
FAM46C,-0.0017357508186250925,-0.0017357508186250925,-0.0017357508186250925,-0.0017357508186250925,human
