gene_symbol,logfc_dz:879,mean_logfc,median_logfc,common_experiment,organism
RPS3A,0.1780146211385727,0.1780146211385727,0.1780146211385727,0.1780146211385727,human
RPS12,0.1672039031982422,0.1672039031982422,0.1672039031982422,0.1672039031982422,human
RPL24,0.13120408356189728,0.13120408356189728,0.13120408356189728,0.13120408356189728,human
JUNB,0.11703873425722122,0.11703873425722122,0.11703873425722122,0.11703873425722122,human
TUBA1A,0.10825808346271515,0.10825808346271515,0.10825808346271515,0.10825808346271515,human
RPS17,0.09896469861268997,0.09896469861268997,0.09896469861268997,0.09896469861268997,human
RPL41,0.0925586000084877,0.0925586000084877,0.0925586000084877,0.0925586000084877,human
RPL4,0.09073801338672638,0.09073801338672638,0.09073801338672638,0.09073801338672638,human
FAU,0.08184996992349625,0.08184996992349625,0.08184996992349625,0.08184996992349625,human
RPL8,0.08130951970815659,0.08130951970815659,0.08130951970815659,0.08130951970815659,human
CCL4,0.0810486301779747,0.0810486301779747,0.0810486301779747,0.0810486301779747,human
TMSB4XP8,0.07988618314266205,0.07988618314266205,0.07988618314266205,0.07988618314266205,human
EEF1B2,0.07657290995121002,0.07657290995121002,0.07657290995121002,0.07657290995121002,human
TUBA1C,0.07351551204919815,0.07351551204919815,0.07351551204919815,0.07351551204919815,human
SNRPD2,0.07298944145441055,0.07298944145441055,0.07298944145441055,0.07298944145441055,human
RPS14P3,0.07229804992675781,0.07229804992675781,0.07229804992675781,0.07229804992675781,human
CD3D,0.07167397439479828,0.07167397439479828,0.07167397439479828,0.07167397439479828,human
TIMP1,0.07140820473432541,0.07140820473432541,0.07140820473432541,0.07140820473432541,human
TNFAIP3,0.07052423059940338,0.07052423059940338,0.07052423059940338,0.07052423059940338,human
RPL12,0.06549297273159027,0.06549297273159027,0.06549297273159027,0.06549297273159027,human
KLF10,0.06360714882612228,0.06360714882612228,0.06360714882612228,0.06360714882612228,human
RPL32,0.0630166158080101,0.0630166158080101,0.0630166158080101,0.0630166158080101,human
RPL29,0.06191638857126236,0.06191638857126236,0.06191638857126236,0.06191638857126236,human
COMMD6,0.06181766092777252,0.06181766092777252,0.06181766092777252,0.06181766092777252,human
PPBP,0.0596904531121254,0.0596904531121254,0.0596904531121254,0.0596904531121254,human
LRRC75A-AS1,0.058096401393413544,0.058096401393413544,0.058096401393413544,0.058096401393413544,human
ZFP36,0.05762240290641785,0.05762240290641785,0.05762240290641785,0.05762240290641785,human
RPL23A,0.05656946077942848,0.05656946077942848,0.05656946077942848,0.05656946077942848,human
RPSA,0.05595819279551506,0.05595819279551506,0.05595819279551506,0.05595819279551506,human
IFITM1,0.05431752651929855,0.05431752651929855,0.05431752651929855,0.05431752651929855,human
ATP5E,0.05397365987300873,0.05397365987300873,0.05397365987300873,0.05397365987300873,human
HSPA8,0.052663423120975494,0.052663423120975494,0.052663423120975494,0.052663423120975494,human
LDHA,0.05184820294380188,0.05184820294380188,0.05184820294380188,0.05184820294380188,human
FUT8-AS1,0.051603421568870544,0.051603421568870544,0.051603421568870544,0.051603421568870544,human
TPT1,0.051025960594415665,0.051025960594415665,0.051025960594415665,0.051025960594415665,human
CMBL,0.04954427480697632,0.04954427480697632,0.04954427480697632,0.04954427480697632,human
RPLP1,0.04836035892367363,0.04836035892367363,0.04836035892367363,0.04836035892367363,human
LDHB,0.048148754984140396,0.048148754984140396,0.048148754984140396,0.048148754984140396,human
RPL34,0.04802640527486801,0.04802640527486801,0.04802640527486801,0.04802640527486801,human
C4orf46,0.04796171188354492,0.04796171188354492,0.04796171188354492,0.04796171188354492,human
RPS5,0.047806717455387115,0.047806717455387115,0.047806717455387115,0.047806717455387115,human
RPL27,0.047685060650110245,0.047685060650110245,0.047685060650110245,0.047685060650110245,human
RPS4Y1,0.04768427088856697,0.04768427088856697,0.04768427088856697,0.04768427088856697,human
SNHG5,0.04733851179480553,0.04733851179480553,0.04733851179480553,0.04733851179480553,human
RPS20,0.046148646622896194,0.046148646622896194,0.046148646622896194,0.046148646622896194,human
RPL7A,0.04603824019432068,0.04603824019432068,0.04603824019432068,0.04603824019432068,human
SMAD7,0.04558713361620903,0.04558713361620903,0.04558713361620903,0.04558713361620903,human
CXCL3,0.04356690123677254,0.04356690123677254,0.04356690123677254,0.04356690123677254,human
NSA2,0.04240087419748306,0.04240087419748306,0.04240087419748306,0.04240087419748306,human
EIF3E,0.0417703278362751,0.0417703278362751,0.0417703278362751,0.0417703278362751,human
CXCR4,0.04154174029827118,0.04154174029827118,0.04154174029827118,0.04154174029827118,human
RPL22,0.04067829251289368,0.04067829251289368,0.04067829251289368,0.04067829251289368,human
RPLP0,0.03995535522699356,0.03995535522699356,0.03995535522699356,0.03995535522699356,human
FOS,0.03992078825831413,0.03992078825831413,0.03992078825831413,0.03992078825831413,human
SERPINB2,0.039751600474119186,0.039751600474119186,0.039751600474119186,0.039751600474119186,human
YPEL5,0.039390772581100464,0.039390772581100464,0.039390772581100464,0.039390772581100464,human
HK2,0.03935186192393303,0.03935186192393303,0.03935186192393303,0.03935186192393303,human
RPLP0P6,0.037387698888778687,0.037387698888778687,0.037387698888778687,0.037387698888778687,human
PFDN5,0.037204671651124954,0.037204671651124954,0.037204671651124954,0.037204671651124954,human
EVI2B,0.037081874907016754,0.037081874907016754,0.037081874907016754,0.037081874907016754,human
RPS7,0.036813415586948395,0.036813415586948395,0.036813415586948395,0.036813415586948395,human
IL7R,0.03643663972616196,0.03643663972616196,0.03643663972616196,0.03643663972616196,human
COX6C,0.03616398572921753,0.03616398572921753,0.03616398572921753,0.03616398572921753,human
KLRB1,0.03614798188209534,0.03614798188209534,0.03614798188209534,0.03614798188209534,human
SNHG6,0.03607425466179848,0.03607425466179848,0.03607425466179848,0.03607425466179848,human
RPS29,0.03606317564845085,0.03606317564845085,0.03606317564845085,0.03606317564845085,human
HIF1A,0.03604038432240486,0.03604038432240486,0.03604038432240486,0.03604038432240486,human
RPL10,0.03464379906654358,0.03464379906654358,0.03464379906654358,0.03464379906654358,human
RPL3,0.03462853655219078,0.03462853655219078,0.03462853655219078,0.03462853655219078,human
MYL12B,0.034371186047792435,0.034371186047792435,0.034371186047792435,0.034371186047792435,human
RPS8,0.03413977473974228,0.03413977473974228,0.03413977473974228,0.03413977473974228,human
RPS25,0.034136392176151276,0.034136392176151276,0.034136392176151276,0.034136392176151276,human
NPM1,0.03405645117163658,0.03405645117163658,0.03405645117163658,0.03405645117163658,human
FBL,0.03360232338309288,0.03360232338309288,0.03360232338309288,0.03360232338309288,human
RPL36A,0.0334588922560215,0.0334588922560215,0.0334588922560215,0.0334588922560215,human
CD52,0.032537538558244705,0.032537538558244705,0.032537538558244705,0.032537538558244705,human
RPS10,0.0323907807469368,0.0323907807469368,0.0323907807469368,0.0323907807469368,human
ZNF611,0.03212985768914223,0.03212985768914223,0.03212985768914223,0.03212985768914223,human
USMG5,0.031907305121421814,0.031907305121421814,0.031907305121421814,0.031907305121421814,human
S100A4,0.031439825892448425,0.031439825892448425,0.031439825892448425,0.031439825892448425,human
GADD45B,0.03115527145564556,0.03115527145564556,0.03115527145564556,0.03115527145564556,human
CCR5,0.030491622164845467,0.030491622164845467,0.030491622164845467,0.030491622164845467,human
NDUFB1,0.029954802244901657,0.029954802244901657,0.029954802244901657,0.029954802244901657,human
GTF2H3,0.02991517260670662,0.02991517260670662,0.02991517260670662,0.02991517260670662,human
CD97,0.02906002290546894,0.02906002290546894,0.02906002290546894,0.02906002290546894,human
GPR183,0.02853783220052719,0.02853783220052719,0.02853783220052719,0.02853783220052719,human
CFAP20,0.02841286174952984,0.02841286174952984,0.02841286174952984,0.02841286174952984,human
TOB1,0.02831973508000374,0.02831973508000374,0.02831973508000374,0.02831973508000374,human
ATP5F1,0.02820042334496975,0.02820042334496975,0.02820042334496975,0.02820042334496975,human
LOC728825,0.02787134051322937,0.02787134051322937,0.02787134051322937,0.02787134051322937,human
ITM2A,0.0276687890291214,0.0276687890291214,0.0276687890291214,0.0276687890291214,human
RPL21,0.027496337890625,0.027496337890625,0.027496337890625,0.027496337890625,human
IFI30,0.02732129953801632,0.02732129953801632,0.02732129953801632,0.02732129953801632,human
C16orf54,0.027168745175004005,0.027168745175004005,0.027168745175004005,0.027168745175004005,human
COX7C,0.027078498154878616,0.027078498154878616,0.027078498154878616,0.027078498154878616,human
BCAS2,0.0268387570977211,0.0268387570977211,0.0268387570977211,0.0268387570977211,human
RPL6,0.026770256459712982,0.026770256459712982,0.026770256459712982,0.026770256459712982,human
NACAP1,0.026729552075266838,0.026729552075266838,0.026729552075266838,0.026729552075266838,human
PIM1,0.026622846722602844,0.026622846722602844,0.026622846722602844,0.026622846722602844,human
PCBP1,0.026105398312211037,0.026105398312211037,0.026105398312211037,0.026105398312211037,human
ATP5H,0.02595401555299759,0.02595401555299759,0.02595401555299759,0.02595401555299759,human
PGF,0.025864511728286743,0.025864511728286743,0.025864511728286743,0.025864511728286743,human
LINC00092,0.025553742423653603,0.025553742423653603,0.025553742423653603,0.025553742423653603,human
CXCL1,0.02555275894701481,0.02555275894701481,0.02555275894701481,0.02555275894701481,human
RPS24,0.025546640157699585,0.025546640157699585,0.025546640157699585,0.025546640157699585,human
UXT,0.025238115340471268,0.025238115340471268,0.025238115340471268,0.025238115340471268,human
RPL7,0.0250812079757452,0.0250812079757452,0.0250812079757452,0.0250812079757452,human
CHCHD2,0.024497544392943382,0.024497544392943382,0.024497544392943382,0.024497544392943382,human
ARRDC2,0.024407347664237022,0.024407347664237022,0.024407347664237022,0.024407347664237022,human
RPS27,0.02440466359257698,0.02440466359257698,0.02440466359257698,0.02440466359257698,human
FTH1P5,0.024295268580317497,0.024295268580317497,0.024295268580317497,0.024295268580317497,human
SELK,0.02397553063929081,0.02397553063929081,0.02397553063929081,0.02397553063929081,human
ERP29,0.023888034746050835,0.023888034746050835,0.023888034746050835,0.023888034746050835,human
G0S2,0.023609088733792305,0.023609088733792305,0.023609088733792305,0.023609088733792305,human
RSL24D1,0.022989673539996147,0.022989673539996147,0.022989673539996147,0.022989673539996147,human
SBDSP1,0.02262338437139988,0.02262338437139988,0.02262338437139988,0.02262338437139988,human
ODC1,0.022555865347385406,0.022555865347385406,0.022555865347385406,0.022555865347385406,human
MORF4L1,0.022363649681210518,0.022363649681210518,0.022363649681210518,0.022363649681210518,human
RGS2,0.02235409989953041,0.02235409989953041,0.02235409989953041,0.02235409989953041,human
OST4,0.022345375269651413,0.022345375269651413,0.022345375269651413,0.022345375269651413,human
RPL22L1,0.022327536717057228,0.022327536717057228,0.022327536717057228,0.022327536717057228,human
CCNH,0.022234875708818436,0.022234875708818436,0.022234875708818436,0.022234875708818436,human
HNRNPA1,0.02161353826522827,0.02161353826522827,0.02161353826522827,0.02161353826522827,human
PHB2,0.021603206172585487,0.021603206172585487,0.021603206172585487,0.021603206172585487,human
CTSL,0.021376650780439377,0.021376650780439377,0.021376650780439377,0.021376650780439377,human
RGS18,0.021153956651687622,0.021153956651687622,0.021153956651687622,0.021153956651687622,human
NDUFA4,0.02096646837890148,0.02096646837890148,0.02096646837890148,0.02096646837890148,human
NDEL1,0.020891044288873672,0.020891044288873672,0.020891044288873672,0.020891044288873672,human
TUBB2A,0.020561635494232178,0.020561635494232178,0.020561635494232178,0.020561635494232178,human
RGS1,0.020421503111720085,0.020421503111720085,0.020421503111720085,0.020421503111720085,human
FOSB,0.020347073674201965,0.020347073674201965,0.020347073674201965,0.020347073674201965,human
NME1-NME2,0.020340312272310257,0.020340312272310257,0.020340312272310257,0.020340312272310257,human
PSMB4,0.02010474167764187,0.02010474167764187,0.02010474167764187,0.02010474167764187,human
MYADM,0.020052319392561913,0.020052319392561913,0.020052319392561913,0.020052319392561913,human
RPL31,0.019985029473900795,0.019985029473900795,0.019985029473900795,0.019985029473900795,human
CCL3L3,0.01992812380194664,0.01992812380194664,0.01992812380194664,0.01992812380194664,human
ZC3H12D,0.019877973943948746,0.019877973943948746,0.019877973943948746,0.019877973943948746,human
BTF3,0.01985705830156803,0.01985705830156803,0.01985705830156803,0.01985705830156803,human
ARRDC3,0.019636066630482674,0.019636066630482674,0.019636066630482674,0.019636066630482674,human
TMEM14B,0.01956990920007229,0.01956990920007229,0.01956990920007229,0.01956990920007229,human
GAPDH,0.019550640136003494,0.019550640136003494,0.019550640136003494,0.019550640136003494,human
NDUFA1,0.01947319693863392,0.01947319693863392,0.01947319693863392,0.01947319693863392,human
DYNLT3,0.019362086430191994,0.019362086430191994,0.019362086430191994,0.019362086430191994,human
TRBC1,0.01932387240231037,0.01932387240231037,0.01932387240231037,0.01932387240231037,human
COX7A2,0.019247788935899734,0.019247788935899734,0.019247788935899734,0.019247788935899734,human
SNHG1,0.01903502643108368,0.01903502643108368,0.01903502643108368,0.01903502643108368,human
DUSP2,0.018869878724217415,0.018869878724217415,0.018869878724217415,0.018869878724217415,human
NACA,0.018678409978747368,0.018678409978747368,0.018678409978747368,0.018678409978747368,human
ATP5L,0.018485011532902718,0.018485011532902718,0.018485011532902718,0.018485011532902718,human
KLF6,0.018163489177823067,0.018163489177823067,0.018163489177823067,0.018163489177823067,human
GAS5,0.018083907663822174,0.018083907663822174,0.018083907663822174,0.018083907663822174,human
TUBA1B,0.01802777126431465,0.01802777126431465,0.01802777126431465,0.01802777126431465,human
PPA1,0.0179912056773901,0.0179912056773901,0.0179912056773901,0.0179912056773901,human
H1FX,0.01788587123155594,0.01788587123155594,0.01788587123155594,0.01788587123155594,human
HMGB2,0.017771786078810692,0.017771786078810692,0.017771786078810692,0.017771786078810692,human
RPL5,0.017749665305018425,0.017749665305018425,0.017749665305018425,0.017749665305018425,human
PTPRO,0.017564086243510246,0.017564086243510246,0.017564086243510246,0.017564086243510246,human
GMFG,0.017430588603019714,0.017430588603019714,0.017430588603019714,0.017430588603019714,human
IER5,0.017397494986653328,0.017397494986653328,0.017397494986653328,0.017397494986653328,human
GABARAPL3,0.017388325184583664,0.017388325184583664,0.017388325184583664,0.017388325184583664,human
SARAF,0.01729702576994896,0.01729702576994896,0.01729702576994896,0.01729702576994896,human
HLA-C,0.017230316996574402,0.017230316996574402,0.017230316996574402,0.017230316996574402,human
ATP5I,0.01711101457476616,0.01711101457476616,0.01711101457476616,0.01711101457476616,human
MORF4,0.017047908157110214,0.017047908157110214,0.017047908157110214,0.017047908157110214,human
PTP4A2,0.016461942344903946,0.016461942344903946,0.016461942344903946,0.016461942344903946,human
GPX1,0.016327448189258575,0.016327448189258575,0.016327448189258575,0.016327448189258575,human
MIR1244-2,0.01624276302754879,0.01624276302754879,0.01624276302754879,0.01624276302754879,human
SLC2A3,0.015920542180538177,0.015920542180538177,0.015920542180538177,0.015920542180538177,human
CCNG1,0.015919458121061325,0.015919458121061325,0.015919458121061325,0.015919458121061325,human
EEF1A1,0.015868840739130974,0.015868840739130974,0.015868840739130974,0.015868840739130974,human
UQCR11,0.01583407074213028,0.01583407074213028,0.01583407074213028,0.01583407074213028,human
TRAT1,0.01579371839761734,0.01579371839761734,0.01579371839761734,0.01579371839761734,human
LINC00520,0.015336011536419392,0.015336011536419392,0.015336011536419392,0.015336011536419392,human
NDUFB11,0.015287408605217934,0.015287408605217934,0.015287408605217934,0.015287408605217934,human
LOC728026,0.015158279798924923,0.015158279798924923,0.015158279798924923,0.015158279798924923,human
LINC00936,0.015022779814898968,0.015022779814898968,0.015022779814898968,0.015022779814898968,human
RNF11,0.014979075640439987,0.014979075640439987,0.014979075640439987,0.014979075640439987,human
RPS14,0.014954324811697006,0.014954324811697006,0.014954324811697006,0.014954324811697006,human
UBA2,0.01495387777686119,0.01495387777686119,0.01495387777686119,0.01495387777686119,human
TSC22D3,0.01488838717341423,0.01488838717341423,0.01488838717341423,0.01488838717341423,human
ITM2B,0.014831196516752243,0.014831196516752243,0.014831196516752243,0.014831196516752243,human
TUBA4A,0.014729943126440048,0.014729943126440048,0.014729943126440048,0.014729943126440048,human
ARPC3,0.014664086513221264,0.014664086513221264,0.014664086513221264,0.014664086513221264,human
GNAO1,0.014641618356108665,0.014641618356108665,0.014641618356108665,0.014641618356108665,human
TMA7,0.014446819201111794,0.014446819201111794,0.014446819201111794,0.014446819201111794,human
HSD17B11,0.014377684332430363,0.014377684332430363,0.014377684332430363,0.014377684332430363,human
LOC100287628,0.014323310926556587,0.014323310926556587,0.014323310926556587,0.014323310926556587,human
IDI1,0.01427070889621973,0.01427070889621973,0.01427070889621973,0.01427070889621973,human
NDUFA2,0.01413019746541977,0.01413019746541977,0.01413019746541977,0.01413019746541977,human
YWHAQ,0.014111527241766453,0.014111527241766453,0.014111527241766453,0.014111527241766453,human
SNX18,0.014109039679169655,0.014109039679169655,0.014109039679169655,0.014109039679169655,human
RPS21,0.014035152271389961,0.014035152271389961,0.014035152271389961,0.014035152271389961,human
CARD16,0.013936816714704037,0.013936816714704037,0.013936816714704037,0.013936816714704037,human
NDUFB6,0.01393221877515316,0.01393221877515316,0.01393221877515316,0.01393221877515316,human
DSTN,0.013736020773649216,0.013736020773649216,0.013736020773649216,0.013736020773649216,human
SNORD50B,0.01364415604621172,0.01364415604621172,0.01364415604621172,0.01364415604621172,human
ATF4,0.01350859459489584,0.01350859459489584,0.01350859459489584,0.01350859459489584,human
GPR18,0.01319450419396162,0.01319450419396162,0.01319450419396162,0.01319450419396162,human
ANXA7,0.013127975165843964,0.013127975165843964,0.013127975165843964,0.013127975165843964,human
ANKRD13A,0.013086221180856228,0.013086221180856228,0.013086221180856228,0.013086221180856228,human
UQCRB,0.013077625073492527,0.013077625073492527,0.013077625073492527,0.013077625073492527,human
ATP5O,0.013013954274356365,0.013013954274356365,0.013013954274356365,0.013013954274356365,human
NGFRAP1,0.012996966019272804,0.012996966019272804,0.012996966019272804,0.012996966019272804,human
MSN,0.012978333048522472,0.012978333048522472,0.012978333048522472,0.012978333048522472,human
ATP6,0.0129270413890481,0.0129270413890481,0.0129270413890481,0.0129270413890481,human
SLC25A5,0.012910519726574421,0.012910519726574421,0.012910519726574421,0.012910519726574421,human
HBB,-0.2036643773317337,-0.2036643773317337,-0.2036643773317337,-0.2036643773317337,human
HBA2,-0.19166827201843262,-0.19166827201843262,-0.19166827201843262,-0.19166827201843262,human
RPS15,-0.1361159086227417,-0.1361159086227417,-0.1361159086227417,-0.1361159086227417,human
DCAF6,-0.1287527084350586,-0.1287527084350586,-0.1287527084350586,-0.1287527084350586,human
COX1,-0.12531253695487976,-0.12531253695487976,-0.12531253695487976,-0.12531253695487976,human
S100A8,-0.12448154389858246,-0.12448154389858246,-0.12448154389858246,-0.12448154389858246,human
LOC100289079,-0.11461998522281647,-0.11461998522281647,-0.11461998522281647,-0.11461998522281647,human
PABPC3,-0.11257586628198624,-0.11257586628198624,-0.11257586628198624,-0.11257586628198624,human
VIPR2,-0.10956188291311264,-0.10956188291311264,-0.10956188291311264,-0.10956188291311264,human
HSPA1B,-0.10555202513933182,-0.10555202513933182,-0.10555202513933182,-0.10555202513933182,human
S100A9,-0.09961025416851044,-0.09961025416851044,-0.09961025416851044,-0.09961025416851044,human
IL1B,-0.09877073764801025,-0.09877073764801025,-0.09877073764801025,-0.09877073764801025,human
P2RY8,-0.08966727554798126,-0.08966727554798126,-0.08966727554798126,-0.08966727554798126,human
LYZ,-0.08764936029911041,-0.08764936029911041,-0.08764936029911041,-0.08764936029911041,human
UBA52,-0.07101725786924362,-0.07101725786924362,-0.07101725786924362,-0.07101725786924362,human
HSPA1A,-0.07073500007390976,-0.07073500007390976,-0.07073500007390976,-0.07073500007390976,human
PFKFB3,-0.06709428131580353,-0.06709428131580353,-0.06709428131580353,-0.06709428131580353,human
NFKBIZ,-0.06607665866613388,-0.06607665866613388,-0.06607665866613388,-0.06607665866613388,human
HSPA6,-0.06607665866613388,-0.06607665866613388,-0.06607665866613388,-0.06607665866613388,human
RPS26,-0.06554295122623444,-0.06554295122623444,-0.06554295122623444,-0.06554295122623444,human
RGPD6,-0.06087372452020645,-0.06087372452020645,-0.06087372452020645,-0.06087372452020645,human
GLTSCR2,-0.060503121465444565,-0.060503121465444565,-0.060503121465444565,-0.060503121465444565,human
ACTB,-0.05822122469544411,-0.05822122469544411,-0.05822122469544411,-0.05822122469544411,human
LAPTM5,-0.0579591728746891,-0.0579591728746891,-0.0579591728746891,-0.0579591728746891,human
NFKB1,-0.05745003744959831,-0.05745003744959831,-0.05745003744959831,-0.05745003744959831,human
DNAJB1,-0.05681551620364189,-0.05681551620364189,-0.05681551620364189,-0.05681551620364189,human
RPL36,-0.05486786738038063,-0.05486786738038063,-0.05486786738038063,-0.05486786738038063,human
HLA-DRB5,-0.05337345972657204,-0.05337345972657204,-0.05337345972657204,-0.05337345972657204,human
AIM1,-0.051328592002391815,-0.051328592002391815,-0.051328592002391815,-0.051328592002391815,human
SLC7A5,-0.051222432404756546,-0.051222432404756546,-0.051222432404756546,-0.051222432404756546,human
H3F3B,-0.051035139709711075,-0.051035139709711075,-0.051035139709711075,-0.051035139709711075,human
TMSB10,-0.0504111647605896,-0.0504111647605896,-0.0504111647605896,-0.0504111647605896,human
NFKBIA,-0.05032862350344658,-0.05032862350344658,-0.05032862350344658,-0.05032862350344658,human
ATP1B3,-0.049950193613767624,-0.049950193613767624,-0.049950193613767624,-0.049950193613767624,human
BIRC2,-0.04725278913974762,-0.04725278913974762,-0.04725278913974762,-0.04725278913974762,human
HSCB,-0.04700326919555664,-0.04700326919555664,-0.04700326919555664,-0.04700326919555664,human
SETD1B,-0.04602217674255371,-0.04602217674255371,-0.04602217674255371,-0.04602217674255371,human
RLIM,-0.04565249755978584,-0.04565249755978584,-0.04565249755978584,-0.04565249755978584,human
PKD1P1,-0.04540019482374191,-0.04540019482374191,-0.04540019482374191,-0.04540019482374191,human
UBC,-0.045075297355651855,-0.045075297355651855,-0.045075297355651855,-0.045075297355651855,human
COX2,-0.04473906010389328,-0.04473906010389328,-0.04473906010389328,-0.04473906010389328,human
YBX1,-0.04399465397000313,-0.04399465397000313,-0.04399465397000313,-0.04399465397000313,human
IRF1,-0.04348631203174591,-0.04348631203174591,-0.04348631203174591,-0.04348631203174591,human
CD83,-0.043434642255306244,-0.043434642255306244,-0.043434642255306244,-0.043434642255306244,human
EIF3F,-0.04329506307840347,-0.04329506307840347,-0.04329506307840347,-0.04329506307840347,human
RNF125,-0.0428832471370697,-0.0428832471370697,-0.0428832471370697,-0.0428832471370697,human
PABPC1,-0.04278627783060074,-0.04278627783060074,-0.04278627783060074,-0.04278627783060074,human
CCNI,-0.0426022969186306,-0.0426022969186306,-0.0426022969186306,-0.0426022969186306,human
EIF1,-0.04216870665550232,-0.04216870665550232,-0.04216870665550232,-0.04216870665550232,human
HLA-DRA,-0.04185626283288002,-0.04185626283288002,-0.04185626283288002,-0.04185626283288002,human
HMGN2,-0.0414317362010479,-0.0414317362010479,-0.0414317362010479,-0.0414317362010479,human
DUSP6,-0.041344258934259415,-0.041344258934259415,-0.041344258934259415,-0.041344258934259415,human
HLA-DRB4,-0.04112325236201286,-0.04112325236201286,-0.04112325236201286,-0.04112325236201286,human
KLF4,-0.04094512015581131,-0.04094512015581131,-0.04094512015581131,-0.04094512015581131,human
IFIT2,-0.040525171905756,-0.040525171905756,-0.040525171905756,-0.040525171905756,human
HLA-G,-0.03915448486804962,-0.03915448486804962,-0.03915448486804962,-0.03915448486804962,human
FCN1,-0.038898441940546036,-0.038898441940546036,-0.038898441940546036,-0.038898441940546036,human
JOSD1,-0.0383918397128582,-0.0383918397128582,-0.0383918397128582,-0.0383918397128582,human
HSP90AB1,-0.0383666567504406,-0.0383666567504406,-0.0383666567504406,-0.0383666567504406,human
LOC399491,-0.03836003690958023,-0.03836003690958023,-0.03836003690958023,-0.03836003690958023,human
SYAP1,-0.03833334892988205,-0.03833334892988205,-0.03833334892988205,-0.03833334892988205,human
DNAJA1,-0.03809656202793121,-0.03809656202793121,-0.03809656202793121,-0.03809656202793121,human
KIAA0247,-0.037991560995578766,-0.037991560995578766,-0.037991560995578766,-0.037991560995578766,human
YWHAZ,-0.03787457197904587,-0.03787457197904587,-0.03787457197904587,-0.03787457197904587,human
NR4A2,-0.037418097257614136,-0.037418097257614136,-0.037418097257614136,-0.037418097257614136,human
RPS18,-0.03697289898991585,-0.03697289898991585,-0.03697289898991585,-0.03697289898991585,human
RASSF5,-0.03682650625705719,-0.03682650625705719,-0.03682650625705719,-0.03682650625705719,human
OASL,-0.0367351770401001,-0.0367351770401001,-0.0367351770401001,-0.0367351770401001,human
CD55,-0.03525988757610321,-0.03525988757610321,-0.03525988757610321,-0.03525988757610321,human
EEF2,-0.0351300984621048,-0.0351300984621048,-0.0351300984621048,-0.0351300984621048,human
KANSL2,-0.035082198679447174,-0.035082198679447174,-0.035082198679447174,-0.035082198679447174,human
NBPF10,-0.034503694623708725,-0.034503694623708725,-0.034503694623708725,-0.034503694623708725,human
BAG3,-0.03430873528122902,-0.03430873528122902,-0.03430873528122902,-0.03430873528122902,human
FTL,-0.03391400724649429,-0.03391400724649429,-0.03391400724649429,-0.03391400724649429,human
JMJD1C,-0.03373478353023529,-0.03373478353023529,-0.03373478353023529,-0.03373478353023529,human
SERINC1,-0.03355032578110695,-0.03355032578110695,-0.03355032578110695,-0.03355032578110695,human
SMA4,-0.03317216411232948,-0.03317216411232948,-0.03317216411232948,-0.03317216411232948,human
HSPA5,-0.0329643078148365,-0.0329643078148365,-0.0329643078148365,-0.0329643078148365,human
MAFB,-0.03290295973420143,-0.03290295973420143,-0.03290295973420143,-0.03290295973420143,human
USP3,-0.03287550434470177,-0.03287550434470177,-0.03287550434470177,-0.03287550434470177,human
BHLHE40,-0.03270455077290535,-0.03270455077290535,-0.03270455077290535,-0.03270455077290535,human
ABHD17A,-0.03269153833389282,-0.03269153833389282,-0.03269153833389282,-0.03269153833389282,human
SRSF5,-0.032502636313438416,-0.032502636313438416,-0.032502636313438416,-0.032502636313438416,human
TP53INP2,-0.03166172280907631,-0.03166172280907631,-0.03166172280907631,-0.03166172280907631,human
PNRC1,-0.031323108822107315,-0.031323108822107315,-0.031323108822107315,-0.031323108822107315,human
ANXA1,-0.031139066442847252,-0.031139066442847252,-0.031139066442847252,-0.031139066442847252,human
NPIPA1,-0.03079095296561718,-0.03079095296561718,-0.03079095296561718,-0.03079095296561718,human
HLA-DRB1,-0.030642345547676086,-0.030642345547676086,-0.030642345547676086,-0.030642345547676086,human
PSAP,-0.03061925619840622,-0.03061925619840622,-0.03061925619840622,-0.03061925619840622,human
MAFF,-0.030310722067952156,-0.030310722067952156,-0.030310722067952156,-0.030310722067952156,human
CXCL8,-0.02990167774260044,-0.02990167774260044,-0.02990167774260044,-0.02990167774260044,human
ZFPM1,-0.029799915850162506,-0.029799915850162506,-0.029799915850162506,-0.029799915850162506,human
ADAR,-0.029685983434319496,-0.029685983434319496,-0.029685983434319496,-0.029685983434319496,human
IRS2,-0.029520925134420395,-0.029520925134420395,-0.029520925134420395,-0.029520925134420395,human
LOC100996255,-0.029374653473496437,-0.029374653473496437,-0.029374653473496437,-0.029374653473496437,human
NR3C1,-0.029146889224648476,-0.029146889224648476,-0.029146889224648476,-0.029146889224648476,human
TCF7,-0.029138021171092987,-0.029138021171092987,-0.029138021171092987,-0.029138021171092987,human
NAMPT,-0.029085075482726097,-0.029085075482726097,-0.029085075482726097,-0.029085075482726097,human
RPS13,-0.02890063263475895,-0.02890063263475895,-0.02890063263475895,-0.02890063263475895,human
TKT,-0.02866247668862343,-0.02866247668862343,-0.02866247668862343,-0.02866247668862343,human
HSPE1,-0.02855583094060421,-0.02855583094060421,-0.02855583094060421,-0.02855583094060421,human
NR4A1,-0.02855057828128338,-0.02855057828128338,-0.02855057828128338,-0.02855057828128338,human
RHOB,-0.028456876054406166,-0.028456876054406166,-0.028456876054406166,-0.028456876054406166,human
DGKD,-0.02828635275363922,-0.02828635275363922,-0.02828635275363922,-0.02828635275363922,human
HCAR3,-0.027805522084236145,-0.027805522084236145,-0.027805522084236145,-0.027805522084236145,human
HSPD1,-0.027708714827895164,-0.027708714827895164,-0.027708714827895164,-0.027708714827895164,human
CCL20,-0.027198925614356995,-0.027198925614356995,-0.027198925614356995,-0.027198925614356995,human
B2M,-0.02715810388326645,-0.02715810388326645,-0.02715810388326645,-0.02715810388326645,human
IL10RA,-0.026547322049736977,-0.026547322049736977,-0.026547322049736977,-0.026547322049736977,human
SLC25A6,-0.0264999158680439,-0.0264999158680439,-0.0264999158680439,-0.0264999158680439,human
DNTTIP2,-0.025922758504748344,-0.025922758504748344,-0.025922758504748344,-0.025922758504748344,human
AQP9,-0.025643330067396164,-0.025643330067396164,-0.025643330067396164,-0.025643330067396164,human
RB1CC1,-0.02554200403392315,-0.02554200403392315,-0.02554200403392315,-0.02554200403392315,human
PRPF8,-0.02552449144423008,-0.02552449144423008,-0.02552449144423008,-0.02552449144423008,human
ADM,-0.025506002828478813,-0.025506002828478813,-0.025506002828478813,-0.025506002828478813,human
SNX9,-0.02540932036936283,-0.02540932036936283,-0.02540932036936283,-0.02540932036936283,human
KDM3A,-0.02530663087964058,-0.02530663087964058,-0.02530663087964058,-0.02530663087964058,human
GCH1,-0.025163186714053154,-0.025163186714053154,-0.025163186714053154,-0.025163186714053154,human
ZC3HAV1,-0.025056540966033936,-0.025056540966033936,-0.025056540966033936,-0.025056540966033936,human
CDK17,-0.024949397891759872,-0.024949397891759872,-0.024949397891759872,-0.024949397891759872,human
LCP1,-0.024935847148299217,-0.024935847148299217,-0.024935847148299217,-0.024935847148299217,human
HERPUD1,-0.024890543892979622,-0.024890543892979622,-0.024890543892979622,-0.024890543892979622,human
MIR155HG,-0.02484072744846344,-0.02484072744846344,-0.02484072744846344,-0.02484072744846344,human
ZNF331,-0.024694129824638367,-0.024694129824638367,-0.024694129824638367,-0.024694129824638367,human
ZFP36L2,-0.024685431271791458,-0.024685431271791458,-0.024685431271791458,-0.024685431271791458,human
RPL10A,-0.024684717878699303,-0.024684717878699303,-0.024684717878699303,-0.024684717878699303,human
SRPR,-0.02461581490933895,-0.02461581490933895,-0.02461581490933895,-0.02461581490933895,human
CHD1,-0.024519547820091248,-0.024519547820091248,-0.024519547820091248,-0.024519547820091248,human
JMY,-0.0244891420006752,-0.0244891420006752,-0.0244891420006752,-0.0244891420006752,human
ACSL1,-0.02446621283888817,-0.02446621283888817,-0.02446621283888817,-0.02446621283888817,human
GADD45A,-0.024132976308465004,-0.024132976308465004,-0.024132976308465004,-0.024132976308465004,human
HLA-DPB1,-0.024054471403360367,-0.024054471403360367,-0.024054471403360367,-0.024054471403360367,human
EIF3K,-0.023903585970401764,-0.023903585970401764,-0.023903585970401764,-0.023903585970401764,human
RANBP2,-0.023753855377435684,-0.023753855377435684,-0.023753855377435684,-0.023753855377435684,human
COTL1,-0.023719867691397667,-0.023719867691397667,-0.023719867691397667,-0.023719867691397667,human
MRFAP1,-0.023705637082457542,-0.023705637082457542,-0.023705637082457542,-0.023705637082457542,human
BTG1,-0.02367662452161312,-0.02367662452161312,-0.02367662452161312,-0.02367662452161312,human
NINJ1,-0.02355731837451458,-0.02355731837451458,-0.02355731837451458,-0.02355731837451458,human
PUF60,-0.02355169877409935,-0.02355169877409935,-0.02355169877409935,-0.02355169877409935,human
ARL4C,-0.023479564115405083,-0.023479564115405083,-0.023479564115405083,-0.023479564115405083,human
SH2B3,-0.023409076035022736,-0.023409076035022736,-0.023409076035022736,-0.023409076035022736,human
BATF,-0.02340763993561268,-0.02340763993561268,-0.02340763993561268,-0.02340763993561268,human
RPS23,-0.02339322678744793,-0.02339322678744793,-0.02339322678744793,-0.02339322678744793,human
METRNL,-0.023365173488855362,-0.023365173488855362,-0.023365173488855362,-0.023365173488855362,human
DDX21,-0.02335011214017868,-0.02335011214017868,-0.02335011214017868,-0.02335011214017868,human
NXF1,-0.023003393784165382,-0.023003393784165382,-0.023003393784165382,-0.023003393784165382,human
AUTS2,-0.02278098464012146,-0.02278098464012146,-0.02278098464012146,-0.02278098464012146,human
SLC25A3,-0.02273576892912388,-0.02273576892912388,-0.02273576892912388,-0.02273576892912388,human
RPL9,-0.022735601291060448,-0.022735601291060448,-0.022735601291060448,-0.022735601291060448,human
EIF4H,-0.02271893434226513,-0.02271893434226513,-0.02271893434226513,-0.02271893434226513,human
AKNA,-0.02268752083182335,-0.02268752083182335,-0.02268752083182335,-0.02268752083182335,human
SLC12A7,-0.022417502477765083,-0.022417502477765083,-0.022417502477765083,-0.022417502477765083,human
RUNX3,-0.02225782349705696,-0.02225782349705696,-0.02225782349705696,-0.02225782349705696,human
NPIPB5,-0.022205067798495293,-0.022205067798495293,-0.022205067798495293,-0.022205067798495293,human
MAPK6,-0.02210136316716671,-0.02210136316716671,-0.02210136316716671,-0.02210136316716671,human
CFL1,-0.022037656977772713,-0.022037656977772713,-0.022037656977772713,-0.022037656977772713,human
ZMIZ1,-0.02179666981101036,-0.02179666981101036,-0.02179666981101036,-0.02179666981101036,human
ACTG1,-0.021782711148262024,-0.021782711148262024,-0.021782711148262024,-0.021782711148262024,human
FOXO1,-0.021715590730309486,-0.021715590730309486,-0.021715590730309486,-0.021715590730309486,human
CST3,-0.02170935831964016,-0.02170935831964016,-0.02170935831964016,-0.02170935831964016,human
EIF4A3,-0.021568261086940765,-0.021568261086940765,-0.021568261086940765,-0.021568261086940765,human
PNPLA8,-0.021489931270480156,-0.021489931270480156,-0.021489931270480156,-0.021489931270480156,human
MAML1,-0.021442079916596413,-0.021442079916596413,-0.021442079916596413,-0.021442079916596413,human
TMEM135,-0.02141392230987549,-0.02141392230987549,-0.02141392230987549,-0.02141392230987549,human
FAM214A,-0.02137443982064724,-0.02137443982064724,-0.02137443982064724,-0.02137443982064724,human
HBP1,-0.021341878920793533,-0.021341878920793533,-0.021341878920793533,-0.021341878920793533,human
BCL11B,-0.02132258377969265,-0.02132258377969265,-0.02132258377969265,-0.02132258377969265,human
STK17A,-0.021249502897262573,-0.021249502897262573,-0.021249502897262573,-0.021249502897262573,human
SMG1P5,-0.021236184984445572,-0.021236184984445572,-0.021236184984445572,-0.021236184984445572,human
HSPH1,-0.021169327199459076,-0.021169327199459076,-0.021169327199459076,-0.021169327199459076,human
PLEK,-0.021168557927012444,-0.021168557927012444,-0.021168557927012444,-0.021168557927012444,human
DNAJB11,-0.021064983680844307,-0.021064983680844307,-0.021064983680844307,-0.021064983680844307,human
IRF7,-0.021055171266198158,-0.021055171266198158,-0.021055171266198158,-0.021055171266198158,human
PRR11,-0.020918579772114754,-0.020918579772114754,-0.020918579772114754,-0.020918579772114754,human
IFIT3,-0.020901456475257874,-0.020901456475257874,-0.020901456475257874,-0.020901456475257874,human
LRIG1,-0.020812038332223892,-0.020812038332223892,-0.020812038332223892,-0.020812038332223892,human
FLNA,-0.02076953835785389,-0.02076953835785389,-0.02076953835785389,-0.02076953835785389,human
HSP90AA1,-0.02075149118900299,-0.02075149118900299,-0.02075149118900299,-0.02075149118900299,human
ARID5A,-0.02063262276351452,-0.02063262276351452,-0.02063262276351452,-0.02063262276351452,human
OXA1L,-0.020576002076268196,-0.020576002076268196,-0.020576002076268196,-0.020576002076268196,human
PPP1R16B,-0.020510848611593246,-0.020510848611593246,-0.020510848611593246,-0.020510848611593246,human
CAPZA1,-0.02044997550547123,-0.02044997550547123,-0.02044997550547123,-0.02044997550547123,human
POLR3E,-0.020448151975870132,-0.020448151975870132,-0.020448151975870132,-0.020448151975870132,human
DNAJC2,-0.020429804921150208,-0.020429804921150208,-0.020429804921150208,-0.020429804921150208,human
PHLDB3,-0.020411144942045212,-0.020411144942045212,-0.020411144942045212,-0.020411144942045212,human
PDE4B,-0.020355474203824997,-0.020355474203824997,-0.020355474203824997,-0.020355474203824997,human
IRF9,-0.020192231982946396,-0.020192231982946396,-0.020192231982946396,-0.020192231982946396,human
SPG21,-0.020175274461507797,-0.020175274461507797,-0.020175274461507797,-0.020175274461507797,human
IL1RN,-0.02010803110897541,-0.02010803110897541,-0.02010803110897541,-0.02010803110897541,human
DSE,-0.020052112638950348,-0.020052112638950348,-0.020052112638950348,-0.020052112638950348,human
F8A3,-0.020024286583065987,-0.020024286583065987,-0.020024286583065987,-0.020024286583065987,human
TRIB1,-0.019998081028461456,-0.019998081028461456,-0.019998081028461456,-0.019998081028461456,human
MX1,-0.01994115486741066,-0.01994115486741066,-0.01994115486741066,-0.01994115486741066,human
DDX3X,-0.019906867295503616,-0.019906867295503616,-0.019906867295503616,-0.019906867295503616,human
EIF2AK3,-0.019807875156402588,-0.019807875156402588,-0.019807875156402588,-0.019807875156402588,human
RHBDD2,-0.01980627328157425,-0.01980627328157425,-0.01980627328157425,-0.01980627328157425,human
C1D,-0.019722918048501015,-0.019722918048501015,-0.019722918048501015,-0.019722918048501015,human
DDIT3,-0.01971621625125408,-0.01971621625125408,-0.01971621625125408,-0.01971621625125408,human
PLP2,-0.019593223929405212,-0.019593223929405212,-0.019593223929405212,-0.019593223929405212,human
FTH1,-0.01958097517490387,-0.01958097517490387,-0.01958097517490387,-0.01958097517490387,human
PMAIP1,-0.01940103806555271,-0.01940103806555271,-0.01940103806555271,-0.01940103806555271,human
EML4,-0.01935647986829281,-0.01935647986829281,-0.01935647986829281,-0.01935647986829281,human
IL6,-0.019337903708219528,-0.019337903708219528,-0.019337903708219528,-0.019337903708219528,human
ZFAND2A,-0.019333768635988235,-0.019333768635988235,-0.019333768635988235,-0.019333768635988235,human
RHOA,-0.019267363473773003,-0.019267363473773003,-0.019267363473773003,-0.019267363473773003,human
FAM102A,-0.019256532192230225,-0.019256532192230225,-0.019256532192230225,-0.019256532192230225,human
TCERG1,-0.019244421273469925,-0.019244421273469925,-0.019244421273469925,-0.019244421273469925,human
IL2RB,-0.01919865980744362,-0.01919865980744362,-0.01919865980744362,-0.01919865980744362,human
SOD1,-0.019171999767422676,-0.019171999767422676,-0.019171999767422676,-0.019171999767422676,human
TRIM22,-0.019093947485089302,-0.019093947485089302,-0.019093947485089302,-0.019093947485089302,human
RPS27A,-0.019050758332014084,-0.019050758332014084,-0.019050758332014084,-0.019050758332014084,human
SMEK1,-0.01902787573635578,-0.01902787573635578,-0.01902787573635578,-0.01902787573635578,human
SRGN,-0.01902017928659916,-0.01902017928659916,-0.01902017928659916,-0.01902017928659916,human
PDCD4,-0.01895591802895069,-0.01895591802895069,-0.01895591802895069,-0.01895591802895069,human
BRD1,-0.01892848126590252,-0.01892848126590252,-0.01892848126590252,-0.01892848126590252,human
MYD88,-0.01883753016591072,-0.01883753016591072,-0.01883753016591072,-0.01883753016591072,human
ZNF292,-0.018817948177456856,-0.018817948177456856,-0.018817948177456856,-0.018817948177456856,human
ITGB2,-0.01878354884684086,-0.01878354884684086,-0.01878354884684086,-0.01878354884684086,human
PPIF,-0.01870051398873329,-0.01870051398873329,-0.01870051398873329,-0.01870051398873329,human
HLA-DRB6,-0.018581364303827286,-0.018581364303827286,-0.018581364303827286,-0.018581364303827286,human
PFN1,-0.01856282539665699,-0.01856282539665699,-0.01856282539665699,-0.01856282539665699,human
HLA-A,-0.018480801954865456,-0.018480801954865456,-0.018480801954865456,-0.018480801954865456,human
CD37,-0.018475687131285667,-0.018475687131285667,-0.018475687131285667,-0.018475687131285667,human
SERPINA1,-0.018468892201781273,-0.018468892201781273,-0.018468892201781273,-0.018468892201781273,human
TP53BP2,-0.018413439393043518,-0.018413439393043518,-0.018413439393043518,-0.018413439393043518,human
NOL4L,-0.018382174894213676,-0.018382174894213676,-0.018382174894213676,-0.018382174894213676,human
U2AF2,-0.018359927460551262,-0.018359927460551262,-0.018359927460551262,-0.018359927460551262,human
RELL1,-0.01835082471370697,-0.01835082471370697,-0.01835082471370697,-0.01835082471370697,human
CNOT6L,-0.018297825008630753,-0.018297825008630753,-0.018297825008630753,-0.018297825008630753,human
MAP3K8,-0.018283085897564888,-0.018283085897564888,-0.018283085897564888,-0.018283085897564888,human
U2AF1,-0.018254905939102173,-0.018254905939102173,-0.018254905939102173,-0.018254905939102173,human
USP36,-0.018247419968247414,-0.018247419968247414,-0.018247419968247414,-0.018247419968247414,human
NUMBL,-0.01823483407497406,-0.01823483407497406,-0.01823483407497406,-0.01823483407497406,human
TMEM2,-0.018216023221611977,-0.018216023221611977,-0.018216023221611977,-0.018216023221611977,human
RELA,-0.018123067915439606,-0.018123067915439606,-0.018123067915439606,-0.018123067915439606,human
HNRNPA2B1,-0.018070952966809273,-0.018070952966809273,-0.018070952966809273,-0.018070952966809273,human
PIK3IP1,-0.018032744526863098,-0.018032744526863098,-0.018032744526863098,-0.018032744526863098,human
FAM168B,-0.018015669658780098,-0.018015669658780098,-0.018015669658780098,-0.018015669658780098,human
SH3BGRL3,-0.017950112000107765,-0.017950112000107765,-0.017950112000107765,-0.017950112000107765,human
CTSS,-0.017862357199192047,-0.017862357199192047,-0.017862357199192047,-0.017862357199192047,human
HSPB1,-0.017849639058113098,-0.017849639058113098,-0.017849639058113098,-0.017849639058113098,human
SPOCK2,-0.017845269292593002,-0.017845269292593002,-0.017845269292593002,-0.017845269292593002,human
PSMD6-AS2,-0.017783785238862038,-0.017783785238862038,-0.017783785238862038,-0.017783785238862038,human
CCR7,-0.017691491171717644,-0.017691491171717644,-0.017691491171717644,-0.017691491171717644,human
CYTH1,-0.017649251967668533,-0.017649251967668533,-0.017649251967668533,-0.017649251967668533,human
WDR82,-0.01755794882774353,-0.01755794882774353,-0.01755794882774353,-0.01755794882774353,human
SNRPB,-0.0175466425716877,-0.0175466425716877,-0.0175466425716877,-0.0175466425716877,human
SMPDL3A,-0.017536362633109093,-0.017536362633109093,-0.017536362633109093,-0.017536362633109093,human
PIM2,-0.01751180738210678,-0.01751180738210678,-0.01751180738210678,-0.01751180738210678,human
FAM177A1,-0.017441710457205772,-0.017441710457205772,-0.017441710457205772,-0.017441710457205772,human
CALM1,-0.01742207258939743,-0.01742207258939743,-0.01742207258939743,-0.01742207258939743,human
RASGRP1,-0.017337007448077202,-0.017337007448077202,-0.017337007448077202,-0.017337007448077202,human
CDR2,-0.01733442395925522,-0.01733442395925522,-0.01733442395925522,-0.01733442395925522,human
MYH9,-0.017283789813518524,-0.017283789813518524,-0.017283789813518524,-0.017283789813518524,human
ARPC1B,-0.01727050356566906,-0.01727050356566906,-0.01727050356566906,-0.01727050356566906,human
PPP1R15B,-0.017117589712142944,-0.017117589712142944,-0.017117589712142944,-0.017117589712142944,human
PAPD7,-0.017056994140148163,-0.017056994140148163,-0.017056994140148163,-0.017056994140148163,human
RPL11,-0.017056189477443695,-0.017056189477443695,-0.017056189477443695,-0.017056189477443695,human
TNF,-0.017046315595507622,-0.017046315595507622,-0.017046315595507622,-0.017046315595507622,human
MYO1G,-0.017007926478981972,-0.017007926478981972,-0.017007926478981972,-0.017007926478981972,human
DUSP4,-0.0169758889824152,-0.0169758889824152,-0.0169758889824152,-0.0169758889824152,human
LINC01002,-0.01694953255355358,-0.01694953255355358,-0.01694953255355358,-0.01694953255355358,human
TSPYL4,-0.016888804733753204,-0.016888804733753204,-0.016888804733753204,-0.016888804733753204,human
AUP1,-0.016842810437083244,-0.016842810437083244,-0.016842810437083244,-0.016842810437083244,human
LOC100190986,-0.016801638528704643,-0.016801638528704643,-0.016801638528704643,-0.016801638528704643,human
DYNLT1,-0.016741259023547173,-0.016741259023547173,-0.016741259023547173,-0.016741259023547173,human
CD74,-0.01673235557973385,-0.01673235557973385,-0.01673235557973385,-0.01673235557973385,human
ITGAL,-0.016633452847599983,-0.016633452847599983,-0.016633452847599983,-0.016633452847599983,human
CD14,-0.016626549884676933,-0.016626549884676933,-0.016626549884676933,-0.016626549884676933,human
MAT2A,-0.016580376774072647,-0.016580376774072647,-0.016580376774072647,-0.016580376774072647,human
SERP1,-0.016551703214645386,-0.016551703214645386,-0.016551703214645386,-0.016551703214645386,human
KMT2E,-0.016479458659887314,-0.016479458659887314,-0.016479458659887314,-0.016479458659887314,human
FYN,-0.016374455764889717,-0.016374455764889717,-0.016374455764889717,-0.016374455764889717,human
NR1D2,-0.016344206407666206,-0.016344206407666206,-0.016344206407666206,-0.016344206407666206,human
KLHL21,-0.016317861154675484,-0.016317861154675484,-0.016317861154675484,-0.016317861154675484,human
PPT1,-0.016272395849227905,-0.016272395849227905,-0.016272395849227905,-0.016272395849227905,human
MED14,-0.01624108850955963,-0.01624108850955963,-0.01624108850955963,-0.01624108850955963,human
PSMC5,-0.01621989905834198,-0.01621989905834198,-0.01621989905834198,-0.01621989905834198,human
TAF7,-0.016140202060341835,-0.016140202060341835,-0.016140202060341835,-0.016140202060341835,human
ARL5B,-0.01613435335457325,-0.01613435335457325,-0.01613435335457325,-0.01613435335457325,human
CERK,-0.01610749214887619,-0.01610749214887619,-0.01610749214887619,-0.01610749214887619,human
IFNG,-0.0159994475543499,-0.0159994475543499,-0.0159994475543499,-0.0159994475543499,human
HERC5,-0.015905801206827164,-0.015905801206827164,-0.015905801206827164,-0.015905801206827164,human
SCML2,-0.015898924320936203,-0.015898924320936203,-0.015898924320936203,-0.015898924320936203,human
IER3,-0.015869025141000748,-0.015869025141000748,-0.015869025141000748,-0.015869025141000748,human
DENND5A,-0.015852292999625206,-0.015852292999625206,-0.015852292999625206,-0.015852292999625206,human
CASP8,-0.01577516831457615,-0.01577516831457615,-0.01577516831457615,-0.01577516831457615,human
RPL13AP5,-0.01576278731226921,-0.01576278731226921,-0.01576278731226921,-0.01576278731226921,human
RILPL2,-0.015560686588287354,-0.015560686588287354,-0.015560686588287354,-0.015560686588287354,human
CD4,-0.015547415241599083,-0.015547415241599083,-0.015547415241599083,-0.015547415241599083,human
AHR,-0.01554561872035265,-0.01554561872035265,-0.01554561872035265,-0.01554561872035265,human
PAPD5,-0.015509565360844135,-0.015509565360844135,-0.015509565360844135,-0.015509565360844135,human
MKNK2,-0.015503749251365662,-0.015503749251365662,-0.015503749251365662,-0.015503749251365662,human
ICAM1,-0.015447720885276794,-0.015447720885276794,-0.015447720885276794,-0.015447720885276794,human
PLK3,-0.015446707606315613,-0.015446707606315613,-0.015446707606315613,-0.015446707606315613,human
CREBBP,-0.015409980900585651,-0.015409980900585651,-0.015409980900585651,-0.015409980900585651,human
MT1HL1,-0.01538156345486641,-0.01538156345486641,-0.01538156345486641,-0.01538156345486641,human
MTCH1,-0.015343965962529182,-0.015343965962529182,-0.015343965962529182,-0.015343965962529182,human
TAB2,-0.01530093140900135,-0.01530093140900135,-0.01530093140900135,-0.01530093140900135,human
RYBP,-0.015215075574815273,-0.015215075574815273,-0.015215075574815273,-0.015215075574815273,human
PTGES3,-0.015206588432192802,-0.015206588432192802,-0.015206588432192802,-0.015206588432192802,human
DEDD2,-0.015205121599137783,-0.015205121599137783,-0.015205121599137783,-0.015205121599137783,human
RAB5A,-0.015190084464848042,-0.015190084464848042,-0.015190084464848042,-0.015190084464848042,human
RCOR1,-0.015182304196059704,-0.015182304196059704,-0.015182304196059704,-0.015182304196059704,human
LOC100289333,-0.015138693153858185,-0.015138693153858185,-0.015138693153858185,-0.015138693153858185,human
RAC1,-0.015137561596930027,-0.015137561596930027,-0.015137561596930027,-0.015137561596930027,human
CAPZB,-0.015134529210627079,-0.015134529210627079,-0.015134529210627079,-0.015134529210627079,human
RAF1,-0.015129776671528816,-0.015129776671528816,-0.015129776671528816,-0.015129776671528816,human
TGFBR2,-0.015100554563105106,-0.015100554563105106,-0.015100554563105106,-0.015100554563105106,human
NSRP1,-0.015092588029801846,-0.015092588029801846,-0.015092588029801846,-0.015092588029801846,human
PPP1R15A,-0.015083832666277885,-0.015083832666277885,-0.015083832666277885,-0.015083832666277885,human
NEAT1,-0.01506449468433857,-0.01506449468433857,-0.01506449468433857,-0.01506449468433857,human
PPIL3,-0.015027917921543121,-0.015027917921543121,-0.015027917921543121,-0.015027917921543121,human
TGFBR3,-0.014928421005606651,-0.014928421005606651,-0.014928421005606651,-0.014928421005606651,human
PABPC4,-0.014846798963844776,-0.014846798963844776,-0.014846798963844776,-0.014846798963844776,human
SEC16A,-0.01482202485203743,-0.01482202485203743,-0.01482202485203743,-0.01482202485203743,human
HLA-DQA2,-0.01481060590595007,-0.01481060590595007,-0.01481060590595007,-0.01481060590595007,human
SETD7,-0.014804741367697716,-0.014804741367697716,-0.014804741367697716,-0.014804741367697716,human
VIM,-0.01476613711565733,-0.01476613711565733,-0.01476613711565733,-0.01476613711565733,human
COPB1,-0.014734402298927307,-0.014734402298927307,-0.014734402298927307,-0.014734402298927307,human
PTX3,-0.014678594656288624,-0.014678594656288624,-0.014678594656288624,-0.014678594656288624,human
POM121C,-0.014646492898464203,-0.014646492898464203,-0.014646492898464203,-0.014646492898464203,human
CDC37,-0.01464564073830843,-0.01464564073830843,-0.01464564073830843,-0.01464564073830843,human
RNF149,-0.014618384651839733,-0.014618384651839733,-0.014618384651839733,-0.014618384651839733,human
FAM160B1,-0.014518262818455696,-0.014518262818455696,-0.014518262818455696,-0.014518262818455696,human
MRPL18,-0.014502373524010181,-0.014502373524010181,-0.014502373524010181,-0.014502373524010181,human
PTTG1IP,-0.014475569128990173,-0.014475569128990173,-0.014475569128990173,-0.014475569128990173,human
PI4KAP1,-0.014408172108232975,-0.014408172108232975,-0.014408172108232975,-0.014408172108232975,human
STX11,-0.014395753853023052,-0.014395753853023052,-0.014395753853023052,-0.014395753853023052,human
CRY1,-0.014324060641229153,-0.014324060641229153,-0.014324060641229153,-0.014324060641229153,human
EGR1,-0.014293557032942772,-0.014293557032942772,-0.014293557032942772,-0.014293557032942772,human
SCAF8,-0.01428490411490202,-0.01428490411490202,-0.01428490411490202,-0.01428490411490202,human
MAP1LC3B,-0.014218679629266262,-0.014218679629266262,-0.014218679629266262,-0.014218679629266262,human
PRKCH,-0.014051886275410652,-0.014051886275410652,-0.014051886275410652,-0.014051886275410652,human
YBX3,-0.013962063938379288,-0.013962063938379288,-0.013962063938379288,-0.013962063938379288,human
TBC1D15,-0.013902328908443451,-0.013902328908443451,-0.013902328908443451,-0.013902328908443451,human
PRKY,-0.013834147714078426,-0.013834147714078426,-0.013834147714078426,-0.013834147714078426,human
OS9,-0.013829993084073067,-0.013829993084073067,-0.013829993084073067,-0.013829993084073067,human
PLEKHA2,-0.013813717290759087,-0.013813717290759087,-0.013813717290759087,-0.013813717290759087,human
NONO,-0.013786396943032742,-0.013786396943032742,-0.013786396943032742,-0.013786396943032742,human
BRD9,-0.013759488239884377,-0.013759488239884377,-0.013759488239884377,-0.013759488239884377,human
ELL2,-0.013755965046584606,-0.013755965046584606,-0.013755965046584606,-0.013755965046584606,human
HSP90B1,-0.013745507225394249,-0.013745507225394249,-0.013745507225394249,-0.013745507225394249,human
SERTAD2,-0.013739379122853279,-0.013739379122853279,-0.013739379122853279,-0.013739379122853279,human
RPL39,-0.013728535734117031,-0.013728535734117031,-0.013728535734117031,-0.013728535734117031,human
PUM1,-0.013723550364375114,-0.013723550364375114,-0.013723550364375114,-0.013723550364375114,human
UHRF2,-0.013720249757170677,-0.013720249757170677,-0.013720249757170677,-0.013720249757170677,human
BCL6,-0.013714434579014778,-0.013714434579014778,-0.013714434579014778,-0.013714434579014778,human
MXI1,-0.013657043687999249,-0.013657043687999249,-0.013657043687999249,-0.013657043687999249,human
CD6,-0.013651962392032146,-0.013651962392032146,-0.013651962392032146,-0.013651962392032146,human
TSG101,-0.013651004061102867,-0.013651004061102867,-0.013651004061102867,-0.013651004061102867,human
RPS19,-0.013648678548634052,-0.013648678548634052,-0.013648678548634052,-0.013648678548634052,human
WHAMM,-0.01364773977547884,-0.01364773977547884,-0.01364773977547884,-0.01364773977547884,human
GOLGA8B,-0.013626078143715858,-0.013626078143715858,-0.013626078143715858,-0.013626078143715858,human
FOXP1,-0.01357478741556406,-0.01357478741556406,-0.01357478741556406,-0.01357478741556406,human
RIC8A,-0.013557043857872486,-0.013557043857872486,-0.013557043857872486,-0.013557043857872486,human
HNRNPC,-0.013552038930356503,-0.013552038930356503,-0.013552038930356503,-0.013552038930356503,human
RIN2,-0.013551861979067326,-0.013551861979067326,-0.013551861979067326,-0.013551861979067326,human
WAC-AS1,-0.013543124310672283,-0.013543124310672283,-0.013543124310672283,-0.013543124310672283,human
C3orf58,-0.01353097427636385,-0.01353097427636385,-0.01353097427636385,-0.01353097427636385,human
OXSR1,-0.013502862304449081,-0.013502862304449081,-0.013502862304449081,-0.013502862304449081,human
GSPT1,-0.013462480157613754,-0.013462480157613754,-0.013462480157613754,-0.013462480157613754,human
ETV3,-0.013455746695399284,-0.013455746695399284,-0.013455746695399284,-0.013455746695399284,human
RSRC2,-0.013450593687593937,-0.013450593687593937,-0.013450593687593937,-0.013450593687593937,human
UBE4A,-0.013441183604300022,-0.013441183604300022,-0.013441183604300022,-0.013441183604300022,human
CCZ1B,-0.013403194025158882,-0.013403194025158882,-0.013403194025158882,-0.013403194025158882,human
SOD2,-0.013361678458750248,-0.013361678458750248,-0.013361678458750248,-0.013361678458750248,human
SRSF4,-0.013265370391309261,-0.013265370391309261,-0.013265370391309261,-0.013265370391309261,human
APOBEC3A,-0.013258351944386959,-0.013258351944386959,-0.013258351944386959,-0.013258351944386959,human
IL32,-0.013252630829811096,-0.013252630829811096,-0.013252630829811096,-0.013252630829811096,human
STX16,-0.013160127215087414,-0.013160127215087414,-0.013160127215087414,-0.013160127215087414,human
TIMM17A,-0.013127679005265236,-0.013127679005265236,-0.013127679005265236,-0.013127679005265236,human
ICAM3,-0.013119247741997242,-0.013119247741997242,-0.013119247741997242,-0.013119247741997242,human
TSHZ1,-0.01311921700835228,-0.01311921700835228,-0.01311921700835228,-0.01311921700835228,human
TACC3,-0.01310814917087555,-0.01310814917087555,-0.01310814917087555,-0.01310814917087555,human
RPS6KB1,-0.013049544766545296,-0.013049544766545296,-0.013049544766545296,-0.013049544766545296,human
GPCPD1,-0.013028040528297424,-0.013028040528297424,-0.013028040528297424,-0.013028040528297424,human
RAP1B,-0.013019250705838203,-0.013019250705838203,-0.013019250705838203,-0.013019250705838203,human
UBALD2,-0.01300868485122919,-0.01300868485122919,-0.01300868485122919,-0.01300868485122919,human
COX4I1,-0.012995466589927673,-0.012995466589927673,-0.012995466589927673,-0.012995466589927673,human
BOD1L1,-0.012983824126422405,-0.012983824126422405,-0.012983824126422405,-0.012983824126422405,human
TMEM55B,-0.012978156097233295,-0.012978156097233295,-0.012978156097233295,-0.012978156097233295,human
TNIP2,-0.01292334496974945,-0.01292334496974945,-0.01292334496974945,-0.01292334496974945,human
DOK2,-0.012907978147268295,-0.012907978147268295,-0.012907978147268295,-0.012907978147268295,human
S100A12,-0.012905333191156387,-0.012905333191156387,-0.012905333191156387,-0.012905333191156387,human
ABCG1,-0.012898996472358704,-0.012898996472358704,-0.012898996472358704,-0.012898996472358704,human
LAP3,-0.012883384712040424,-0.012883384712040424,-0.012883384712040424,-0.012883384712040424,human
LOC100510649,-0.012867983430624008,-0.012867983430624008,-0.012867983430624008,-0.012867983430624008,human
RLF,-0.012863620184361935,-0.012863620184361935,-0.012863620184361935,-0.012863620184361935,human
