gene_symbol,logfc_dz:870,mean_logfc,median_logfc,common_experiment,organism,signature_type
S100A13,0.2045947760343551,0.2045947760343551,0.2045947760343551,0.2045947760343551,human,UP
NNMT,0.1673313677310943,0.1673313677310943,0.1673313677310943,0.1673313677310943,human,UP
NUPR1,0.1446352303028106,0.1446352303028106,0.1446352303028106,0.1446352303028106,human,UP
CKMT2,0.1398364305496215,0.1398364305496215,0.1398364305496215,0.1398364305496215,human,UP
S100A1,0.1361502110958099,0.1361502110958099,0.1361502110958099,0.1361502110958099,human,UP
APOD,0.1337176412343979,0.1337176412343979,0.1337176412343979,0.1337176412343979,human,UP
ACTC1,0.1250382512807846,0.1250382512807846,0.1250382512807846,0.1250382512807846,human,UP
MUSTN1,0.1203352212905883,0.1203352212905883,0.1203352212905883,0.1203352212905883,human,UP
TMSB10,0.1123782619833946,0.1123782619833946,0.1123782619833946,0.1123782619833946,human,UP
NMRK2,0.1009818017482757,0.1009818017482757,0.1009818017482757,0.1009818017482757,human,UP
DLK1,0.09733597189188,0.09733597189188,0.09733597189188,0.09733597189188,human,UP
CD63,0.0954837203025817,0.0954837203025817,0.0954837203025817,0.0954837203025817,human,UP
FTL,0.0849241614341735,0.0849241614341735,0.0849241614341735,0.0849241614341735,human,UP
EEF1A1P9,0.080532781779766,0.080532781779766,0.080532781779766,0.080532781779766,human,UP
XIRP2,0.072516918182373,0.072516918182373,0.072516918182373,0.072516918182373,human,UP
HEXB,0.0706672891974449,0.0706672891974449,0.0706672891974449,0.0706672891974449,human,UP
FABP3,0.0705975219607353,0.0705975219607353,0.0705975219607353,0.0705975219607353,human,UP
BRI3,0.0697297006845474,0.0697297006845474,0.0697297006845474,0.0697297006845474,human,UP
NME1-NME2,0.06866966933012,0.06866966933012,0.06866966933012,0.06866966933012,human,UP
GLRX,0.0655680522322654,0.0655680522322654,0.0655680522322654,0.0655680522322654,human,UP
FTH1,0.0653675273060798,0.0653675273060798,0.0653675273060798,0.0653675273060798,human,UP
PSMD8,0.063066653907299,0.063066653907299,0.063066653907299,0.063066653907299,human,UP
FANCE,0.0603255368769168,0.0603255368769168,0.0603255368769168,0.0603255368769168,human,UP
CASQ2,0.0595180131494998,0.0595180131494998,0.0595180131494998,0.0595180131494998,human,UP
S100A4,0.058040902018547,0.058040902018547,0.058040902018547,0.058040902018547,human,UP
ARPC2,0.0577649399638175,0.0577649399638175,0.0577649399638175,0.0577649399638175,human,UP
MYBPC2,0.0568195506930351,0.0568195506930351,0.0568195506930351,0.0568195506930351,human,UP
LOC100506941,0.0564459562301635,0.0564459562301635,0.0564459562301635,0.0564459562301635,human,UP
HHATL,0.0538037121295928,0.0538037121295928,0.0538037121295928,0.0538037121295928,human,UP
XIRP1,0.0533560365438461,0.0533560365438461,0.0533560365438461,0.0533560365438461,human,UP
GADD45A,0.0523213371634483,0.0523213371634483,0.0523213371634483,0.0523213371634483,human,UP
MYH2,0.0503283850848674,0.0503283850848674,0.0503283850848674,0.0503283850848674,human,UP
ANKRD1,0.0486255995929241,0.0486255995929241,0.0486255995929241,0.0486255995929241,human,UP
FAM129A,0.0476397462189197,0.0476397462189197,0.0476397462189197,0.0476397462189197,human,UP
TRIM16,0.0462920404970645,0.0462920404970645,0.0462920404970645,0.0462920404970645,human,UP
MYH3,0.0462721660733222,0.0462721660733222,0.0462721660733222,0.0462721660733222,human,UP
HEBP2,0.0447413437068462,0.0447413437068462,0.0447413437068462,0.0447413437068462,human,UP
RPS27L,0.0444820821285247,0.0444820821285247,0.0444820821285247,0.0444820821285247,human,UP
DDN,0.0439150892198085,0.0439150892198085,0.0439150892198085,0.0439150892198085,human,UP
EXOSC7,0.0438815057277679,0.0438815057277679,0.0438815057277679,0.0438815057277679,human,UP
TXN,0.0433638244867324,0.0433638244867324,0.0433638244867324,0.0433638244867324,human,UP
PODXL,0.0430710017681121,0.0430710017681121,0.0430710017681121,0.0430710017681121,human,UP
YBX1,0.0420566275715827,0.0420566275715827,0.0420566275715827,0.0420566275715827,human,UP
GPX3,0.0418200828135013,0.0418200828135013,0.0418200828135013,0.0418200828135013,human,UP
RTN3,0.0404107980430126,0.0404107980430126,0.0404107980430126,0.0404107980430126,human,UP
STARD7,0.039955947548151,0.039955947548151,0.039955947548151,0.039955947548151,human,UP
DUSP13,0.0394190996885299,0.0394190996885299,0.0394190996885299,0.0394190996885299,human,UP
NDUFB9,0.0391255542635917,0.0391255542635917,0.0391255542635917,0.0391255542635917,human,UP
HLA-A,0.0390098541975021,0.0390098541975021,0.0390098541975021,0.0390098541975021,human,UP
EIF3CL,0.038439717143774,0.038439717143774,0.038439717143774,0.038439717143774,human,UP
TANGO2,0.0374613776803016,0.0374613776803016,0.0374613776803016,0.0374613776803016,human,UP
YBX3,0.0371448136866092,0.0371448136866092,0.0371448136866092,0.0371448136866092,human,UP
CMC4,0.0370538532733917,0.0370538532733917,0.0370538532733917,0.0370538532733917,human,UP
PROS1,0.0368400290608406,0.0368400290608406,0.0368400290608406,0.0368400290608406,human,UP
C20orf24,0.0364518091082572,0.0364518091082572,0.0364518091082572,0.0364518091082572,human,UP
PSAP,0.0364030227065086,0.0364030227065086,0.0364030227065086,0.0364030227065086,human,UP
SOD1,0.0363600179553031,0.0363600179553031,0.0363600179553031,0.0363600179553031,human,UP
GOT1,0.0358439981937408,0.0358439981937408,0.0358439981937408,0.0358439981937408,human,UP
PRODH,0.0351660922169685,0.0351660922169685,0.0351660922169685,0.0351660922169685,human,UP
TIMP1,0.0347998030483722,0.0347998030483722,0.0347998030483722,0.0347998030483722,human,UP
COX2,0.0341724194586277,0.0341724194586277,0.0341724194586277,0.0341724194586277,human,UP
FTH1P5,0.0336199626326561,0.0336199626326561,0.0336199626326561,0.0336199626326561,human,UP
NPIPB5,0.0331306047737598,0.0331306047737598,0.0331306047737598,0.0331306047737598,human,UP
RPL3,0.0330243743956089,0.0330243743956089,0.0330243743956089,0.0330243743956089,human,UP
TUBA1C,0.0323103629052639,0.0323103629052639,0.0323103629052639,0.0323103629052639,human,UP
SUPT20H,0.0321658216416835,0.0321658216416835,0.0321658216416835,0.0321658216416835,human,UP
GBE1,0.0320966951549053,0.0320966951549053,0.0320966951549053,0.0320966951549053,human,UP
GSTO1,0.0320929922163486,0.0320929922163486,0.0320929922163486,0.0320929922163486,human,UP
ST6GALNAC2,0.0319629348814487,0.0319629348814487,0.0319629348814487,0.0319629348814487,human,UP
DYNLL1,0.0319518111646175,0.0319518111646175,0.0319518111646175,0.0319518111646175,human,UP
HLA-DRB4,0.031193034723401,0.031193034723401,0.031193034723401,0.031193034723401,human,UP
RAB40B,0.0309505145996809,0.0309505145996809,0.0309505145996809,0.0309505145996809,human,UP
NACA,0.0308181680738925,0.0308181680738925,0.0308181680738925,0.0308181680738925,human,UP
NPC2,0.0305865332484245,0.0305865332484245,0.0305865332484245,0.0305865332484245,human,UP
RNF115,0.0305352713912725,0.0305352713912725,0.0305352713912725,0.0305352713912725,human,UP
AKR1C3,0.0300243385136127,0.0300243385136127,0.0300243385136127,0.0300243385136127,human,UP
RAB10,0.029832748696208,0.029832748696208,0.029832748696208,0.029832748696208,human,UP
PSMA7,0.0298232175409793,0.0298232175409793,0.0298232175409793,0.0298232175409793,human,UP
THBS4,0.0295540429651737,0.0295540429651737,0.0295540429651737,0.0295540429651737,human,UP
CDK2AP1,0.0292539503425359,0.0292539503425359,0.0292539503425359,0.0292539503425359,human,UP
LOC100507328,0.0291699338704347,0.0291699338704347,0.0291699338704347,0.0291699338704347,human,UP
FLJ36848,0.0290871262550354,0.0290871262550354,0.0290871262550354,0.0290871262550354,human,UP
UBE4A,0.0290042590349912,0.0290042590349912,0.0290042590349912,0.0290042590349912,human,UP
USMG5,0.0286654215306043,0.0286654215306043,0.0286654215306043,0.0286654215306043,human,UP
COX7A2,0.0285317208617925,0.0285317208617925,0.0285317208617925,0.0285317208617925,human,UP
PTTG1IP,0.0285203121602535,0.0285203121602535,0.0285203121602535,0.0285203121602535,human,UP
MAP3K7CL,0.0283944364637136,0.0283944364637136,0.0283944364637136,0.0283944364637136,human,UP
ERRFI1,0.0283430255949497,0.0283430255949497,0.0283430255949497,0.0283430255949497,human,UP
PSMD14,0.0283342394977808,0.0283342394977808,0.0283342394977808,0.0283342394977808,human,UP
ALDH1B1,0.0282811839133501,0.0282811839133501,0.0282811839133501,0.0282811839133501,human,UP
RPL10,0.02824342623353,0.02824342623353,0.02824342623353,0.02824342623353,human,UP
BLOC1S1,0.0281267669051885,0.0281267669051885,0.0281267669051885,0.0281267669051885,human,UP
UCP2,0.0278306305408477,0.0278306305408477,0.0278306305408477,0.0278306305408477,human,UP
MEF2C,0.0277440473437309,0.0277440473437309,0.0277440473437309,0.0277440473437309,human,UP
BIN1,0.0271911937743425,0.0271911937743425,0.0271911937743425,0.0271911937743425,human,UP
TUBA1A,0.0268565453588962,0.0268565453588962,0.0268565453588962,0.0268565453588962,human,UP
RPL36A,0.0268412493169307,0.0268412493169307,0.0268412493169307,0.0268412493169307,human,UP
EFCAB7,0.0266969092190265,0.0266969092190265,0.0266969092190265,0.0266969092190265,human,UP
GPI,0.0265417676419019,0.0265417676419019,0.0265417676419019,0.0265417676419019,human,UP
ARPP19,0.0264147911220788,0.0264147911220788,0.0264147911220788,0.0264147911220788,human,UP
TUBB6,0.0264118518680334,0.0264118518680334,0.0264118518680334,0.0264118518680334,human,UP
FBP2,0.0264112167060375,0.0264112167060375,0.0264112167060375,0.0264112167060375,human,UP
MALAT1,0.0262769777327775,0.0262769777327775,0.0262769777327775,0.0262769777327775,human,UP
RPL27,0.0256581008434295,0.0256581008434295,0.0256581008434295,0.0256581008434295,human,UP
CD99,0.0256503596901893,0.0256503596901893,0.0256503596901893,0.0256503596901893,human,UP
DBI,0.0255192890763282,0.0255192890763282,0.0255192890763282,0.0255192890763282,human,UP
CCT3,0.0253501608967781,0.0253501608967781,0.0253501608967781,0.0253501608967781,human,UP
IFITM3,0.0252468790858984,0.0252468790858984,0.0252468790858984,0.0252468790858984,human,UP
TP53INP2,0.0252212323248386,0.0252212323248386,0.0252212323248386,0.0252212323248386,human,UP
ACTR1A,0.024994159117341,0.024994159117341,0.024994159117341,0.024994159117341,human,UP
HLA-DRB5,0.024691417813301,0.024691417813301,0.024691417813301,0.024691417813301,human,UP
KLF5,0.0244888942688703,0.0244888942688703,0.0244888942688703,0.0244888942688703,human,UP
IGFN1,0.0243935845792293,0.0243935845792293,0.0243935845792293,0.0243935845792293,human,UP
GABARAP,0.0243448615074157,0.0243448615074157,0.0243448615074157,0.0243448615074157,human,UP
CYFIP1,0.0239864028990268,0.0239864028990268,0.0239864028990268,0.0239864028990268,human,UP
MCUR1,0.0239403881132602,0.0239403881132602,0.0239403881132602,0.0239403881132602,human,UP
CYR61,0.0239383000880479,0.0239383000880479,0.0239383000880479,0.0239383000880479,human,UP
DYNLT3,0.0238287076354026,0.0238287076354026,0.0238287076354026,0.0238287076354026,human,UP
HLA-DPB1,0.0237931199371814,0.0237931199371814,0.0237931199371814,0.0237931199371814,human,UP
RPL36,0.0237454548478126,0.0237454548478126,0.0237454548478126,0.0237454548478126,human,UP
BLOC1S2,0.0235014930367469,0.0235014930367469,0.0235014930367469,0.0235014930367469,human,UP
MIR22HG,0.0233612116426229,0.0233612116426229,0.0233612116426229,0.0233612116426229,human,UP
TEAD4,0.0232311468571424,0.0232311468571424,0.0232311468571424,0.0232311468571424,human,UP
UNC45B,0.0231580398976802,0.0231580398976802,0.0231580398976802,0.0231580398976802,human,UP
ASS1,0.0230905897915363,0.0230905897915363,0.0230905897915363,0.0230905897915363,human,UP
UQCRQ,0.0228478405624628,0.0228478405624628,0.0228478405624628,0.0228478405624628,human,UP
EEF2,0.0227436739951372,0.0227436739951372,0.0227436739951372,0.0227436739951372,human,UP
DNAJB6,0.0227086599916219,0.0227086599916219,0.0227086599916219,0.0227086599916219,human,UP
RND3,0.0225967559963464,0.0225967559963464,0.0225967559963464,0.0225967559963464,human,UP
HK1,0.0225044656544923,0.0225044656544923,0.0225044656544923,0.0225044656544923,human,UP
TGFBI,0.0223579220473766,0.0223579220473766,0.0223579220473766,0.0223579220473766,human,UP
MRC1,0.0223426576703786,0.0223426576703786,0.0223426576703786,0.0223426576703786,human,UP
SHISA2,0.0222717281430959,0.0222717281430959,0.0222717281430959,0.0222717281430959,human,UP
GYS1,0.0222270488739013,0.0222270488739013,0.0222270488739013,0.0222270488739013,human,UP
ATP1B4,0.0221737641841173,0.0221737641841173,0.0221737641841173,0.0221737641841173,human,UP
C2orf69,0.0221181213855743,0.0221181213855743,0.0221181213855743,0.0221181213855743,human,UP
LOC100510047,0.0219318009912967,0.0219318009912967,0.0219318009912967,0.0219318009912967,human,UP
COX6C,0.0218738093972206,0.0218738093972206,0.0218738093972206,0.0218738093972206,human,UP
INS-IGF2,0.0217186529189348,0.0217186529189348,0.0217186529189348,0.0217186529189348,human,UP
CMC2,0.0217169411480426,0.0217169411480426,0.0217169411480426,0.0217169411480426,human,UP
ARMCX6,0.0215659793466329,0.0215659793466329,0.0215659793466329,0.0215659793466329,human,UP
EIF3H,0.021550465375185,0.021550465375185,0.021550465375185,0.021550465375185,human,UP
CLIC1,0.0214757788926363,0.0214757788926363,0.0214757788926363,0.0214757788926363,human,UP
GNG5,0.0214652568101882,0.0214652568101882,0.0214652568101882,0.0214652568101882,human,UP
MSRB1,0.0214504692703485,0.0214504692703485,0.0214504692703485,0.0214504692703485,human,UP
MSMO1,0.021289998665452,0.021289998665452,0.021289998665452,0.021289998665452,human,UP
LAMB1,0.0212566722184419,0.0212566722184419,0.0212566722184419,0.0212566722184419,human,UP
SNRPD2,0.0211860965937376,0.0211860965937376,0.0211860965937376,0.0211860965937376,human,UP
RCAN2,0.0211263000965118,0.0211263000965118,0.0211263000965118,0.0211263000965118,human,UP
GPNMB,0.0210834387689828,0.0210834387689828,0.0210834387689828,0.0210834387689828,human,UP
MYOZ2,0.0210484936833381,0.0210484936833381,0.0210484936833381,0.0210484936833381,human,UP
ACTG1,0.0210433807224035,0.0210433807224035,0.0210433807224035,0.0210433807224035,human,UP
DCAF6,0.0210035126656293,0.0210035126656293,0.0210035126656293,0.0210035126656293,human,UP
PFKM,0.0207098443061113,0.0207098443061113,0.0207098443061113,0.0207098443061113,human,UP
C3,0.0206742919981479,0.0206742919981479,0.0206742919981479,0.0206742919981479,human,UP
ARHGAP36,0.020584836602211,0.020584836602211,0.020584836602211,0.020584836602211,human,UP
MICU1,0.0204165633767843,0.0204165633767843,0.0204165633767843,0.0204165633767843,human,UP
ACSL1,0.0204001851379871,0.0204001851379871,0.0204001851379871,0.0204001851379871,human,UP
MYH6,0.0203072745352983,0.0203072745352983,0.0203072745352983,0.0203072745352983,human,UP
OPTN,0.0200690813362598,0.0200690813362598,0.0200690813362598,0.0200690813362598,human,UP
UFD1L,0.0200664047151803,0.0200664047151803,0.0200664047151803,0.0200664047151803,human,UP
NARS,0.0200078152120113,0.0200078152120113,0.0200078152120113,0.0200078152120113,human,UP
HSPB1,-0.202330470085144,-0.202330470085144,-0.202330470085144,-0.202330470085144,human,DOWN
MYL6B,-0.189323604106903,-0.189323604106903,-0.189323604106903,-0.189323604106903,human,DOWN
MYH1,-0.1886648535728454,-0.1886648535728454,-0.1886648535728454,-0.1886648535728454,human,DOWN
TNNI1,-0.1353119164705276,-0.1353119164705276,-0.1353119164705276,-0.1353119164705276,human,DOWN
PYGM,-0.1292837113142013,-0.1292837113142013,-0.1292837113142013,-0.1292837113142013,human,DOWN
FEM1A,-0.1057983115315437,-0.1057983115315437,-0.1057983115315437,-0.1057983115315437,human,DOWN
TCAP,-0.0973452180624008,-0.0973452180624008,-0.0973452180624008,-0.0973452180624008,human,DOWN
TNNC2,-0.0936909094452858,-0.0936909094452858,-0.0936909094452858,-0.0936909094452858,human,DOWN
MYOM2,-0.0932341665029525,-0.0932341665029525,-0.0932341665029525,-0.0932341665029525,human,DOWN
MYH7,-0.0894743353128433,-0.0894743353128433,-0.0894743353128433,-0.0894743353128433,human,DOWN
PEBP4,-0.0858585834503173,-0.0858585834503173,-0.0858585834503173,-0.0858585834503173,human,DOWN
IL17D,-0.0811600759625434,-0.0811600759625434,-0.0811600759625434,-0.0811600759625434,human,DOWN
AMPD1,-0.0773487985134124,-0.0773487985134124,-0.0773487985134124,-0.0773487985134124,human,DOWN
MB,-0.0752680674195289,-0.0752680674195289,-0.0752680674195289,-0.0752680674195289,human,DOWN
TNNT1,-0.0690255016088485,-0.0690255016088485,-0.0690255016088485,-0.0690255016088485,human,DOWN
PFKFB3,-0.0683885812759399,-0.0683885812759399,-0.0683885812759399,-0.0683885812759399,human,DOWN
MYLPF,-0.0659756362438201,-0.0659756362438201,-0.0659756362438201,-0.0659756362438201,human,DOWN
PDLIM1,-0.063196837902069,-0.063196837902069,-0.063196837902069,-0.063196837902069,human,DOWN
COX7A1,-0.0625931918621063,-0.0625931918621063,-0.0625931918621063,-0.0625931918621063,human,DOWN
LPL,-0.0620477199554443,-0.0620477199554443,-0.0620477199554443,-0.0620477199554443,human,DOWN
LOC100506828,-0.0612397938966751,-0.0612397938966751,-0.0612397938966751,-0.0612397938966751,human,DOWN
HIST2H2BE,-0.0608168132603168,-0.0608168132603168,-0.0608168132603168,-0.0608168132603168,human,DOWN
IL32,-0.0585837364196777,-0.0585837364196777,-0.0585837364196777,-0.0585837364196777,human,DOWN
PAIP2B,-0.0582355558872222,-0.0582355558872222,-0.0582355558872222,-0.0582355558872222,human,DOWN
MYL3,-0.057783480733633,-0.057783480733633,-0.057783480733633,-0.057783480733633,human,DOWN
MYL5,-0.0573105961084365,-0.0573105961084365,-0.0573105961084365,-0.0573105961084365,human,DOWN
FHL1,-0.0569569580256938,-0.0569569580256938,-0.0569569580256938,-0.0569569580256938,human,DOWN
BTBD1,-0.0565471351146698,-0.0565471351146698,-0.0565471351146698,-0.0565471351146698,human,DOWN
IER5,-0.0550696738064289,-0.0550696738064289,-0.0550696738064289,-0.0550696738064289,human,DOWN
MYOT,-0.0547158494591712,-0.0547158494591712,-0.0547158494591712,-0.0547158494591712,human,DOWN
LMOD2,-0.0538016110658645,-0.0538016110658645,-0.0538016110658645,-0.0538016110658645,human,DOWN
TUBA4A,-0.0525291562080383,-0.0525291562080383,-0.0525291562080383,-0.0525291562080383,human,DOWN
LOC440983,-0.0524325966835022,-0.0524325966835022,-0.0524325966835022,-0.0524325966835022,human,DOWN
MT1X,-0.0506932325661182,-0.0506932325661182,-0.0506932325661182,-0.0506932325661182,human,DOWN
TNNC1,-0.0500740632414817,-0.0500740632414817,-0.0500740632414817,-0.0500740632414817,human,DOWN
FOXO3,-0.0494411252439022,-0.0494411252439022,-0.0494411252439022,-0.0494411252439022,human,DOWN
SH3BGR,-0.0493081919848918,-0.0493081919848918,-0.0493081919848918,-0.0493081919848918,human,DOWN
SEPW1,-0.0487036444246768,-0.0487036444246768,-0.0487036444246768,-0.0487036444246768,human,DOWN
TNNT3,-0.0481086634099483,-0.0481086634099483,-0.0481086634099483,-0.0481086634099483,human,DOWN
GPD1L,-0.0476288422942161,-0.0476288422942161,-0.0476288422942161,-0.0476288422942161,human,DOWN
TXNIP,-0.0472043752670288,-0.0472043752670288,-0.0472043752670288,-0.0472043752670288,human,DOWN
PGM1,-0.0470689684152603,-0.0470689684152603,-0.0470689684152603,-0.0470689684152603,human,DOWN
CUTC,-0.0459801405668258,-0.0459801405668258,-0.0459801405668258,-0.0459801405668258,human,DOWN
KCNJ2,-0.0455535240471363,-0.0455535240471363,-0.0455535240471363,-0.0455535240471363,human,DOWN
MYOZ1,-0.0449625477194786,-0.0449625477194786,-0.0449625477194786,-0.0449625477194786,human,DOWN
RPS10-NUDT3,-0.0445494912564754,-0.0445494912564754,-0.0445494912564754,-0.0445494912564754,human,DOWN
SMTNL1,-0.0438667312264442,-0.0438667312264442,-0.0438667312264442,-0.0438667312264442,human,DOWN
C8orf22,-0.0436004400253295,-0.0436004400253295,-0.0436004400253295,-0.0436004400253295,human,DOWN
TOB1,-0.0434760339558124,-0.0434760339558124,-0.0434760339558124,-0.0434760339558124,human,DOWN
LRRC47,-0.0427686981856823,-0.0427686981856823,-0.0427686981856823,-0.0427686981856823,human,DOWN
ATP1A2,-0.0419590324163436,-0.0419590324163436,-0.0419590324163436,-0.0419590324163436,human,DOWN
USO1,-0.0415267534554004,-0.0415267534554004,-0.0415267534554004,-0.0415267534554004,human,DOWN
USP13,-0.0408974438905715,-0.0408974438905715,-0.0408974438905715,-0.0408974438905715,human,DOWN
YWHAE,-0.0393740870058536,-0.0393740870058536,-0.0393740870058536,-0.0393740870058536,human,DOWN
KLHL41,-0.038991492241621,-0.038991492241621,-0.038991492241621,-0.038991492241621,human,DOWN
FEM1C,-0.0388824753463268,-0.0388824753463268,-0.0388824753463268,-0.0388824753463268,human,DOWN
TNNI2,-0.0387257151305675,-0.0387257151305675,-0.0387257151305675,-0.0387257151305675,human,DOWN
MID1IP1,-0.0383549258112907,-0.0383549258112907,-0.0383549258112907,-0.0383549258112907,human,DOWN
ACTA1,-0.0383167490363121,-0.0383167490363121,-0.0383167490363121,-0.0383167490363121,human,DOWN
MN1,-0.0377300903201103,-0.0377300903201103,-0.0377300903201103,-0.0377300903201103,human,DOWN
CCNG1,-0.0375902540981769,-0.0375902540981769,-0.0375902540981769,-0.0375902540981769,human,DOWN
SUCLA2,-0.0373708978295326,-0.0373708978295326,-0.0373708978295326,-0.0373708978295326,human,DOWN
HSPB6,-0.0368166305124759,-0.0368166305124759,-0.0368166305124759,-0.0368166305124759,human,DOWN
LOC285556,-0.0366095900535583,-0.0366095900535583,-0.0366095900535583,-0.0366095900535583,human,DOWN
ZNF703,-0.0362356752157211,-0.0362356752157211,-0.0362356752157211,-0.0362356752157211,human,DOWN
EPDR1,-0.0361457727849483,-0.0361457727849483,-0.0361457727849483,-0.0361457727849483,human,DOWN
VDAC3,-0.0361045859754085,-0.0361045859754085,-0.0361045859754085,-0.0361045859754085,human,DOWN
TRDN,-0.0355497933924198,-0.0355497933924198,-0.0355497933924198,-0.0355497933924198,human,DOWN
RWDD4,-0.0354875214397907,-0.0354875214397907,-0.0354875214397907,-0.0354875214397907,human,DOWN
CEBPB,-0.0354383736848831,-0.0354383736848831,-0.0354383736848831,-0.0354383736848831,human,DOWN
H3F3B,-0.0354147925972938,-0.0354147925972938,-0.0354147925972938,-0.0354147925972938,human,DOWN
SELK,-0.0349067412316799,-0.0349067412316799,-0.0349067412316799,-0.0349067412316799,human,DOWN
MYOM1,-0.034295979887247,-0.034295979887247,-0.034295979887247,-0.034295979887247,human,DOWN
CIPC,-0.0336912646889686,-0.0336912646889686,-0.0336912646889686,-0.0336912646889686,human,DOWN
SACS,-0.0335767492651939,-0.0335767492651939,-0.0335767492651939,-0.0335767492651939,human,DOWN
PPP1CB,-0.0335041880607605,-0.0335041880607605,-0.0335041880607605,-0.0335041880607605,human,DOWN
PGAM2,-0.0333755202591419,-0.0333755202591419,-0.0333755202591419,-0.0333755202591419,human,DOWN
ATF4,-0.0332543440163135,-0.0332543440163135,-0.0332543440163135,-0.0332543440163135,human,DOWN
CASQ1,-0.0327357724308967,-0.0327357724308967,-0.0327357724308967,-0.0327357724308967,human,DOWN
APOBEC2,-0.0325156599283218,-0.0325156599283218,-0.0325156599283218,-0.0325156599283218,human,DOWN
MYLK4,-0.0323308780789375,-0.0323308780789375,-0.0323308780789375,-0.0323308780789375,human,DOWN
EEF1D,-0.0322662740945816,-0.0322662740945816,-0.0322662740945816,-0.0322662740945816,human,DOWN
LOC643733,-0.0320649705827236,-0.0320649705827236,-0.0320649705827236,-0.0320649705827236,human,DOWN
HMGN2,-0.0318676941096782,-0.0318676941096782,-0.0318676941096782,-0.0318676941096782,human,DOWN
DLD,-0.0318082608282566,-0.0318082608282566,-0.0318082608282566,-0.0318082608282566,human,DOWN
COX7B,-0.0317661389708519,-0.0317661389708519,-0.0317661389708519,-0.0317661389708519,human,DOWN
MYPN,-0.031706478446722,-0.031706478446722,-0.031706478446722,-0.031706478446722,human,DOWN
SYPL2,-0.0312168784439563,-0.0312168784439563,-0.0312168784439563,-0.0312168784439563,human,DOWN
H1F0,-0.0310461428016424,-0.0310461428016424,-0.0310461428016424,-0.0310461428016424,human,DOWN
RBM24,-0.0307445600628852,-0.0307445600628852,-0.0307445600628852,-0.0307445600628852,human,DOWN
SNHG5,-0.0305055323988199,-0.0305055323988199,-0.0305055323988199,-0.0305055323988199,human,DOWN
MRPS35,-0.0304324999451637,-0.0304324999451637,-0.0304324999451637,-0.0304324999451637,human,DOWN
ACTN2,-0.0302338544279336,-0.0302338544279336,-0.0302338544279336,-0.0302338544279336,human,DOWN
GHR,-0.0300269126892089,-0.0300269126892089,-0.0300269126892089,-0.0300269126892089,human,DOWN
BANF1,-0.030019823461771,-0.030019823461771,-0.030019823461771,-0.030019823461771,human,DOWN
PTP4A2,-0.0293097551912069,-0.0293097551912069,-0.0293097551912069,-0.0293097551912069,human,DOWN
PPP1R1A,-0.0290647521615028,-0.0290647521615028,-0.0290647521615028,-0.0290647521615028,human,DOWN
HSPA8,-0.0289280861616134,-0.0289280861616134,-0.0289280861616134,-0.0289280861616134,human,DOWN
TMEM52,-0.0287502091377973,-0.0287502091377973,-0.0287502091377973,-0.0287502091377973,human,DOWN
CMYA5,-0.0283689610660076,-0.0283689610660076,-0.0283689610660076,-0.0283689610660076,human,DOWN
LOC100129550,-0.0282933749258518,-0.0282933749258518,-0.0282933749258518,-0.0282933749258518,human,DOWN
HIST1H1C,-0.0281288996338844,-0.0281288996338844,-0.0281288996338844,-0.0281288996338844,human,DOWN
ANO5,-0.0280994083732366,-0.0280994083732366,-0.0280994083732366,-0.0280994083732366,human,DOWN
CS,-0.0279407873749732,-0.0279407873749732,-0.0279407873749732,-0.0279407873749732,human,DOWN
DEK,-0.0278656035661697,-0.0278656035661697,-0.0278656035661697,-0.0278656035661697,human,DOWN
DHRS7C,-0.0278431791812181,-0.0278431791812181,-0.0278431791812181,-0.0278431791812181,human,DOWN
GUCD1,-0.027817690744996,-0.027817690744996,-0.027817690744996,-0.027817690744996,human,DOWN
ECHS1,-0.0276780147105455,-0.0276780147105455,-0.0276780147105455,-0.0276780147105455,human,DOWN
ALDH1A1,-0.027598425745964,-0.027598425745964,-0.027598425745964,-0.027598425745964,human,DOWN
YTHDF1,-0.0273865014314651,-0.0273865014314651,-0.0273865014314651,-0.0273865014314651,human,DOWN
HFE2,-0.0273676346987485,-0.0273676346987485,-0.0273676346987485,-0.0273676346987485,human,DOWN
LOC100505937,-0.0272776875644922,-0.0272776875644922,-0.0272776875644922,-0.0272776875644922,human,DOWN
KIF1B,-0.0271771717816591,-0.0271771717816591,-0.0271771717816591,-0.0271771717816591,human,DOWN
OXSR1,-0.0267543531954288,-0.0267543531954288,-0.0267543531954288,-0.0267543531954288,human,DOWN
RHOBTB1,-0.0267220996320247,-0.0267220996320247,-0.0267220996320247,-0.0267220996320247,human,DOWN
TMEM38A,-0.0262004490941762,-0.0262004490941762,-0.0262004490941762,-0.0262004490941762,human,DOWN
PPP3CA,-0.0260439366102218,-0.0260439366102218,-0.0260439366102218,-0.0260439366102218,human,DOWN
CSDE1,-0.0259666536003351,-0.0259666536003351,-0.0259666536003351,-0.0259666536003351,human,DOWN
CDCA7L,-0.0258942414075136,-0.0258942414075136,-0.0258942414075136,-0.0258942414075136,human,DOWN
ECH1,-0.0258421897888183,-0.0258421897888183,-0.0258421897888183,-0.0258421897888183,human,DOWN
MYF6,-0.0255322288721799,-0.0255322288721799,-0.0255322288721799,-0.0255322288721799,human,DOWN
ADRB2,-0.0255253873765468,-0.0255253873765468,-0.0255253873765468,-0.0255253873765468,human,DOWN
GLUL,-0.0251498371362686,-0.0251498371362686,-0.0251498371362686,-0.0251498371362686,human,DOWN
LSMEM1,-0.0250081568956375,-0.0250081568956375,-0.0250081568956375,-0.0250081568956375,human,DOWN
RPL22,-0.0249117761850357,-0.0249117761850357,-0.0249117761850357,-0.0249117761850357,human,DOWN
SLC38A2,-0.0249056741595268,-0.0249056741595268,-0.0249056741595268,-0.0249056741595268,human,DOWN
MRFAP1,-0.0249019116163253,-0.0249019116163253,-0.0249019116163253,-0.0249019116163253,human,DOWN
EIF4B,-0.0247566029429435,-0.0247566029429435,-0.0247566029429435,-0.0247566029429435,human,DOWN
DVL1,-0.024691104888916,-0.024691104888916,-0.024691104888916,-0.024691104888916,human,DOWN
ACTN3,-0.0245577488094568,-0.0245577488094568,-0.0245577488094568,-0.0245577488094568,human,DOWN
TMEM182,-0.0244671609252691,-0.0244671609252691,-0.0244671609252691,-0.0244671609252691,human,DOWN
CCDC43,-0.0244433879852294,-0.0244433879852294,-0.0244433879852294,-0.0244433879852294,human,DOWN
SAP18,-0.0243810676038265,-0.0243810676038265,-0.0243810676038265,-0.0243810676038265,human,DOWN
IER2,-0.0242819041013717,-0.0242819041013717,-0.0242819041013717,-0.0242819041013717,human,DOWN
CBX1,-0.024176113307476,-0.024176113307476,-0.024176113307476,-0.024176113307476,human,DOWN
PPP1CC,-0.0241693407297134,-0.0241693407297134,-0.0241693407297134,-0.0241693407297134,human,DOWN
RTN2,-0.0241309385746717,-0.0241309385746717,-0.0241309385746717,-0.0241309385746717,human,DOWN
AGTR1,-0.0239152405411005,-0.0239152405411005,-0.0239152405411005,-0.0239152405411005,human,DOWN
BZW2,-0.023737758398056,-0.023737758398056,-0.023737758398056,-0.023737758398056,human,DOWN
ASH2L,-0.0235717482864856,-0.0235717482864856,-0.0235717482864856,-0.0235717482864856,human,DOWN
FAM220A,-0.0235618129372596,-0.0235618129372596,-0.0235618129372596,-0.0235618129372596,human,DOWN
UBC,-0.0234000664204359,-0.0234000664204359,-0.0234000664204359,-0.0234000664204359,human,DOWN
FOS,-0.0233882181346416,-0.0233882181346416,-0.0233882181346416,-0.0233882181346416,human,DOWN
TPM2,-0.0233587119728326,-0.0233587119728326,-0.0233587119728326,-0.0233587119728326,human,DOWN
ADIPOR2,-0.0233282856643199,-0.0233282856643199,-0.0233282856643199,-0.0233282856643199,human,DOWN
PRRG1,-0.0232335720211267,-0.0232335720211267,-0.0232335720211267,-0.0232335720211267,human,DOWN
MURC,-0.0231796186417341,-0.0231796186417341,-0.0231796186417341,-0.0231796186417341,human,DOWN
FXYD1,-0.0229882709681987,-0.0229882709681987,-0.0229882709681987,-0.0229882709681987,human,DOWN
ZDHHC7,-0.0229759663343429,-0.0229759663343429,-0.0229759663343429,-0.0229759663343429,human,DOWN
MRPL33,-0.0228990614414215,-0.0228990614414215,-0.0228990614414215,-0.0228990614414215,human,DOWN
SMCO1,-0.0226978082209825,-0.0226978082209825,-0.0226978082209825,-0.0226978082209825,human,DOWN
ZNF106,-0.0223878603428602,-0.0223878603428602,-0.0223878603428602,-0.0223878603428602,human,DOWN
ZNF423,-0.0223260894417762,-0.0223260894417762,-0.0223260894417762,-0.0223260894417762,human,DOWN
EEF1G,-0.0222517978399992,-0.0222517978399992,-0.0222517978399992,-0.0222517978399992,human,DOWN
HIST1H2AC,-0.0222405437380075,-0.0222405437380075,-0.0222405437380075,-0.0222405437380075,human,DOWN
TSPAN8,-0.0221480224281549,-0.0221480224281549,-0.0221480224281549,-0.0221480224281549,human,DOWN
FNDC1,-0.0220589805394411,-0.0220589805394411,-0.0220589805394411,-0.0220589805394411,human,DOWN
COQ10A,-0.0218340530991554,-0.0218340530991554,-0.0218340530991554,-0.0218340530991554,human,DOWN
ABLIM1,-0.0217471309006214,-0.0217471309006214,-0.0217471309006214,-0.0217471309006214,human,DOWN
XPO4,-0.0216426476836204,-0.0216426476836204,-0.0216426476836204,-0.0216426476836204,human,DOWN
CFL2,-0.0215293020009994,-0.0215293020009994,-0.0215293020009994,-0.0215293020009994,human,DOWN
CHCHD2,-0.0214454568922519,-0.0214454568922519,-0.0214454568922519,-0.0214454568922519,human,DOWN
KBTBD12,-0.0213506277650594,-0.0213506277650594,-0.0213506277650594,-0.0213506277650594,human,DOWN
TMOD4,-0.0211966037750244,-0.0211966037750244,-0.0211966037750244,-0.0211966037750244,human,DOWN
MRPS27,-0.0210903529077768,-0.0210903529077768,-0.0210903529077768,-0.0210903529077768,human,DOWN
HOXA10,-0.0210315212607383,-0.0210315212607383,-0.0210315212607383,-0.0210315212607383,human,DOWN
LAPTM4B,-0.0209700688719749,-0.0209700688719749,-0.0209700688719749,-0.0209700688719749,human,DOWN
LOC93622,-0.0208514686673879,-0.0208514686673879,-0.0208514686673879,-0.0208514686673879,human,DOWN
LOC100506728,-0.0207375157624483,-0.0207375157624483,-0.0207375157624483,-0.0207375157624483,human,DOWN
SMTNL2,-0.0206801239401102,-0.0206801239401102,-0.0206801239401102,-0.0206801239401102,human,DOWN
LINC00202-1,-0.0205361768603324,-0.0205361768603324,-0.0205361768603324,-0.0205361768603324,human,DOWN
TUBB,-0.0205175094306468,-0.0205175094306468,-0.0205175094306468,-0.0205175094306468,human,DOWN
SUMF2,-0.0204762909561395,-0.0204762909561395,-0.0204762909561395,-0.0204762909561395,human,DOWN
RASSF3,-0.0204706285148859,-0.0204706285148859,-0.0204706285148859,-0.0204706285148859,human,DOWN
QRICH1,-0.0203293617814779,-0.0203293617814779,-0.0203293617814779,-0.0203293617814779,human,DOWN
CCNI,-0.0201874524354934,-0.0201874524354934,-0.0201874524354934,-0.0201874524354934,human,DOWN
MMGT1,-0.0200913045555353,-0.0200913045555353,-0.0200913045555353,-0.0200913045555353,human,DOWN
TSPYL5,-0.0200122594833374,-0.0200122594833374,-0.0200122594833374,-0.0200122594833374,human,DOWN
