gene_symbol,adj.P.Val,logfc_dz
MMP26,0.0219871781680439,2.42700731587756
FREM2,4.96805317043583e-05,2.37792234385531
,3.62940958600914e-05,2.36410213588565
CTSZ,1.66049134632163e-09,2.30615094078019
CRISP3,0.00142030725793783,2.26898977542377
PLA2G4A,8.77948220326629e-05,2.16591985229293
PKHD1L1,0.00714772052609679,2.1297287416612
SNTN,8.11282857239064e-06,2.10501298292176
SNX30,4.55204911593473e-06,2.08212916578412
AGR3,3.55110634038629e-05,2.05597901496479
LOC101927057,1.13526586032259e-05,2.03814015707465
,0.00267974061640115,2.02596404190002
NTN4,1.8939599257364e-05,1.97881566677187
SLAIN1,0.000367034020914564,1.9585707138289
FAM110C,0.00671676307136276,1.95128343714245
ZNF506,1.40933457523065e-06,1.94245746616187
ENPP3,0.0206232829198652,1.88913799242021
TXNDC16,0.000123144269100868,1.87781070861867
RWDD3,2.51744291184695e-06,1.8669313463632
GBP3,0.000293724634042074,1.84731834716631
PDE4DIP,6.44129487754427e-06,1.83612084623911
PIP5K1B,5.37274713837428e-05,1.83161390566955
TOPORS,1.39443777494124e-06,1.82333686124656
CIPC,4.40958847831681e-05,1.80058476593079
TFPI2,0.0114145555194658,1.79935503303705
TSIX,8.75207650224348e-06,1.7982019228219
LY75,1.66155755707656e-05,1.79792277541781
NDP,0.000405861203656004,1.78619243584837
CCDC146,0.00103087460576727,1.780314115975
SLC22A3,0.000272870412312435,1.76454810247534
RBBP5,2.94801910139082e-09,1.75535566321331
PSPH,5.93329027635289e-05,1.73923449254855
IL15,0.00052189722165529,1.72894588969588
LRRC1,0.00209889184145656,1.72425807831447
TRAPPC13,6.88430046177377e-06,1.71903006576353
RSRP1,0.000932692950804133,1.71873750922876
ARMT1,5.71267188276022e-05,1.7155106555959
PRPF39,0.000105884647108638,1.71448192401039
HGD,0.000559307795930753,1.71221011782041
SHPRH,6.43170153219298e-05,1.70286079654746
SDAD1,2.53715150118868e-06,1.70194123781177
ABCA5,0.000128989308715667,1.70159358349122
CLGN,0.000242255059308431,1.69441690703945
FAIM,1.84630333110082e-05,1.68028418677447
KBTBD7,1.8006449797509e-06,1.67769481211578
ZNF140,7.1208043917706e-05,1.67429671065646
MUC15,0.000105044421394834,1.66822410939697
HPS5,1.77670005723821e-06,1.66735343980171
NIPSNAP3A,2.00465361775844e-05,1.65511740827101
EFCAB7,7.01676755579985e-06,1.65415180484217
DMXL1,5.1354633693118e-05,1.65241881059215
TMEM144,1.71347885695011e-05,1.65226983921597
ZNF573,8.85422125439672e-06,1.64358537400334
AKR1C3,6.95587928173296e-06,1.64271557027771
SLU7,6.80428722541352e-07,1.6401454053891
TRAPPC6B,7.35953867606769e-05,1.63940453049455
YIPF5,1.12642991883037e-06,1.63306049398721
PPP3R1,3.71586118680636e-07,1.63117193825767
IFNGR1,4.72649548566011e-05,1.62535940457852
DNAAF4,7.95320095134988e-07,1.62335490326847
OSBPL1A,1.14303080520296e-07,1.62263952757987
BTAF1,0.000144118375152185,1.61833907421961
ACTR6,1.33015119071939e-05,1.6152878227069
SLC16A6,0.000829578364322925,1.61419950595246
DDX60,1.2484346838575e-05,1.61331058728732
TIGD2,1.02224863339219e-05,1.61159912529054
BIVM,5.29270492349249e-06,1.61056356367185
CCDC113,1.75323774107051e-06,1.60958289308963
CWH43,0.000251020627737066,1.60714508053561
RRM2B,3.57425149831282e-06,1.60695199310323
GRAMD1C,0.0184650772638508,1.60665930531505
CTNNB1,1.62246548020927e-08,1.60552247068454
C1D,0.000136906864946345,1.60467700501348
GPAM,2.95630890577748e-07,1.600904833102
HERPUD2,2.06260269668845e-06,1.60082501276078
CMTR2,1.02098498925613e-05,1.59958258601639
EXOC8,7.86169813563938e-06,1.5963960953001
SPA17,1.14211079643064e-06,1.59609567253781
PCYOX1,3.96957048189123e-05,1.5897595640562
SLC25A43,0.000190003517653555,1.58767992081445
PHYH,2.99115822316252e-07,1.58648987887159
APPL1,2.92539661257673e-06,1.57887184971369
PLAGL1,0.000472225433557257,1.57704262297351
SGCE,0.00102099937570918,1.57141966500409
ZC3H12C,7.951728268064e-06,1.57027693008692
ADAMTS5,6.29961475627718e-05,1.56708945041602
PIBF1,1.77776671242054e-05,1.5662401393435
LRIF1,2.29187985918053e-05,1.56327337451305
SUCLA2,9.03362060638862e-05,1.56150945697905
TAF1D,5.97423603373199e-05,1.55819732404648
ASB3,6.12375649829966e-06,1.55547976747816
SMC3,1.23626160811193e-06,1.55502794681817
TUBE1,0.000203014105639749,1.55485493543519
HSDL2,1.72942271475716e-05,1.5547924895717
IFIH1,2.21344124580861e-06,1.55442693003224
EAF1,5.82006974599385e-06,1.54920872307611
C17orf75,8.83391524182004e-07,1.54903933136786
PYGL,5.85690102920745e-05,1.54742498741686
CNTN3,0.00106977381134825,1.54490092594242
DSG2,3.9048801110146e-05,1.54114458124295
ZNF277,2.68612477519242e-05,1.53925727346558
SWAP70,5.09355019776626e-05,1.53570894506656
DHX29,0.000111071930717564,1.53293276878427
RUNDC3B,9.86869606254241e-06,1.53158565632571
AGL,1.05636296592462e-05,1.53083482513544
SYNJ2BP,1.72169387375148e-05,1.52981813499177
OLFM4,0.00242925978773878,1.52940540557014
WDR47,4.26985452259393e-06,1.52649844790457
DBF4,0.000470632243379736,1.52462330561157
MOB1B,5.44408353203265e-05,1.51820216775831
YWHAB,1.30609332238871e-06,1.51518432857737
RPS6KC1,7.41484059602745e-05,1.51382180900366
POC1B,0.000485683501679284,1.50995196625491
SRP72,1.08134328977506e-05,1.50790061432021
MNS1,2.31881427322889e-06,1.5071505183705
BRCC3,1.00779111319885e-05,1.50686644078431
CETN3,6.59688900427338e-06,1.5057626542515
SLC19A2,3.97521405068318e-05,1.50265364030718
LRP11,9.49307522259061e-05,1.50183918478061
UBR3,1.84497719677486e-05,1.50096460942502
PPWD1,0.000458029790143827,1.50084986352384
BAZ2B,0.000171331304838946,1.50044466318109
BBS2,2.48291350303655e-06,1.49857616111874
GSAP,0.000860215497043863,1.49718027810154
LOC100287896,4.55039255793257e-07,1.4969926774669
LINC02888,0.00938869231065726,1.49684822953626
NDUFA5,0.000107571937375353,1.49615634138064
ANXA3,0.00196641502099537,1.49303561638813
PCSK5,5.13816199999322e-07,1.49251055874876
IL33,2.0500816171274e-05,1.48970598951994
FUNDC1,7.01676755579985e-06,1.48824754904005
GHR,1.43082391421601e-05,1.48462355421032
ACSL3,7.4757258046973e-05,1.4844712036403
UFL1,2.66980900198055e-05,1.4810575374628
ATP8B1,1.02207571073068e-05,1.48103773450954
PTER,5.2169167085735e-06,1.48012281911723
NAP1L5,6.25141648867157e-05,1.47969335544425
LINC00645,0.0016994506116176,1.47675784097154
GLIS3,4.78842891849585e-06,1.47546233085696
RRAGD,2.21835717536283e-05,1.47349648076396
EIF2AK3,3.35720912799822e-05,1.47326808075589
CREG1,3.71644993497167e-05,1.47242984405651
INTU,2.47922702439257e-05,1.47219301833941
RIT1,7.95320095134988e-07,1.47000138279909
PHKB,3.48672091481411e-05,1.46798624223075
C15orf48,0.0234931478956737,1.46690190291841
PTN,0.00030200884241891,1.46428955696756
KAT2B,3.63024593228651e-05,1.4638715770182
ADAT1,8.38805491972169e-07,1.46350969292802
OSTF1,5.82765482129245e-05,1.46347422645974
ARHGAP18,3.72152178406271e-07,1.46149268708488
VEZT,4.90905241049746e-05,1.45855647579905
NCEH1,9.77471913586696e-05,1.45747851471952
PAPOLA,1.25245547460637e-05,1.45153543794744
PLA2G7,3.96823959054867e-05,1.4502459611028
PRKX,0.0041857376051198,1.45016725780128
VLDLR,0.000136653206278467,1.44950376165211
SPAG1,0.00066812733776376,1.4477029326327
THUMPD1,0.000130883979187686,1.4450583179119
CAPSL,0.000111610639780885,1.4440352212256
TOGARAM1,6.38682887499552e-05,1.4431971602169
STK39,5.44829344947539e-05,1.44132934217166
ZNF23,8.63239702896654e-05,1.43778024415214
LINC00844,0.0427916626241206,1.43692554806681
NRBF2,5.71958129240576e-05,1.43558153061671
ZMAT1,0.00056115434373053,1.43509480296952
CRISPLD1,0.00043114882580616,1.4338469927963
PPIP5K2,4.63827712819103e-05,1.43147680507668
ZNF83,0.00583149318892244,1.42949995448378
ZNF596,6.6572946740647e-06,1.42791712013783
AASDHPPT,2.15093795094403e-05,1.42774685753687
WDR11,7.30537067012075e-05,1.42731620013577
ENPP5,1.83106256085356e-07,1.42625620570922
ZBED8,2.97409431596941e-05,1.42402000734247
FNBP1L,1.793682749991e-05,1.42366693057107
EOGT,0.000853781950226691,1.42150061228475
PLCB4,0.00739727692494812,1.41996796135589
ALG14,1.54289378534698e-05,1.41947113842678
SLC15A2,0.00230761887869452,1.41725068932962
HCG11,1.66049134632163e-09,1.41611018655539
MORC4,4.66256659235263e-05,1.41516419865864
AASS,5.20731890627884e-06,1.41490676609721
AMZ2P1,8.61883245622646e-05,1.40996342899193
DMXL2,0.00123121252037754,1.40871018029676
PHAX,1.38716585474718e-06,1.40825331293684
LIMA1,1.11929876321661e-05,1.40763405481488
ANK3,0.000178935875867889,1.40607576902396
DDX60L,1.34107753599469e-05,1.40533242002905
TEX9,5.37958762267716e-10,1.4047412714273
NPHP3,0.000517833366028313,1.4046978263798
FZD6,0.00168156653997662,1.40397977149215
TLR3,3.55110634038629e-05,1.40077099105367
DCDC2,0.000134372469782492,1.39989129106829
MSMO1,6.35773309442674e-05,1.39950844346314
GNL2,0.000217425046836195,1.39907798834711
SLC35B3,5.86850950829593e-05,1.39631797152708
ZNF880,6.13188822139622e-05,1.39557487980994
KDM3A,0.00067391546892062,1.39368491790718
TMEM178A,0.000503652870973805,1.39280956866313
EFHB,2.21344124580861e-06,1.39278115646101
CLK4,0.000221257505113252,1.39261043062435
BBS7,2.91624095234936e-06,1.39210997806698
MMUT,5.29861376825375e-05,1.38724840987479
HK2,0.000516496210985069,1.38306210076146
ETAA1,9.91495827291207e-06,1.38301420270782
ZNF823,3.50092391577833e-05,1.38081320933801
GET1,0.000124560977665465,1.37998566005805
MIR302CHG,0.000106011651648557,1.37962446599309
FAM81B,0.000143482860371918,1.37912126984812
DNAJC9,0.000103869445228575,1.37872277158847
PLOD2,8.28227886904459e-05,1.37774331809729
MITD1,0.000111071930717564,1.37611903522591
TPD52L1,0.00441720257460415,1.37325039334005
SERTAD2,2.01347691432613e-05,1.37085342385567
NLK,1.92378014216139e-07,1.37064516660723
F2R,0.00190509365257746,1.36987677682026
BTBD3,0.00227283512799434,1.36958656396316
KCTD18,3.58457228468646e-05,1.36942407569668
CERT1,1.28953389670396e-05,1.36932160732509
CHORDC1,0.000863486163891688,1.36881879861306
DBR1,1.29017438633407e-06,1.36857865869569
MAP4K3,0.00109874018419555,1.36802017326269
TMCC3,4.63640213555854e-06,1.3672154246939
RALGAPA1,0.000867453963857129,1.36714687930641
MRPL13,0.000684629168200292,1.36711384615328
CIR1,0.000195834591269455,1.36708000306339
PCDH20,0.000500286416406933,1.36515519197684
ADGRG2,0.0277032084828958,1.36414150878773
ZUP1,1.84383378025961e-05,1.36305367502178
CEP70,7.01594009576364e-05,1.36294577595716
UGT8,2.17913620572056e-05,1.36268861216455
CAPZA2,0.00013546423445369,1.36265299045492
FAM214A,0.00103118884694917,1.36242057737585
MIR29B2CHG,0.00108147114278877,1.36098541750166
WIPI1,4.06000215479791e-05,1.35961969279247
DARS1,2.72734568749489e-05,1.3579994220855
COIL,1.99041951209534e-06,1.3565431574064
RGS7BP,1.10949202721665e-05,1.35536533690795
HSP90B1,0.000363538739897853,1.35531696713734
HIBCH,4.8249313523255e-06,1.35522840680924
CXorf38,1.18167834223124e-06,1.35461061369185
LAMP2,6.62722394516117e-06,1.3528304292746
RBIS,8.83391524182004e-07,1.35118807309554
CASP6,9.06305938357044e-07,1.35060215676015
RLF,3.77638754801002e-06,1.34897659147653
GNPTAB,3.28981750404392e-06,1.34816116687302
HTR2B,0.00644297855668155,1.34811867137328
GNAI1,0.000252443060219243,1.34805478857312
TSNAX,4.90905241049746e-05,1.34797788433677
EIF2AK4,6.56144737396863e-06,1.34689582025796
APOO,0.000133066480812775,1.34633320025286
MPHOSPH10,0.000324490901143977,1.34569838319983
PHACTR2,5.02651988583164e-06,1.34476275671966
DKK1,0.0395096255058109,1.34441767965391
SPP1,0.016611973862999,1.3429566207552
SPTSSA,6.39660862979802e-05,1.34130789142062
MTR,0.00135542241813004,1.34054395331883
MCC,1.69203926634055e-05,1.33949882718248
PLEKHG1,2.26172078645684e-05,1.33891937731144
PRELID3B,0.000259066820067327,1.33864110364885
IFI44L,0.000213110493648753,1.33733793838067
ZNF776,1.12064726280032e-05,1.33624612786165
GMCL1,6.91264008183444e-06,1.3357093942165
MTIF3,8.87274424873597e-06,1.33536025557311
ENPEP,0.00857520552257936,1.33362378040674
RAB11FIP2,2.67672792225946e-05,1.33310831092553
TMEM135,6.28327935400212e-05,1.33274553552856
ABAT,0.00184791296020748,1.33218451087888
GORAB,4.69584493996962e-05,1.33011135346389
CEP76,9.52202817700533e-06,1.32930863702704
USP46,1.2164855883212e-06,1.32919214702351
EHHADH,2.08181262962316e-07,1.3281593320585
C2CD5,0.000756859291390703,1.32766891272862
SLC46A2,0.0465711076985635,1.32766302597855
ZNF440,0.000140867471995441,1.32724168077833
BPGM,1.19957542686284e-05,1.32638535937298
CRACD,1.35456063287487e-05,1.32633147832611
PYROXD1,0.000375871681394279,1.32590183015428
C9orf64,1.77370597190039e-06,1.32585552529656
WASHC2C,0.000676740832409084,1.32584799565351
GINM1,1.69203926634055e-05,1.325514224505
MRPL19,5.84118730124576e-06,1.3252269220472
SANBR,0.000119877523340739,1.32447566442549
RAD54B,0.00141788278560545,1.32447292516602
ARL6IP5,2.43827652561362e-05,1.32418232243824
F3,0.00252066011974406,1.32207056671223
ST3GAL6,0.000684296030128767,1.32161850520396
KRBOX4,0.00014192514956731,1.32127307000518
SPATA5L1,2.65978423053798e-05,1.31994658467154
CUTALP,0.000777862387469395,1.31866943533467
KLHL8,2.58461572388062e-05,1.31860730948163
UBLCP1,4.23808197176057e-05,1.31802076601353
MDM1,5.60662090243928e-06,1.31786263112363
TMF1,6.36832035594982e-05,1.31717159149703
MRPL3,0.00014918735273957,1.31660125752452
ABRAXAS1,2.34641951912781e-06,1.316043110864
DNAI7,1.30672188705125e-05,1.31532477025012
ANKRA2,0.000110011192482853,1.31365711759861
MGME1,3.67840434371694e-05,1.31283032663146
ARFGAP3,0.000442949911234221,1.31147675898395
HEY1,0.00182201768888755,1.31080201850634
SLC38A6,0.000596351237791644,1.3104011095656
C2orf76,6.4194917305696e-06,1.3085903235423
RB1CC1,6.87623919034053e-05,1.30851792613884
UXS1,2.187226059962e-06,1.30812614673398
LAMTOR3,1.37221206239407e-05,1.30696134950417
ATAD2,5.93329027635289e-05,1.30599145276145
TMEM17,1.66049134632163e-09,1.30437186944211
POLI,8.59570057216887e-05,1.30358474582144
LRBA,8.11282857239064e-06,1.30274439153252
CWC22,1.8939599257364e-05,1.30209437299582
PEG3,0.000925166626925584,1.30056195966081
SERINC1,0.00181833242013522,1.2998017419351
BAG5,1.8830771748369e-05,1.29974757966971
CHMP4C,0.000269800534983481,1.29931880714942
RESF1,0.00213700727730211,1.29925960045302
CYP27C1,1.5145452243003e-05,1.29859322941886
FASTKD3,0.000112042435051121,1.29776613489028
PPIL4,0.000290535402328805,1.29715193055955
MASTL,5.20731890627884e-06,1.29602057467145
CHMP5,5.67521254513462e-05,1.29576893439098
TTF2,8.07380806593445e-05,1.2954271006617
PIGK,3.70408385353683e-05,1.2949085104438
OTUD6B,5.38181584467763e-05,1.29471830278641
DISP1,8.49253744892716e-06,1.29369177910965
CRY1,0.000106120305228893,1.29356636016155
TTC37,4.39606228404881e-05,1.29281036268814
WASHC3,1.38701199401901e-05,1.2913304816267
NUDCD2,2.44508554180407e-05,1.28922890986873
LONRF1,4.01608265994664e-06,1.2887542049211
PLIN2,3.9331264195304e-05,1.28859036181551
NUCB2,3.77755710709222e-05,1.28847023696693
NME5,4.35610706855752e-06,1.28713457866678
TUNAR,0.000221891703855845,1.28687822286865
AK4,0.000168640043160397,1.28563441022553
CCDC91,4.11524117044293e-05,1.28506945684993
GBP1,0.0107933845372366,1.28432386740748
BIRC3,0.000925557451185137,1.28244401506378
ING2,1.28340901226728e-05,1.28036973907788
RECQL,7.34351802477015e-05,1.2799257824927
KDSR,8.38805491972169e-07,1.27863065848923
MAP2K6,0.00525989403768295,1.27833621880474
SUMO1,0.000132240875176135,1.27745078039324
LIMCH1,5.64100933537525e-06,1.27681371303761
HOATZ,2.52170684493044e-05,1.27564867917463
SLC44A3,0.000870254396899523,1.27541390495211
CRYZL2P,0.00336841444269925,1.27535121059809
ADK,6.43963998070972e-06,1.27329853862639
RRP15,4.01608265994664e-06,1.2730261068226
IRAK1BP1,1.7249127146943e-08,1.27282748749104
GCA,4.78148975702701e-06,1.27244794510497
GOLGA8A,0.0262766545767789,1.27197094905685
FRYL,1.44486781138065e-05,1.271352201581
DNM3OS,0.000673534968121713,1.27124871891262
HMGN3,8.42593885972199e-05,1.27119417144076
UBA3,0.000129055115094983,1.27114127426535
DPY19L3,3.82032503942762e-05,1.27079413938885
IMPA1,2.54532702728887e-05,1.27051024123096
NEMF,0.000334595193964993,1.26960076862121
ITGB8,6.13789744403678e-05,1.26954473582219
MFN1,0.00040100164423379,1.26874631101207
ENPP4,7.8237362649333e-05,1.26844421002293
GLUD1,7.01890637676976e-05,1.26623696731127
TDP2,0.000312288816993324,1.26530989408478
MEF2A,8.38893499823264e-06,1.26518928728017
HERPUD2-AS1,1.57527042690073e-05,1.2648265669578
NAP1L3,0.00140973254605907,1.26430305833713
HOOK1,0.000165678972200934,1.26413550722547
B4GALT4,0.000340305902476381,1.2628823057495
MACO1,1.23047766647668e-06,1.26239535661534
AMY2B,0.000140138393296328,1.26209146102992
NUDT12,7.78099168885759e-06,1.26169447113214
USP53,0.0063043237782627,1.26154573876859
DAAM1,0.000132474861347333,1.25928188656224
CCNYL1,1.08037984145766e-06,1.25856722843615
CLK1,0.0116496245286303,1.25849853552609
LLPH,4.11524117044293e-05,1.25843082353232
CD36,0.0227019429335693,1.25813124343187
TMEM87B,3.26414437700454e-05,1.25722609067575
STXBP6,0.00359792081970059,1.25544930876689
NMT2,4.57659050548797e-06,1.25414928595888
AUH,2.25280427648435e-05,1.25383708088969
ALDH8A1,0.00687466913926747,1.2526439317975
LRRC40,0.000493670445373095,1.25214989581302
TTC14,0.000159657378568397,1.25151389485788
ZNF320,8.52833044457858e-05,1.25127283458164
EIF3F,1.90922429834732e-05,1.25101116804732
BBS4,1.0641242193583e-07,1.25093139692575
TMED6,0.000124990823852385,1.25076266770753
MIB1,1.7199964832466e-05,1.25028134896651
PLEKHB2,1.59284817578051e-06,1.25016268966565
SPA17P1,2.09965128144e-05,1.25013222646022
ZNF281,2.23912396467029e-05,1.24913115249467
RHOBTB3,0.000289154321526267,1.24897209747244
RBM34,1.02264586122186e-05,1.24883101425442
ETFDH,2.03488382635756e-05,1.24820952458434
TMEM268,3.44308386584784e-05,1.24774985347824
ERMP1,6.13188822139622e-05,1.24757513986176
MFSD6,0.000222402222362174,1.24715835233307
ATP6V1H,0.0001344452179228,1.24659257105236
MICU2,0.000217359918460625,1.24645826050176
NSRP1,0.000136534691979158,1.2460598675294
TAF1A,2.80104006809921e-05,1.24601135272142
SYNC,9.59851824933659e-06,1.24589325895471
ATMIN,5.52724553901933e-05,1.24554029030997
HIBADH,0.000110798998257346,1.24479282508368
TMEM69,4.96805317043583e-05,1.24294491851178
ZCRB1,2.47382598713047e-06,1.24287989239536
ANKMY2,8.47113134434527e-05,1.24271523952995
PDZD8,6.00126354306695e-05,1.24197390341775
SMURF2,3.39540477151351e-06,1.24057994720379
KCTD3,0.00226971629594655,1.23954336613719
MED4,1.22065935730604e-05,1.23748958850941
NIPSNAP2,0.000136906864946345,1.2373235913624
ZNF25,1.0393276737211e-06,1.23701496652796
DYNC2LI1,7.77411328254507e-05,1.23700677630968
ARRDC4,0.00161453613438609,1.23589058264168
CRNKL1,0.000127880152224593,1.23540196671314
CYP2J2,0.00285997849217384,1.23385606393028
GON7,0.000310017553839957,1.23367284204412
POGLUT3,6.89426607263448e-05,1.23303962531999
ZNF462,1.62398768402751e-06,1.23251489648448
ARHGAP12,0.000301645550141082,1.23191329380696
EBAG9,1.0393276737211e-06,1.23175984439475
RHOT1,7.3196860815992e-06,1.23152831614007
NUP153,0.000238630780165545,1.23085456417992
CHD1,0.000701274138830619,1.22956256677276
MIS12,4.08878266665061e-05,1.22874809805661
TBPL1,0.00021659250228894,1.22838483757502
FAM155A,4.91172066644419e-06,1.2283776959785
CKMT2,0.00163579320780097,1.22836865480092
CDC14B,2.55480558809838e-06,1.22743830287414
ICE1,5.07271695099679e-05,1.22714193219143
ZNF217,3.47213930833247e-05,1.22713466827824
IDH1,0.00117523936549276,1.22709353909422
WDR41,7.50334009262076e-06,1.22707236518568
NUP35,0.000711723657900693,1.22610273565355
JKAMP,6.90549931176904e-05,1.2259932260165
THEM4,0.000868196183904508,1.2257190211112
BCAS2,4.98899754385342e-05,1.22245173345355
PSMA3-AS1,0.0111021919246945,1.22221124605829
OXR1,0.000264781936858205,1.2216810885424
PET117,1.49946900463598e-05,1.22163142555782
DNAAF2,1.59621801772302e-05,1.2215499409509
SLC25A13,2.19981507936695e-06,1.22137766795067
NEK4,1.63895140858961e-05,1.22136220242561
ABCB10,0.00104505019090717,1.22103993899519
ERLIN2,1.62398768402751e-06,1.22084121348233
,0.000924560246198316,1.22013280974479
CDS1,3.12338059657756e-05,1.22001177345506
GALNT7,0.000121027818716865,1.21974773856235
EAPP,7.94580481261228e-05,1.21938582355222
PNPLA8,0.000235798447312022,1.21831580594614
ZNF280D,1.00779111319885e-05,1.21816894069534
FANCL,0.000148294955112231,1.21745614946436
PDHX,9.57806736748462e-05,1.21716326041292
DLG5,0.00193133289161693,1.21659700291397
EPS15,0.000177444579217237,1.21649992716983
BLOC1S6,8.00533568226501e-05,1.21649792642206
TMA16,3.72714063093115e-05,1.21482431075995
C6orf120,7.76882233806342e-05,1.21415332901925
SPPL2A,1.8830771748369e-05,1.21413149271563
SRP54,7.72315127802159e-06,1.21407638368279
GOLGA5,5.63148883149023e-05,1.21390527196956
SCIN,0.000575368876136518,1.21386974058584
LACTB2,0.000545105112487321,1.21378680881228
IVNS1ABP,0.0038432270060867,1.21362744746892
SGMS1,0.000398178711701151,1.21271426568162
CRISP2,0.00212635998661709,1.2124414994878
PAXIP1,1.80484533906222e-05,1.21237151770003
SLC30A5,0.000119191370294649,1.21055484082122
NNT-AS1,3.19978855493636e-05,1.20973432351638
KIAA0232,7.17269217490546e-05,1.20957150893429
UPF2,0.00177810759744735,1.20941441449042
BORCS7,6.53983960082127e-05,1.20910472565798
SACM1L,0.00121324126915066,1.2078837744164
SNX9,0.000345725394084539,1.20775591083421
HAT1,0.000306164626048943,1.20701751362041
ZNF304,9.70944998906229e-05,1.20662111960931
EXOC1,0.000536994678545331,1.20622339214323
SCYL3,1.96165172620718e-07,1.2060383342065
ELOVL7,0.00153178438284157,1.20482353360289
CMAS,2.58781701644512e-05,1.20473419360485
PWWP3B,0.000729698099177645,1.20455885763479
CYB5A,0.000837064560746464,1.20274382864936
AK3,2.63929931721825e-05,1.202546273271
NFIB,0.000109292060756018,1.20252420725318
PRMT3,0.000220370825496197,1.20122598353346
ZBTB41,7.92116625150738e-05,1.20094418648851
FBXO33,3.39540477151351e-06,1.20054260959063
ESF1,3.02612058730034e-05,1.20036776829254
RNF13,0.000188420822421894,1.20034077345295
ENOPH1,5.44158338950964e-05,1.20015748496523
SNX14,0.000148869899798994,1.19971780089345
BBIP1,1.73443756956934e-05,1.19952872155029
SLC12A2,3.74245586323644e-05,1.1992621902778
TSPAN13,0.000198553159041216,1.19925850837347
ACSM3,0.0051023466905309,1.19881370335926
NFIL3,0.000108460763107982,1.19876708937417
FBXO8,9.33559900438066e-06,1.19863134663088
KPNB1-DT,5.38434167802316e-05,1.19846812485523
CHMP2B,7.951728268064e-06,1.19830927115689
CA2,0.00314445989009245,1.19783463593575
MEGF10,0.0199203480456059,1.19768039133817
MBOAT1,0.000357579821176378,1.19722465304924
SQOR,4.22212730300141e-05,1.19700734115831
HEATR5B,3.08388267601736e-05,1.19699786247031
CTNNA2,0.0209701272244041,1.1969317365088
PPP2R3C,0.000555342897096604,1.19511939770882
MTRES1,1.87636848325548e-05,1.19447014496164
SCAF8,2.74361026805784e-05,1.19406381506566
IKBIP,4.42832457681531e-06,1.19400312588138
SLC35A3,5.20731890627884e-06,1.19383708771458
CBR4,5.66948271064247e-06,1.19347204758713
FAM221A,2.47382598713047e-06,1.19299615947878
KLHL2,6.4194917305696e-06,1.19287836762686
GMNN,0.00251164860926017,1.1927019822889
FRMD4B,0.0031088649993816,1.19243077150416
ASAP2,0.000120828830295184,1.19224676778441
SUDS3,2.05616960251374e-05,1.19189024607275
COPS5,0.000159316896013094,1.19165079479444
TMEM154,0.00334081457501915,1.19088732880183
RIN2,0.000112527542943609,1.19034252033393
UPK1B,0.0206311323994414,1.18963123205572
GIMAP2,0.000493485418254896,1.18957975464815
ZNF189,9.42545564381965e-06,1.18950307689325
ELF1,1.96286962399607e-07,1.18896372297174
CLCN3,2.48159872211732e-06,1.18822339661933
PLRG1,0.000111412264062049,1.18806400497752
MINDY2,0.00142647126480602,1.18793709832681
PRKAG2,0.000406447991039209,1.1879088058536
VPS37A,9.29355247799935e-05,1.18749338359075
TRMT6,1.0840449859145e-05,1.18697935116245
KBTBD6,3.39726893141804e-05,1.18689677174313
RARS1,0.000573844161202495,1.1863396506152
MIS18A,1.47241810452043e-05,1.18571316038786
PCMTD2,0.00163469513911998,1.18549065645794
GIMAP7,0.000132029248139572,1.18515277850052
OBI1,9.85126579414711e-06,1.18495861386702
TRIM2,3.0804914775256e-05,1.18301992260898
TEFM,1.05056016810616e-05,1.18256090730165
MRPS28,4.03927472556862e-05,1.18239731972236
CHUK,0.000364600065458162,1.18225727517298
PBDC1,1.92459399774152e-05,1.18171276208322
TTC30A,2.01815929876173e-08,1.18167349618259
TRAPPC11,0.00043042105943957,1.18103923975522
PEX3,2.60293528975093e-05,1.18029666260124
KIF3B,1.13485876790101e-05,1.17991365273372
ALKAL2,0.00627612545736695,1.17981913776681
UFSP2,7.20307673603851e-05,1.17962163706969
HADHB,1.60684266064835e-05,1.17929522187347
PPM1B,0.000490086705041437,1.17870900766954
ETFA,0.000312782114431389,1.17824486441195
YARS2,3.67840434371694e-05,1.17823203708939
YTHDF2,2.49727064430453e-05,1.17760398444531
RTCA,7.84846437605412e-05,1.17742497883946
RNFT1,4.62822858266421e-05,1.17631887856315
NUDT15,1.06937240698454e-05,1.17631307600203
FAM177A1,0.00154532734415806,1.17576870951838
FAM8A1,5.33993428839552e-05,1.17488808037657
LOC112268301,2.21835717536283e-05,1.17484528750735
ANKRD13C,6.35773309442674e-05,1.17377094497818
ZNF766,7.60560831781072e-07,1.17358178891754
U2SURP,0.000542725769744081,1.17291537522335
ALDH9A1,1.33015119071939e-05,1.17275618784839
SYTL4,0.0010720307486922,1.17272316993309
CDKN1B,1.8478033963115e-05,1.17259251878479
CASP8AP2,0.000203374497586713,1.17139010674381
BNIP2,3.36015221094506e-06,1.17128493961981
MIR22HG,0.00123412132071165,1.17070393860879
ZDHHC23,1.47760601762183e-05,1.16985917708862
PPM1H,0.00150831794808095,1.16956984642155
IMPACT,2.51744291184695e-06,1.16795336197651
SLC35A1,0.000158318948739834,1.16701227318245
BNIP3L,5.39411065586493e-05,1.16660632173891
VPS54,5.40939418921135e-05,1.1664795212962
CD58,0.000304322214886586,1.16646948337861
ECI2,0.0021264680985075,1.16627238544385
ZBBX,0.000950023015463824,1.1656683008987
ZBTB11,5.84469657194448e-05,1.16391870876779
FAHD1,1.33015119071939e-05,1.16294101767026
SMAD1,7.66791951436982e-06,1.16293754114687
NFU1,0.000155417434092893,1.16282077564323
AMIGO2,0.00471181408107217,1.16226179235152
LRRC37A3,0.000388777524229642,1.16171670750982
SEC24B,0.000203748062321571,1.16170089232294
TMEM263,0.000214403035952396,1.16165548761059
MAGT1,8.52833044457858e-05,1.16158154414537
BCLAF3,3.14456448792458e-05,1.16109919582075
MAMDC2,0.0198394895452211,1.160550387101
SLC16A1,0.00108951606206367,1.15917601493015
PJVK,3.91513729566198e-05,1.15873607574653
GGTA1,0.00732459503518899,1.15792019660649
SERAC1,9.52256055031518e-06,1.15736983828172
XK,1.94549509720261e-06,1.15716095707175
PARM1,0.00518489080780076,1.15677162361701
RAB23,1.72794311385771e-05,1.15674049543991
FERMT2,0.000520538919862977,1.15610910161887
RAPH1,0.000207067378771622,1.15578856336465
PAM,0.000148174354181573,1.1557373704228
TTC8,7.78099168885759e-06,1.15571883454981
ZNF552,0.000531159903885515,1.15504819671391
RHOQ,0.000525761179412736,1.15455276804452
ZFP1,1.57041415334653e-05,1.15453094103263
ATP10D,0.000424793681262966,1.15416126623345
ELP3,0.0143178262616617,1.15377909611508
ECPAS,9.77471913586696e-05,1.1531443576835
NLGN4X,0.000360744204566265,1.15267392974735
COQ5,3.41831109244202e-05,1.15237626873195
FBXL4,2.15093795094403e-05,1.15158834113041
TASOR,2.64332827426e-05,1.15102191999053
TRIP4,4.74113368257774e-05,1.15030800744425
TBCCD1,1.8830771748369e-05,1.15030190490906
BLOC1S2,0.000129047936478356,1.14906911930821
BMT2,2.74676779723724e-05,1.14837263829245
NOP58,0.00127161354650404,1.14827253116566
IFIT3,1.64055237071857e-05,1.14729532198025
HMGCR,0.0163603093657371,1.14702657930637
CAAP1,1.52808530251104e-05,1.14700208347956
LYPLA1,0.00117926678560124,1.14630814791041
POLK,8.14508416776988e-06,1.14623757948753
ZNF468,0.00013077267816616,1.1458744387334
VPS4B,1.56478882156087e-05,1.14531197379753
OARD1,3.63786533892667e-06,1.1452799798094
MTO1,2.08526063286827e-05,1.14453778738669
ROBO1,2.18200464853787e-05,1.14419013500149
NPTN,1.62027644180014e-05,1.14388738055731
ALMS1,1.23626160811193e-06,1.14272959868248
CAV2,0.000127880152224593,1.14257176805221
IL13RA1,3.05504565275644e-05,1.14234456412185
TIGAR,5.16817943730626e-05,1.14210393110649
DENND4C,5.38434167802316e-05,1.14206091282346
FLVCR1,9.69470255074336e-06,1.14205286886438
ZNF600,0.0129892176155822,1.14161259244864
ERRFI1,0.0309903252994551,1.14156585268548
SULT1C2,9.06305938357044e-07,1.14128851474099
ALG13,4.51625310092657e-05,1.14097479273165
ESRP1,0.000374095044648435,1.140722120729
KYAT3,7.46139219587143e-05,1.13998805778049
C1GALT1C1,7.13591056222614e-05,1.13967285634188
NFIA,8.59570057216887e-05,1.13948910170283
ATP2C1,5.52315569535505e-05,1.13945672713297
FAM228B,1.00779111319885e-05,1.13943870312233
AGBL2,4.72649548566011e-05,1.13926916604285
INVS,7.89128345774474e-06,1.13894984545262
DNAJB14,0.000217302277730267,1.13843439367245
RBM4,5.03761326933718e-05,1.13817551440115
KIN,5.97221318205564e-06,1.13779649756601
ZNF14,9.59274560095088e-07,1.13776640608965
SUCO,8.59570057216887e-05,1.13718658929557
RDH11,2.09154723673525e-05,1.13667129275556
MSH2,0.00181398701498475,1.13651329759215
TTC33,8.46219098494715e-05,1.13647825861829
SELENOF,0.00047091860361437,1.13549720261266
RRN3,0.000280192483228162,1.13530094937877
SMG1,0.00216144869601321,1.13445568853536
TRAPPC2,4.8249313523255e-06,1.13396225889896
ACOT13,0.000232358104197699,1.13389327468769
SNORA25,0.00253002203240434,1.13361392699043
IQGAP2,0.000174200212503363,1.13348794616259
ATP1B1,0.00979270805580169,1.13323196897805
PLPP6,8.04808683717628e-05,1.13213610357562
IFI16,0.00030620178282066,1.13183713452101
TBC1D32,6.79585792062983e-08,1.13177367760034
GSKIP,0.000271984251361509,1.13174157304433
SLC38A9,2.17913620572056e-05,1.13147419723552
NFXL1,0.000135012529694437,1.13117726928445
ANKRD6,2.97921953964981e-06,1.13107147837044
PITPNA-AS1,5.04808461690599e-06,1.13032784127025
ZFAND1,0.000268798951951872,1.1299936027314
WIF1,8.7292592156549e-05,1.12971820890916
PSORS1C3,0.044029686042886,1.12959872081469
KRIT1,0.000427715040939292,1.12937759506253
GCH1,0.00175319093726405,1.12841162733439
FAM13B,0.000209488091976876,1.12829200451605
WBP4,1.28331087521647e-05,1.12816347481327
CWC27,2.19069017529578e-05,1.12701382545356
PKN2,0.000340372827731788,1.12695709468693
ZNF750,0.0113618216846182,1.12612790679932
FAM13C,0.00231372936463643,1.12588059380376
SACS,0.000455925448761104,1.12416368145883
COL21A1,0.0134851858703366,1.12373777282885
YEATS4,4.64065854121711e-06,1.12323877057337
ZNF700,0.000394667761478872,1.12315626171027
VPS36,0.000130187159410257,1.12311299207602
CNOT7,7.3196860815992e-06,1.122934023902
TENT5A,0.00135533716146465,1.12278540672874
EBLN3P,0.000353262131571344,1.12274455195973
UCHL3,0.000119930584816266,1.12197161149031
ZNF720,2.92539661257673e-06,1.12103161872236
PLPPR4,6.47708017840567e-05,1.120233153293
POP5,4.98600870997974e-05,1.12005994943247
STRBP,1.54807196158968e-05,1.11981343014969
HAUS3,3.14986497559658e-05,1.11905705087597
ZNF57,0.000147318956423752,1.11891317035427
ZC3H7A,2.28766344272256e-05,1.11755418731976
HIGD1A,2.01347691432613e-05,1.11745337599803
SLC35A5,0.00119608822154799,1.11702541057658
PALB2,2.60293528975093e-05,1.11659694262143
HAUS1,0.000660990481769822,1.11649669020511
ASNSD1,0.000172853924831888,1.11628895069877
ZBTB8OS,3.9614912968661e-05,1.11626918294937
CDO1,0.000147258905748705,1.11602070093074
RP9,1.1610255056266e-05,1.11589454653231
SCAPER,9.0293727750755e-06,1.11577230345645
EP300,5.29062650685312e-06,1.11507890819831
PPP4R2,6.92864929894248e-05,1.11497813919845
DYNLRB2,0.000797377221875937,1.11494187006362
ZNF260,6.78631017376039e-05,1.11489917809067
WDR44,1.10853182946447e-05,1.11468645536037
FBXO11,0.000200297340832901,1.11419618897407
SYBU,0.0125125351180622,1.11401451382712
RMI1,6.84185873630064e-05,1.11271515256289
LNPK,2.55482064509325e-06,1.1121346710125
DOCK4,0.000404759744643306,1.11186774828585
TMEM251,8.17973906972679e-05,1.11136324305367
ST6GAL2,0.000800249200732873,1.11126667969614
C11orf97,6.88430046177377e-06,1.11106619001645
CMPK2,2.72734568749489e-05,1.11057950313598
FAM13A,0.000222398638317742,1.11015176695167
ABHD5,1.73443756956934e-05,1.10990568603771
CSRP2,0.0053873293472541,1.10983008169577
OSBPL9,0.00394062887178055,1.10968823503661
CCDC28A,6.57117059332142e-05,1.10957643063481
PRPF18,0.00010387122101791,1.10948762090309
C1orf131,5.82504422968783e-05,1.10932993876787
KMT2E,0.000475997614325249,1.10820251484714
EML1,6.19523810114962e-05,1.10794929488199
ATR,0.000593423851063184,1.10754509665757
UTP20,1.58273632289975e-05,1.10667438372227
FRRS1,0.000146727473243168,1.10502448171768
ARMCX1,4.51687765149533e-05,1.10485872748394
P4HA1,0.000225869340169261,1.10477509246722
,0.0116201447369408,1.10447545919602
TBC1D8B,1.26730164998337e-06,1.10415592605169
EEF1AKMT2,1.61414769060082e-05,1.10325017187776
PLEKHF2,0.00058894582543634,1.10313720925358
LINC00888,2.51744291184695e-06,1.10306475018927
EZH2,0.00117729149264456,1.10304011217119
TMTC3,1.83459665343451e-05,1.10282021448645
RP2,1.42025326562081e-05,1.10232609513795
CCPG1,0.000473090997235161,1.10222718350202
LGR5,0.00103365833042328,1.10215468611004
LRIG3,0.00649223146246937,1.10197796479951
ARPC2,8.49056002909426e-06,1.10177548624411
CAT,0.000148538734110075,1.10149652434545
HAND2-AS1,0.0112243008210331,1.10129389494896
RALA,4.73651707995823e-05,1.10106222896423
SLC25A46,4.95845961963273e-05,1.10016239774054
PRTFDC1,0.000198215563230315,1.10005089957141
FXYD5,0.000888270372841184,-1.10017283188193
SHKBP1,1.55362347326752e-05,-1.10039968060329
CRYGEP,5.20731890627884e-06,-1.10053187920301
GAL3ST1,0.000126637404645041,-1.10092845226132
UNC93B1,1.36278413505222e-05,-1.10266211838467
NPPA,1.35110499144038e-06,-1.10293572257308
MYBL2,7.48062880658167e-06,-1.10560298814162
SLC22A12,9.30848531169917e-06,-1.10677202887834
PDLIM7,0.000202559388128326,-1.10878354896753
FJX1,0.0178662833197452,-1.10946455782196
ADAMTS10,3.32290685056664e-06,-1.1117915195177
DMTN,7.65987056156257e-06,-1.1148098621091
GAST,0.0472336877546696,-1.11535181523476
LOC100129573,6.58290529266598e-05,-1.11551282497896
TMIGD2,0.000109985880333147,-1.11655728056785
PI16,6.4194917305696e-06,-1.11688088595022
PAK4,8.06388781795012e-07,-1.1183642806169
WNT8B,1.01580715957817e-05,-1.12071725641913
COL6A1,6.95587928173296e-06,-1.12116150401836
SNAPC2,5.77042926544246e-05,-1.12126100350319
MLXIPL,5.36501550090468e-06,-1.12315554465115
B3GNT8,1.37707695492435e-05,-1.12356655816048
PDZD7,6.90957401222874e-07,-1.12403043484806
JSRP1,2.29162200348602e-05,-1.12404746661245
SSC5D,0.000260458007423231,-1.12552766373307
LINC01913,0.00241600096349475,-1.1257126816154
DUOXA2,2.17975249078451e-05,-1.12678079375401
FOLR2,0.000113877669214151,-1.12866388120055
GPSM3,6.4194917305696e-06,-1.12896569115019
EBI3,7.84846437605412e-05,-1.13121410615665
IHH,9.64741342717894e-05,-1.13364496979156
LINC02753,7.05670899425259e-06,-1.13373550483654
SCAF1,7.10404666454707e-06,-1.13382848000092
LAD1,1.37859336803411e-05,-1.13406105991409
HMX1,1.05130523583562e-05,-1.13413198351142
HSPG2,1.5938660870191e-06,-1.13436689873051
PLTP,0.000310698868235774,-1.13669297304739
KRT86,0.00155126887299293,-1.13715346136981
TTYH3,5.52315569535505e-05,-1.13761557418369
CPNE7,4.35610706855752e-06,-1.13917585867734
PLEC,6.88430046177377e-06,-1.13928153896411
INKA1,1.49937587712026e-05,-1.14000235370014
TLCD3B,3.54475835839695e-05,-1.14011931799989
ASPDH,1.31719782385478e-05,-1.14060588794855
IRX5,0.00291941814572744,-1.14175004614414
GIPC1,1.01163814684353e-06,-1.14264571943769
CD33,9.13384925331403e-06,-1.1429537008598
SBNO2,5.27754032028954e-05,-1.14311201095895
PRR12,0.00021066411822298,-1.14627965059744
CYP2A13,9.0293727750755e-06,-1.14662412658801
LINC01676,6.40918582949237e-05,-1.1486656158567
GADD45B,0.0102882235023813,-1.14929311487928
SEZ6,2.61212622938323e-07,-1.14948758858569
MCHR2-AS1,2.29970404614163e-05,-1.15016190539751
TNFSF12,6.27586495175147e-05,-1.15177588806707
CTXN1,0.000223639046382667,-1.15315399998923
RHOD,4.03299167377606e-06,-1.15428284334646
FAM167B,0.000160414650995051,-1.15475670577728
USP5,2.11901970701157e-07,-1.15492750288439
ADCY8,6.500976797716e-06,-1.15529555004222
LOC102724929,4.89431898640068e-06,-1.15547553545082
TRAJ28,4.27135973289482e-05,-1.15747160231294
MUC8,8.84630675458244e-06,-1.15874820899341
WFDC1,0.00332907313929999,-1.15971228628861
PTMS,6.500976797716e-06,-1.16027872220908
SERINC2,1.72169387375148e-05,-1.16076430660164
CCDC92B,7.3196860815992e-06,-1.16113811888882
STING1,1.27474969767222e-05,-1.16130316523625
SLCO4A1,0.000683440325773096,-1.16202893341797
RHOB,0.00319981843280293,-1.16252561048632
MDFI,1.36278413505222e-05,-1.16416774747419
CENPB,0.000260315653588501,-1.16548096879466
HDAC7,1.39017419023443e-06,-1.1673194954999
STRN4,1.69203926634055e-05,-1.1701730801126
TLE2,0.000315349196172353,-1.17125342706535
PRF1,0.00823502655112929,-1.17455327385004
IL17C,1.35456063287487e-05,-1.17533442811061
HNRNPCL1,5.77541879989536e-05,-1.17542966972436
LINC00957,7.60838782357885e-07,-1.17545654374331
PPT2,5.36501550090468e-06,-1.17626556169021
NR1D1,2.34641951912781e-06,-1.17670775784694
GPBAR1,0.000118530157900466,-1.1770293427644
LOC105376287,5.90717911987528e-06,-1.17943604577702
LRRC32,0.00321318018261049,-1.17977096683104
PLVAP,0.000118104945904328,-1.18369818323875
EML3,2.07064541042417e-06,-1.18702128378382
FCGBP,0.0133533634012109,-1.18742395872093
SSC4D,1.27675059449005e-05,-1.18946650178709
UBALD1,3.96676136534117e-06,-1.18994467084643
CTF1,7.34368154252685e-06,-1.19412526947233
FAM110D,5.59390900606196e-05,-1.19596174570559
PTMAP4,2.72630604329945e-05,-1.1972338619381
ADAM3B,9.59851824933659e-06,-1.19770673040794
GLI1,7.05670899425259e-06,-1.1980178861966
SIRPB1,8.85250030184487e-06,-1.19976895667295
RBMY2MP,4.43565216012212e-05,-1.20046387433778
APOC1P1,0.000529512674403145,-1.20472084255047
CCN1,0.0321876049988324,-1.20817788784025
IL34,8.84101993260302e-06,-1.20837994201671
KMT5C,2.34641951912781e-06,-1.21036248874409
ZFPM1,6.13188822139622e-05,-1.21204435309642
ITGA3,6.1295958616542e-05,-1.21379349553543
WNT10B,6.2760506289732e-06,-1.2177546496162
TNK1,3.27119025765485e-07,-1.21961845563021
RARG,2.51751895010595e-07,-1.21964991744463
TAGLN,0.000913263585827064,-1.22036987085211
BCL3,2.08526063286827e-05,-1.22158705133063
KIR3DX1,1.60047883167948e-05,-1.222382212569
CNN1,0.00583376855602521,-1.22293963581412
EXOC3L2,9.06305938357044e-07,-1.22332734204041
IER3,0.00156564920539773,-1.22421603833967
PMCHL1,0.000162845737781318,-1.22713780722206
EPN1,1.70134264669738e-06,-1.23021250522808
APOD,0.000237639233796233,-1.23181388828572
SORBS3,2.25753630306155e-06,-1.23941020151275
SOX9,0.0100526732341428,-1.24139001355214
SOX18,0.00311013787578051,-1.2454325370149
HMOX1,0.00446980530694583,-1.24682133879834
TRAPPC1,5.67521254513462e-05,-1.24722285549695
RGMA,5.17838360212363e-05,-1.24871891247558
CYP11B2,8.85250030184487e-06,-1.24911166725689
SPRED3,8.85776430095921e-06,-1.25252370929957
PNPLA2,7.86449316556968e-07,-1.25650031488515
SPTAN1,2.94801910139082e-09,-1.25729356492036
RAB1B,5.18159977347562e-05,-1.25865905040198
STXBP2,3.36578784495828e-06,-1.26174666648332
KCNMB1,5.11397646323161e-05,-1.26487245127248
SOCS3,0.000773157810901205,-1.26549534068647
NRM,1.7199964832466e-05,-1.26617370343599
LILRB3,8.83391524182004e-07,-1.26642883596956
KLK11,0.0208903511868526,-1.27261204479859
FHL3,1.72794311385771e-05,-1.27332545909009
TGFB1,6.02623116920642e-05,-1.28187852043894
GUCA2A,4.64105238343013e-07,-1.29997131262388
ARC,0.00784280251617183,-1.30067069534766
CCL21,0.0143287808593289,-1.30668365528514
RAVER1,5.92895956722984e-06,-1.30971151609183
TRIM28,2.70060541821834e-06,-1.31227258464547
SH3BP1,1.1870408506155e-06,-1.31532678103833
MUC5B,0.0243549877212126,-1.3179366576819
CDA,0.00148088630212189,-1.32367891701419
MTSS2,9.5151460986487e-06,-1.32413852602411
CDC42EP1,2.66980900198055e-05,-1.32710792653444
BRSK1,2.90332580124596e-06,-1.3287107127167
TMEM119,0.00541838490070206,-1.33701954254607
BGN,0.000489793168316354,-1.33856581202371
LIF,0.00570083670437309,-1.34846362145764
ZNF385A,1.59284817578051e-06,-1.34865918496722
SPINK1,0.0112200108934214,-1.35266149509498
BBC3,8.85422125439672e-06,-1.35666294156842
ZNF580,2.39964276243214e-05,-1.37105832234945
NR4A1,0.0188889794086206,-1.37422127517877
SH2B2,9.78550154402894e-07,-1.37558322422066
AP2A1,3.62016374811614e-06,-1.38041762914909
KIR2DS4,0.000856030704202236,-1.38384420835151
CFL1,8.00696033593812e-09,-1.38532735252431
IRF2BP1,2.51744291184695e-06,-1.39704994613723
CRABP2,0.00103855895645778,-1.40092314517387
RAB3IL1,6.32388402250603e-07,-1.40240734022461
SF3A2,0.000254620005770093,-1.41175499884413
FOSL1,0.0203025297761798,-1.42203017311183
BTBD2,1.72050567824162e-06,-1.42341080764899
SLC4A2,5.0728718061614e-06,-1.42533718231672
PKM,5.0728718061614e-06,-1.42777967521473
GPX3,0.0293989178608196,-1.44357460918937
LYPD3,0.00208594437324198,-1.44805081775993
PAEP,0.0457549426996229,-1.45317882528564
SF3B4,2.51751895010595e-07,-1.48571468893647
ZYX,1.0393276737211e-06,-1.48591699660011
EPHX1,1.13244281978439e-05,-1.48638920328871
EGR1,0.00339776031737171,-1.50650753434754
RNF39,4.01608265994664e-06,-1.5120551253373
PRB3,7.951728268064e-06,-1.52664245370222
CYP4F12,3.77638754801002e-06,-1.53536380727776
CD37,7.28557451146799e-05,-1.53885336872732
SOD3,0.000510904031780983,-1.5594105569067
IL2RG,6.47410465121952e-05,-1.58490860034611
FKBP8,7.15504850624423e-06,-1.60021120326186
CD74,5.97221318205564e-06,-1.68083644188004
BPIFB1,0.0309615994672782,-1.68572149244039
PRKCSH,1.96286962399607e-07,-1.69640127459077
ZFP36,9.77381665899502e-05,-1.69731137293516
BANF1,1.66049134632163e-09,-1.73786918791736
PLA2G2A,0.0135370946681514,-1.73824023889977
IGLV2-14,2.51751895010595e-07,-1.74623842928346
ACKR1,0.00205287350192647,-1.75380947880363
JUNB,2.06310368580538e-05,-1.79875131721014
CTSW,0.000942213334423684,-1.85177715042844
IER2,9.53804639134794e-06,-1.87195439523992
HSPB6,5.69323061219351e-05,-1.87529250198215
FOS,0.00187489233160644,-2.66331124530507
FOSB,0.00105824513194249,-2.98943681901223
